cx,cy,cz,A2,a,b,theta,R3,R4,E,E_t1,E_t2,E_i01,E_i02,E_ip1,E_ip2,E_ip3,E_ip4,E_it1,E_it2,E_it3,E_it4,machine_type,status,file_name
1.5,-0.8,13.3,0.0,7.4,5.8,25.5,2.1,1.9,-5.249217786476947,,,-1.097403293242678,-1.5088277145987377,-0.092080817441456,-0.3034763862378895,-0.0398142545018345,-0.3507554996758699,-0.0769352359930053,-0.1514564410899765,-1.9996359162032604,-1.3250112103414722,2,Done,tetracene_a=7.4_b=5.8_theta=25.5_R3=2.1_R4=1.9_A2=0.0_cx=1.5_cy=-0.8_cz=13.3.log
1.5,-0.8,13.2,-0.5,7.3,5.9,25.5,2.1,1.9,-5.212848561874125,,,-0.960885982727632,-1.5647401107707992,-0.0940110380761325,-0.3114984742132947,-0.0425991440424695,-0.3316051494330168,-0.0819854364381171,-0.1598512698546983,-1.909862452943344,-1.4084794530062936,2,Done,tetracene_a=7.3_b=5.9_theta=25.5_R3=2.1_R4=1.9_A2=-0.5_cx=1.5_cy=-0.8_cz=13.2.log
1.5,-0.8,13.1,-1.0,7.4,5.9,25.5,2.1,1.9,-5.180979839118663,,,-0.6916779174935073,-1.6160152078373358,-0.0989445218583569,-0.3500727687496692,-0.0475627479609102,-0.3329517857637256,-0.08522903569974,-0.1637236340320669,-1.880113459075801,-1.4833012354793027,2,Done,tetracene_a=7.4_b=5.9_theta=25.5_R3=2.1_R4=1.9_A2=-1.0_cx=1.5_cy=-0.8_cz=13.1.log
1.5,-0.8,13.2,-1.5,7.4,5.9,25.5,2.1,1.9,-5.374762457155157,,,-1.0922075104899704,-1.67639171006158,-0.0911847330862656,-0.3464206603821367,-0.0437223868211731,-0.3092344178585335,-0.0807448492269031,-0.1562550101079978,-1.9528312003822064,-1.4053506880882196,1,Done,tetracene_a=7.4_b=5.9_theta=25.5_R3=2.1_R4=1.9_A2=-1.5_cx=1.5_cy=-0.8_cz=13.2.log
1.5,-0.8,13.2,-2.0,7.4,5.9,25.5,2.1,1.9,-5.402603821072262,,,-1.114597067120485,-1.7142544083762914,-0.0897326749982312,-0.3663415929768234,-0.0443812722805887,-0.2988604228012264,-0.0806883734185248,-0.1560372640960849,-1.9447494990890848,-1.4070449651917445,1,Done,tetracene_a=7.4_b=5.9_theta=25.5_R3=2.1_R4=1.9_A2=-2.0_cx=1.5_cy=-0.8_cz=13.2.log
1.5,-0.8,13.2,-2.5,7.4,5.9,25.5,2.1,1.9,-5.416191294847522,,,-1.1217381310416386,-1.7380470775533468,-0.0882530063390731,-0.3878099650610238,-0.0451242441777139,-0.2889118790626526,-0.0806055420543998,-0.1557705723680555,-1.93669603561284,-1.4081769931945018,1,Done,tetracene_a=7.4_b=5.9_theta=25.5_R3=2.1_R4=1.9_A2=-2.5_cx=1.5_cy=-0.8_cz=13.2.log
1.4,-0.9,13.2,0.0,7.4,5.8,25.5,2.1,1.9,-5.072108108957764,,,-0.5023543855641037,-1.444934646366164,-0.1017105858772993,-0.3068172493949532,-0.0476179687539115,-0.3505258309887722,-0.0846611391170881,-0.1611144475173205,-2.032711968291551,-1.416640220559202,2,Done,tetracene_a=7.4_b=5.8_theta=25.5_R3=2.1_R4=1.9_A2=0.0_cx=1.4_cy=-0.9_cz=13.2.log
1.4,-0.9,13.1,-0.5,7.3,5.9,25.5,2.1,1.9,-4.941452996747103,,,-0.1291365380166098,-1.4684022654546425,-0.1038491398794576,-0.3143147388473153,-0.0510353881400078,-0.3310905911494046,-0.090339477173984,-0.169949788309168,-1.9775902347173544,-1.5046591658028774,2,Done,tetracene_a=7.3_b=5.9_theta=25.5_R3=2.1_R4=1.9_A2=-0.5_cx=1.4_cy=-0.9_cz=13.1.log
1.4,-0.9,13.0,-1.0,7.4,5.9,25.5,2.1,1.9,-4.744911844667513,,,0.4482190978014841,-1.4859386598691344,-0.1094415090046823,-0.3520368749741465,-0.0574548156000673,-0.3324158922769129,-0.0939533071359619,-0.1741227298043668,-1.9561802211683244,-1.57612125959713,2,Done,tetracene_a=7.4_b=5.9_theta=25.5_R3=2.1_R4=1.9_A2=-1.0_cx=1.4_cy=-0.9_cz=13.0.log
1.4,-0.9,13.1,-1.5,7.4,5.9,25.5,2.1,1.9,-5.18432760523865,,,-0.3902083084685728,-1.6812636977992952,-0.1004781562369316,-0.348698521964252,-0.0527334304060786,-0.3087587653426453,-0.0888968316139653,-0.1661897483863867,-1.9883539138827475,-1.4998166712466627,1,Done,tetracene_a=7.4_b=5.9_theta=25.5_R3=2.1_R4=1.9_A2=-1.5_cx=1.4_cy=-0.9_cz=13.1.log
1.4,-0.9,13.1,-2.0,7.4,5.9,25.5,2.1,1.9,-5.250042334955651,,,-0.4525238163769245,-1.7586971767013893,-0.098765054019168,-0.3682881291024387,-0.0536734402412548,-0.2983797499909997,-0.0888133729458786,-0.1659845526446588,-1.9785597378504465,-1.50152098829858,1,Done,tetracene_a=7.4_b=5.9_theta=25.5_R3=2.1_R4=1.9_A2=-2.0_cx=1.4_cy=-0.9_cz=13.1.log
1.4,-0.9,13.1,-2.5,7.4,5.9,25.5,2.1,1.9,-5.289297477516811,,,-0.4836897279601544,-1.8137574138818309,-0.0970594816608354,-0.3895895835012197,-0.0546573761384934,-0.28844626666978,-0.0887041859677992,-0.1657304111286066,-1.9686375496676192,-1.5026254058466293,1,Done,tetracene_a=7.4_b=5.9_theta=25.5_R3=2.1_R4=1.9_A2=-2.5_cx=1.4_cy=-0.9_cz=13.1.log
1.4,-0.9,13.3,0.0,7.4,5.8,25.5,2.1,1.9,-5.126828863285482,,,-0.872811189154163,-1.4774948853300884,-0.0946724336827173,-0.2878827627282589,-0.043242969084531,-0.3365185526199639,-0.0800997688784264,-0.1537142220186069,-2.014623992552515,-1.322079483536072,2,Done,tetracene_a=7.4_b=5.8_theta=25.5_R3=2.1_R4=1.9_A2=0.0_cx=1.4_cy=-0.9_cz=13.3.log
1.4,-0.9,13.2,-0.5,7.3,5.9,25.5,2.1,1.9,-5.141969424672425,,,-0.6596196866594255,-1.5319552232977005,-0.0968611886491999,-0.2952622803859412,-0.0462713323067873,-0.3182090658228844,-0.0854536842671223,-0.1621969022089615,-1.999834209273104,-1.420395240362268,2,Done,tetracene_a=7.3_b=5.9_theta=25.5_R3=2.1_R4=1.9_A2=-0.5_cx=1.4_cy=-0.9_cz=13.2.log
1.4,-0.9,13.1,-1.0,7.4,5.9,25.5,2.1,1.9,-5.087663454643916,,,-0.2858483752934262,-1.5834010030375794,-0.1021824734052643,-0.3308797479839995,-0.0518536613089963,-0.3196335136890411,-0.0889470324036665,-0.1663485083845444,-1.997942266811151,-1.4975262596854009,2,Done,tetracene_a=7.4_b=5.9_theta=25.5_R3=2.1_R4=1.9_A2=-1.0_cx=1.4_cy=-0.9_cz=13.1.log
1.4,-0.9,13.2,-1.5,7.4,5.9,25.5,2.1,1.9,-5.288001669512596,,,-0.8357429185416549,-1.6705671622185037,-0.0939194217789918,-0.3273355714045465,-0.0475614928873255,-0.2968084649182856,-0.0841704264166764,-0.1586966514587402,-1.999398089770693,-1.409768985991832,1,Done,tetracene_a=7.4_b=5.9_theta=25.5_R3=2.1_R4=1.9_A2=-1.5_cx=1.4_cy=-0.9_cz=13.2.log
1.4,-0.9,13.2,-2.0,7.4,5.9,25.5,2.1,1.9,-5.326592279539909,,,-0.8699120929231867,-1.7162674604915082,-0.0924322229111567,-0.3452509819762781,-0.0483295652084052,-0.2868210157612338,-0.0841126954182982,-0.1585140460520051,-1.993101654574275,-1.4113572138594463,1,Done,tetracene_a=7.4_b=5.9_theta=25.5_R3=2.1_R4=1.9_A2=-2.0_cx=1.4_cy=-0.9_cz=13.2.log
1.4,-0.9,13.2,-2.5,7.4,5.9,25.5,2.1,1.9,-5.344901138741989,,,-0.8807127950713038,-1.7445355309173465,-0.090933729079552,-0.3648154888069257,-0.0491679185070097,-0.2772954138927161,-0.0840273540234193,-0.1582837498281151,-1.9865504502085969,-1.4123091465444304,1,Done,tetracene_a=7.4_b=5.9_theta=25.5_R3=2.1_R4=1.9_A2=-2.5_cx=1.4_cy=-0.9_cz=13.2.log
1.4,-0.9,13.4,0.0,7.4,5.8,25.5,2.1,1.9,-5.049596815428231,,,-1.075452993507497,-1.4584662721026689,-0.0881287594093009,-0.2699372317874804,-0.0392331802286207,-0.3229542967164889,-0.0757787351612933,-0.1465825709165074,-1.9739588344818912,-1.2261903079925105,2,Done,tetracene_a=7.4_b=5.8_theta=25.5_R3=2.1_R4=1.9_A2=0.0_cx=1.4_cy=-0.9_cz=13.4.log
1.4,-0.9,13.3,-0.5,7.3,5.9,25.5,2.1,1.9,-5.17095034715021,,,-0.9835805093171076,-1.5341540183871984,-0.0903513998491689,-0.2771435566246509,-0.0420193246100097,-0.3057040467392653,-0.0808352107414975,-0.1547169830882921,-1.990798692917452,-1.3281230326392688,2,Done,tetracene_a=7.3_b=5.9_theta=25.5_R3=2.1_R4=1.9_A2=-0.5_cx=1.4_cy=-0.9_cz=13.3.log
1.4,-0.9,13.2,-1.0,7.4,5.9,25.5,2.1,1.9,-5.224417336052284,,,-0.7682742981705815,-1.6083144049625844,-0.0953990902053192,-0.3107931528938934,-0.0468762519303709,-0.3072401910321787,-0.0842055667890235,-0.1588353311526589,-2.005383280280512,-1.4075444632326253,2,Done,tetracene_a=7.4_b=5.9_theta=25.5_R3=2.1_R4=1.9_A2=-1.0_cx=1.4_cy=-0.9_cz=13.2.log
1.4,-0.9,13.3,-1.5,7.4,5.9,25.5,2.1,1.9,-5.2455123395775445,,,-1.0961445082211867,-1.6172965832520276,-0.0878162592416629,-0.3071197090903297,-0.0430308706127107,-0.2851844696560874,-0.0796975349658168,-0.1514664813294075,-1.9816138290334493,-1.3144382942118682,1,Done,tetracene_a=7.4_b=5.9_theta=25.5_R3=2.1_R4=1.9_A2=-1.5_cx=1.4_cy=-0.9_cz=13.3.log
1.4,-0.9,13.3,-2.0,7.4,5.9,25.5,2.1,1.9,-5.264684025372844,,,-1.110732860630378,-1.6400337805971503,-0.0865235888632014,-0.3236897382885217,-0.043613199959509,-0.2755747814662754,-0.0796554918051697,-0.1513052111840807,-1.9778324537328444,-1.3158068937482312,1,Done,tetracene_a=7.4_b=5.9_theta=25.5_R3=2.1_R4=1.9_A2=-2.0_cx=1.4_cy=-0.9_cz=13.3.log
1.4,-0.9,13.3,-2.5,7.4,5.9,25.5,2.1,1.9,-5.269131816399749,,,-1.1089984229765832,-1.649912042892538,-0.0851995428092777,-0.3415838134242221,-0.0442771057132631,-0.2665009869961068,-0.0795889758155681,-0.1511000155005604,-1.9736783374683,-1.3165285302093253,1,Done,tetracene_a=7.4_b=5.9_theta=25.5_R3=2.1_R4=1.9_A2=-2.5_cx=1.4_cy=-0.9_cz=13.3.log
1.4,-0.8,13.2,0.0,7.4,5.8,25.5,2.1,1.9,-5.0932919054466765,,,-0.6140900711761788,-1.3574748126557097,-0.098291911301203,-0.3355534424772486,-0.045725398696959,-0.3729888063971884,-0.0836709283175878,-0.1654279513168148,-2.04718925151974,-1.3849415529402904,2,Done,tetracene_a=7.4_b=5.8_theta=25.5_R3=2.1_R4=1.9_A2=0.0_cx=1.4_cy=-0.8_cz=13.2.log
1.4,-0.8,13.1,-0.5,7.3,5.9,25.5,2.1,1.9,-4.911222075286787,,,-0.2295983788790181,-1.3474810883635655,-0.1002284071873873,-0.3440034920349717,-0.0488516535842791,-0.351706804940477,-0.0892438446171581,-0.1746103050536476,-1.9620806977618488,-1.4743523153592832,2,Done,tetracene_a=7.3_b=5.9_theta=25.5_R3=2.1_R4=1.9_A2=-0.5_cx=1.4_cy=-0.8_cz=13.1.log
1.4,-0.8,13.0,-1.0,7.4,5.9,25.5,2.1,1.9,-4.682071111164987,,,0.3691139321308583,-1.3266025757184252,-0.1055158063536509,-0.3868762302445248,-0.0547552676871418,-0.3529781399993226,-0.0928231617435813,-0.1788428600993938,-1.9322313021402808,-1.5493667432456275,2,Done,tetracene_a=7.4_b=5.9_theta=25.5_R3=2.1_R4=1.9_A2=-1.0_cx=1.4_cy=-0.8_cz=13.0.log
1.4,-0.8,13.1,-1.5,7.4,5.9,25.5,2.1,1.9,-5.153225699439645,,,-0.4118624236434698,-1.59314372332301,-0.0969741403823718,-0.3834977162769064,-0.0502949265064671,-0.3276116757187992,-0.0878457524231635,-0.1706318917567841,-1.9943322016624727,-1.4687235506717116,1,Done,tetracene_a=7.4_b=5.9_theta=25.5_R3=2.1_R4=1.9_A2=-1.5_cx=1.4_cy=-0.8_cz=13.1.log
1.4,-0.8,13.1,-2.0,7.4,5.9,25.5,2.1,1.9,-5.21788621210726,,,-0.4478714573197067,-1.6912649520672858,-0.0953401044243946,-0.4058195020770654,-0.0511307697743177,-0.3164558029966429,-0.087774216197431,-0.1703940654406324,-1.9850117955938915,-1.4707648405455984,1,Done,tetracene_a=7.4_b=5.9_theta=25.5_R3=2.1_R4=1.9_A2=-2.0_cx=1.4_cy=-0.8_cz=13.1.log
1.4,-0.8,13.1,-2.5,7.4,5.9,25.5,2.1,1.9,-5.262309527606703,,,-0.4638516269624233,-1.7683394951745868,-0.0936997932149097,-0.4295757757499814,-0.0520243440987542,-0.3058006832143292,-0.0876775797223672,-0.1701054109144024,-1.9756819768808784,-1.4721987008815631,1,Done,tetracene_a=7.4_b=5.9_theta=25.5_R3=2.1_R4=1.9_A2=-2.5_cx=1.4_cy=-0.8_cz=13.1.log
1.4,-0.8,13.3,0.0,7.4,5.8,25.5,2.1,1.9,-5.166106597171165,,,-0.9547627400606872,-1.421884949086234,-0.0915838294895365,-0.3147113252198323,-0.0415348868118599,-0.3579480192856863,-0.079175446764566,-0.1578074698918499,-2.0475506973452866,-1.2903601081925444,2,Done,tetracene_a=7.4_b=5.8_theta=25.5_R3=2.1_R4=1.9_A2=0.0_cx=1.4_cy=-0.8_cz=13.3.log
1.4,-0.8,13.2,-0.5,7.3,5.9,25.5,2.1,1.9,-5.141447336704005,,,-0.7315473930211738,-1.452862607780844,-0.09358056623023,-0.3229831621283665,-0.0444126478396356,-0.3379153901478275,-0.0844314703717827,-0.1666158277075737,-2.011056598217692,-1.387692556832917,2,Done,tetracene_a=7.3_b=5.9_theta=25.5_R3=2.1_R4=1.9_A2=-0.5_cx=1.4_cy=-0.8_cz=13.2.log
1.4,-0.8,13.1,-1.0,7.4,5.9,25.5,2.1,1.9,-5.063461962796282,,,-0.34269827126991,-1.4771773654501883,-0.0986094315303489,-0.3628218894591555,-0.0495268543018028,-0.3393436027690768,-0.0878896782523952,-0.1708251647651195,-2.003569148830138,-1.4660892635583878,2,Done,tetracene_a=7.4_b=5.9_theta=25.5_R3=2.1_R4=1.9_A2=-1.0_cx=1.4_cy=-0.8_cz=13.1.log
1.4,-0.8,13.2,-1.5,7.4,5.9,25.5,2.1,1.9,-5.287873030349147,,,-0.8458483394933864,-1.6177948261611164,-0.0907592814182862,-0.3591980192577466,-0.0455007501877844,-0.3148292971309274,-0.0831946482649073,-0.1629210489336401,-2.0280476865009405,-1.3767443898250349,1,Done,tetracene_a=7.4_b=5.9_theta=25.5_R3=2.1_R4=1.9_A2=-1.5_cx=1.4_cy=-0.8_cz=13.2.log
1.4,-0.8,13.2,-2.0,7.4,5.9,25.5,2.1,1.9,-5.326548353768885,,,-0.8602170634549111,-1.6799496916355563,-0.0893273034598678,-0.3798418432706967,-0.0461383003275841,-0.3041264865314588,-0.0831419373862445,-0.1627076953882351,-2.022448414703831,-1.3784499619505368,1,Done,tetracene_a=7.4_b=5.9_theta=25.5_R3=2.1_R4=1.9_A2=-2.0_cx=1.4_cy=-0.8_cz=13.2.log
1.4,-0.8,13.4,0.0,7.4,5.8,25.5,2.1,1.9,-5.103813052002806,,,-1.137001684284769,-1.426311404677108,-0.0853526551509276,-0.2948970694560557,-0.0376932707149535,-0.3432969157584011,-0.0749108888558112,-0.1504580727196298,-2.020659383852035,-1.1955082065542229,2,Done,tetracene_a=7.4_b=5.8_theta=25.5_R3=2.1_R4=1.9_A2=0.0_cx=1.4_cy=-0.8_cz=13.4.log
1.4,-0.8,13.2,-2.5,7.4,5.9,25.5,2.1,1.9,-5.350130807200912,,,-0.8609901558374986,-1.725088995997794,-0.0878739902982488,-0.4021184481680393,-0.0468637018930166,-0.2938855232205242,-0.0830641262000426,-0.1624435135745443,-2.0166935206507333,-1.379519239068031,1,Done,tetracene_a=7.4_b=5.9_theta=25.5_R3=2.1_R4=1.9_A2=-2.5_cx=1.4_cy=-0.8_cz=13.2.log
1.4,-0.8,13.3,-0.5,7.3,5.9,25.5,2.1,1.9,-5.193931018060539,,,-1.0343284979462624,-1.4856211398728192,-0.0873945727944374,-0.3030208139680326,-0.0403388526756316,-0.3245356219122186,-0.0798788854153826,-0.1589137699920684,-2.0222595343366265,-1.2952590787317604,2,Done,tetracene_a=7.3_b=5.9_theta=25.5_R3=2.1_R4=1.9_A2=-0.5_cx=1.4_cy=-0.8_cz=13.3.log
1.4,-0.8,13.2,-1.0,7.4,5.9,25.5,2.1,1.9,-5.229482596972957,,,-0.8061972375726327,-1.5409700319869444,-0.0921736889285966,-0.3402861227514222,-0.044937246129848,-0.3260730213951319,-0.0832141010905616,-0.1630879663862288,-2.033432349795476,-1.3744295053184032,2,Done,tetracene_a=7.4_b=5.9_theta=25.5_R3=2.1_R4=1.9_A2=-1.0_cx=1.4_cy=-0.8_cz=13.2.log
1.4,-0.8,13.3,-1.5,7.4,5.9,25.5,2.1,1.9,-5.269903026055545,,,-1.0986081124283371,-1.5904140549246222,-0.0849523037904873,-0.3364645869005471,-0.0412788627436384,-0.3024221694795415,-0.0787725853151641,-0.1554762700689025,-2.0271108140586875,-1.2814733114792034,1,Done,tetracene_a=7.4_b=5.9_theta=25.5_R3=2.1_R4=1.9_A2=-1.5_cx=1.4_cy=-0.8_cz=13.3.log
1.4,-0.7,13.2,0.0,7.4,5.8,25.5,2.1,1.9,-5.065882582392078,,,-0.695722847012803,-1.2644539852626622,-0.0949673634022474,-0.3677108198171481,-0.0438880494330078,-0.3969465107657015,-0.0826531071797944,-0.1697464751196093,-2.0311701761675067,-1.3504680360783825,2,Done,tetracene_a=7.4_b=5.8_theta=25.5_R3=2.1_R4=1.9_A2=0.0_cx=1.4_cy=-0.7_cz=13.2.log
1.4,-0.7,13.1,-0.5,7.3,5.9,25.5,2.1,1.9,-4.819842186698224,,,-0.2974284447263926,-1.2152095106430352,-0.0967156062833964,-0.3775137811899185,-0.046846131561324,-0.3740486709866673,-0.0881105617736466,-0.1793128650169819,-1.908483813633211,-1.4400538735790178,2,Done,tetracene_a=7.3_b=5.9_theta=25.5_R3=2.1_R4=1.9_A2=-0.5_cx=1.4_cy=-0.7_cz=13.1.log
1.4,-0.7,13.0,-1.0,7.4,5.9,25.5,2.1,1.9,-4.553568357951008,,,0.3227158428635448,-1.14756895264145,-0.1017068207729607,-0.4261721614748239,-0.0522314222762361,-0.3750991225242615,-0.0916428154450841,-0.1835924831684678,-1.871556105092168,-1.5167456358321942,2,Done,tetracene_a=7.4_b=5.9_theta=25.5_R3=2.1_R4=1.9_A2=-1.0_cx=1.4_cy=-0.7_cz=13.0.log
1.4,-0.8,13.3,-2.0,7.4,5.9,25.5,2.1,1.9,-5.289885454345495,,,-1.0991163953440264,-1.6258068737806752,-0.0836872436339035,-0.3553313026204705,-0.041780870873481,-0.2921410456765443,-0.0787437197286635,-0.1552861346281133,-2.024105668591801,-1.282818065432366,1,Done,tetracene_a=7.4_b=5.9_theta=25.5_R3=2.1_R4=1.9_A2=-2.0_cx=1.4_cy=-0.8_cz=13.3.log
1.4,-0.8,13.3,-2.5,7.4,5.9,25.5,2.1,1.9,-5.299537186161615,,,-1.0921033438062295,-1.647921581286937,-0.0823908080346882,-0.3759136303560808,-0.0423293145140633,-0.2822828633943572,-0.0786866165581159,-0.1550464258762076,-2.0208062211750075,-1.2835271518561058,1,Done,tetracene_a=7.4_b=5.9_theta=25.5_R3=2.1_R4=1.9_A2=-2.5_cx=1.4_cy=-0.8_cz=13.3.log
1.4,-0.7,13.1,-1.5,7.4,5.9,25.5,2.1,1.9,-5.071603277407121,,,-0.4144810226280242,-1.4868598446482792,-0.0935993916355073,-0.4225062479963526,-0.0480421656975522,-0.3477208613185212,-0.0867570225382223,-0.1750828201766125,-1.9696886289166289,-1.4334700388135388,1,Done,tetracene_a=7.4_b=5.9_theta=25.5_R3=2.1_R4=1.9_A2=-1.5_cx=1.4_cy=-0.7_cz=13.1.log
1.4,-0.7,13.3,0.0,7.4,5.8,25.5,2.1,1.9,-5.1649676663219,,,-1.0125338206999004,-1.3612674830947071,-0.0885818217648193,-0.3442783413920551,-0.0398770053870976,-0.380916140275076,-0.0782172390609048,-0.161904482578393,-2.054396203835495,-1.2567224345402792,2,Done,tetracene_a=7.4_b=5.8_theta=25.5_R3=2.1_R4=1.9_A2=0.0_cx=1.4_cy=-0.7_cz=13.3.log
1.4,-0.7,13.2,-0.5,7.3,5.9,25.5,2.1,1.9,-5.090755510114832,,,-0.7775997243006714,-1.3646547819953412,-0.0904078757157549,-0.3537336620502174,-0.0426066740183159,-0.359169153845869,-0.0833759987144731,-0.1710454209242016,-1.9898135021794587,-1.3524346523336137,2,Done,tetracene_a=7.3_b=5.9_theta=25.5_R3=2.1_R4=1.9_A2=-0.5_cx=1.4_cy=-0.7_cz=13.2.log
1.4,-0.7,13.1,-1.0,7.4,5.9,25.5,2.1,1.9,-4.986821656260872,,,-0.3734851668123156,-1.3558526993147098,-0.0951618914259597,-0.3992457073181867,-0.0474184206686914,-0.3604317038552835,-0.0867890256340615,-0.1753062136122025,-1.9781192258233204,-1.4308093964937143,2,Done,tetracene_a=7.4_b=5.9_theta=25.5_R3=2.1_R4=1.9_A2=-1.0_cx=1.4_cy=-0.7_cz=13.1.log
1.4,-0.7,13.1,-2.0,7.4,5.9,25.5,2.1,1.9,-5.138519374595489,,,-0.4332856148248538,-1.6033884515054524,-0.0920331265078857,-0.4471360155148431,-0.048752506962046,-0.3357078096596524,-0.0866948990151286,-0.1748073431663215,-1.9613214106066152,-1.4355439593200572,1,Done,tetracene_a=7.4_b=5.9_theta=25.5_R3=2.1_R4=1.9_A2=-2.0_cx=1.4_cy=-0.7_cz=13.1.log
1.4,-0.7,13.1,-2.5,7.4,5.9,25.5,2.1,1.9,-5.193084507307503,,,-0.4447502224938944,-1.701394218369387,-0.0904480364406481,-0.473387269070372,-0.0495419144863262,-0.3242846177890897,-0.086607675300911,-0.1744785280316136,-1.9530778118642047,-1.4370173527859151,1,Done,tetracene_a=7.4_b=5.9_theta=25.5_R3=2.1_R4=1.9_A2=-2.5_cx=1.4_cy=-0.7_cz=13.1.log
1.4,-0.7,13.4,0.0,7.4,5.8,25.5,2.1,1.9,-5.124314431333914,,,-1.1785403363173828,-1.389369891025126,-0.0826606373302638,-0.3223845175234601,-0.0362148571293801,-0.3652735709911212,-0.0740166871109977,-0.1543492622440681,-2.0452000447548926,-1.163526532065589,2,Done,tetracene_a=7.4_b=5.8_theta=25.5_R3=2.1_R4=1.9_A2=0.0_cx=1.4_cy=-0.7_cz=13.4.log
1.4,-0.7,13.3,-0.5,7.3,5.9,25.5,2.1,1.9,-5.175059909757692,,,-1.0638955142349005,-1.429300862364471,-0.0845444223377853,-0.3315022378228605,-0.038706071791239,-0.344726383453235,-0.0788855371647514,-0.1631080467486754,-2.026089227758348,-1.2606393520836718,2,Done,tetracene_a=7.3_b=5.9_theta=25.5_R3=2.1_R4=1.9_A2=-0.5_cx=1.4_cy=-0.7_cz=13.3.log
1.4,-0.7,13.2,-1.0,7.4,5.9,25.5,2.1,1.9,-5.191698964685202,,,-0.8228689233073965,-1.4614369043847546,-0.0890650042565539,-0.3737022853456437,-0.0431086819153279,-0.3461922468850389,-0.0821856122347526,-0.1673468768130988,-2.0351831025909632,-1.3387963499990292,2,Done,tetracene_a=7.4_b=5.9_theta=25.5_R3=2.1_R4=1.9_A2=-1.0_cx=1.4_cy=-0.7_cz=13.2.log
1.4,-0.7,13.2,-1.5,7.4,5.9,25.5,2.1,1.9,-5.24718339915853,,,-0.8410001972224563,-1.5502985956845805,-0.0876995426369831,-0.3953852658160031,-0.0436132000759243,-0.3340461633633822,-0.0821699245134368,-0.1671467011328786,-2.030831948271953,-1.341013342840597,1,Done,tetracene_a=7.4_b=5.9_theta=25.5_R3=2.1_R4=1.9_A2=-1.5_cx=1.4_cy=-0.7_cz=13.2.log
1.4,-0.7,13.2,-2.0,7.4,5.9,25.5,2.1,1.9,-5.289259199751541,,,-0.8435340826399624,-1.6272865424398333,-0.0863039602991193,-0.4186006259405985,-0.0441440733848139,-0.3225238247541711,-0.0821297638467513,-0.1669013447826728,-2.026411767816171,-1.3426197685766963,1,Done,tetracene_a=7.4_b=5.9_theta=25.5_R3=2.1_R4=1.9_A2=-2.0_cx=1.4_cy=-0.7_cz=13.2.log
1.4,-0.7,13.2,-2.5,7.4,5.9,25.5,2.1,1.9,-5.322713012807071,,,-0.8433558696415275,-1.6890573718119413,-0.0848882977152243,-0.4433558952296152,-0.0447364429710432,-0.311562480055727,-0.0820582277374342,-0.1665982574922964,-2.02196899720002,-1.3436093516647816,1,Done,tetracene_a=7.4_b=5.9_theta=25.5_R3=2.1_R4=1.9_A2=-2.5_cx=1.4_cy=-0.7_cz=13.2.log
1.5,-0.9,13.2,0.0,7.4,5.8,25.5,2.1,1.9,-5.195596429693978,,,-0.7146272134268656,-1.5569753019372,-0.1021197222871705,-0.2959186558146029,-0.0457090834388509,-0.3436734220013022,-0.08217368950136,-0.1545977562782354,-1.985444149991963,-1.4438691344694234,2,Done,tetracene_a=7.4_b=5.8_theta=25.5_R3=2.1_R4=1.9_A2=0.0_cx=1.5_cy=-0.9_cz=13.2.log
1.5,-0.9,13.1,-0.5,7.3,5.9,25.5,2.1,1.9,-5.050651032244787,,,-0.4502961558755487,-1.607556372997351,-0.1041729350108653,-0.3031902418006211,-0.0489997458644211,-0.3249510335735976,-0.0876041610608808,-0.1630139203043654,-1.874401235487312,-1.5060484728310255,2,Done,tetracene_a=7.3_b=5.9_theta=25.5_R3=2.1_R4=1.9_A2=-0.5_cx=1.5_cy=-0.9_cz=13.1.log
1.5,-0.9,13.0,-1.0,7.4,5.9,25.5,2.1,1.9,-4.904055911523756,,,-0.021635289886035,-1.6542343319160864,-0.1096623925259336,-0.3397150888340547,-0.0552246451843529,-0.3261935033369809,-0.0909914600779302,-0.1668605566956102,-1.8255715448176488,-1.5672997240908444,2,Done,tetracene_a=7.4_b=5.9_theta=25.5_R3=2.1_R4=1.9_A2=-1.0_cx=1.5_cy=-0.9_cz=13.0.log
1.4,-0.7,13.3,-1.5,7.4,5.9,25.5,2.1,1.9,-5.261422228417359,,,-1.0898279924876988,-1.551490864600055,-0.0821598841575905,-0.3696322555188089,-0.0395921159069985,-0.3207642866764217,-0.0778200252098031,-0.1594866865780204,-2.05074472312117,-1.246637093834579,1,Done,tetracene_a=7.4_b=5.9_theta=25.5_R3=2.1_R4=1.9_A2=-1.5_cx=1.4_cy=-0.7_cz=13.3.log
1.4,-0.7,13.3,-2.0,7.4,5.9,25.5,2.1,1.9,-5.286025640263688,,,-1.0834951614961028,-1.5988992449129,-0.0809249446028843,-0.3912537400610745,-0.0400552182691171,-0.3097464661113918,-0.0777930422918871,-0.159267685492523,-2.04895192704862,-1.2478255977039223,1,Done,tetracene_a=7.4_b=5.9_theta=25.5_R3=2.1_R4=1.9_A2=-2.0_cx=1.4_cy=-0.7_cz=13.3.log
1.4,-0.7,13.3,-2.5,7.4,5.9,25.5,2.1,1.9,-5.30503793846583,,,-1.078163836733438,-1.633763700723648,-0.0796636494342237,-0.4145356159424409,-0.0405421660980209,-0.2992080631665885,-0.0777453514165245,-0.1589922087150626,-2.0469740154221654,-1.2483878468628973,1,Done,tetracene_a=7.4_b=5.9_theta=25.5_R3=2.1_R4=1.9_A2=-2.5_cx=1.4_cy=-0.7_cz=13.3.log
1.5,-0.9,13.3,0.0,7.4,5.8,25.5,2.1,1.9,-5.2301515225553885,,,-1.0068460701731965,-1.5440925216535106,-0.0951505963457748,-0.2775401428807527,-0.041483431123197,-0.3302334125619381,-0.0778212801669724,-0.147619217459578,-2.0004623467684723,-1.3565755907911807,2,Done,tetracene_a=7.4_b=5.8_theta=25.5_R3=2.1_R4=1.9_A2=0.0_cx=1.5_cy=-0.9_cz=13.3.log
1.5,-0.9,13.2,-0.5,7.3,5.9,25.5,2.1,1.9,-5.2369951463188045,,,-0.8768385482253507,-1.617277757730335,-0.0972665599547326,-0.2847012869315222,-0.0444189228583127,-0.3125050001544878,-0.0829580769059248,-0.1556946436176076,-1.942267069418449,-1.4395713184494523,2,Done,tetracene_a=7.3_b=5.9_theta=25.5_R3=2.1_R4=1.9_A2=-0.5_cx=1.5_cy=-0.9_cz=13.2.log
1.5,-0.9,13.1,-1.0,7.4,5.9,25.5,2.1,1.9,-5.2223694575659465,,,-0.6164758641971275,-1.6883646006463096,-0.1024912083521485,-0.3191609987406991,-0.0498268039664253,-0.3138704620068893,-0.0862361892941407,-0.1595193170942366,-1.920387050835416,-1.5111319313873537,2,Done,tetracene_a=7.4_b=5.9_theta=25.5_R3=2.1_R4=1.9_A2=-1.0_cx=1.5_cy=-0.9_cz=13.1.log
1.5,-0.9,13.1,-1.5,7.4,5.9,25.5,2.1,1.9,-5.30415126727894,,,-0.7324735977454111,-1.7541527491994202,-0.1007856362266466,-0.3363541451981291,-0.0507178682601079,-0.3033533943817019,-0.086182223400101,-0.1593605571542866,-1.9067154905060304,-1.5129743007128127,1,Done,tetracene_a=7.4_b=5.9_theta=25.5_R3=2.1_R4=1.9_A2=-1.5_cx=1.5_cy=-0.9_cz=13.1.log
1.5,-0.9,13.1,-2.0,7.4,5.9,25.5,2.1,1.9,-5.356820063956548,,,-0.8067017557332292,-1.8024659991497167,-0.0990813189418986,-0.3552660414716229,-0.0516817236784845,-0.2932806038297713,-0.0860975096584297,-0.1591503411764279,-1.8929667462361977,-1.5143667454831302,1,Done,tetracene_a=7.4_b=5.9_theta=25.5_R3=2.1_R4=1.9_A2=-2.0_cx=1.5_cy=-0.9_cz=13.1.log
1.5,-0.9,13.4,0.0,7.4,5.8,25.5,2.1,1.9,-5.136695830908138,,,-1.1532466631615534,-1.4916879065567628,-0.0886834781849756,-0.2601279953960329,-0.0376104393508285,-0.3171686544083059,-0.0736866168444976,-0.1408841526135802,-1.984430093842093,-1.263432399078738,2,Done,tetracene_a=7.4_b=5.8_theta=25.5_R3=2.1_R4=1.9_A2=0.0_cx=1.5_cy=-0.9_cz=13.4.log
1.5,-0.9,13.1,-2.5,7.4,5.9,25.5,2.1,1.9,-5.384776889113709,,,-0.848665859317407,-1.832474782364443,-0.0973795116879046,-0.3758132288930937,-0.0526970349019393,-0.2836884858552366,-0.0859776551369577,-0.158895572181791,-1.8792562801972963,-1.515287930087652,1,Done,tetracene_a=7.4_b=5.9_theta=25.5_R3=2.1_R4=1.9_A2=-2.5_cx=1.5_cy=-0.9_cz=13.1.log
1.5,-0.9,13.3,-0.5,7.3,5.9,25.5,2.1,1.9,-5.25360627763439,,,-1.122725831810385,-1.580460491240956,-0.0908370926044881,-0.2671115542761981,-0.0403112424537539,-0.3004317076411098,-0.0785485642263665,-0.1486326460726559,-1.968198920134455,-1.3572871871874668,2,Done,tetracene_a=7.3_b=5.9_theta=25.5_R3=2.1_R4=1.9_A2=-0.5_cx=1.5_cy=-0.9_cz=13.3.log
1.5,-0.9,13.2,-1.0,7.4,5.9,25.5,2.1,1.9,-5.339227193384431,,,-0.9927270951448008,-1.6677810178371146,-0.0957969316514208,-0.2996774406637996,-0.0450363926356658,-0.3019076113123446,-0.081720627262257,-0.1524303366895765,-1.9688126248656768,-1.4348003599443473,2,Done,tetracene_a=7.4_b=5.9_theta=25.5_R3=2.1_R4=1.9_A2=-1.0_cx=1.5_cy=-0.9_cz=13.2.log
1.5,-0.9,13.2,-1.5,7.4,5.9,25.5,2.1,1.9,-5.391580666357186,,,-1.068502692738548,-1.7058953476371244,-0.0943260481581091,-0.3156161945080384,-0.0457366937771439,-0.2917883850168437,-0.0816848592367023,-0.1522897743852809,-1.9599452811526128,-1.4367280706646852,1,Done,tetracene_a=7.4_b=5.9_theta=25.5_R3=2.1_R4=1.9_A2=-1.5_cx=1.5_cy=-0.9_cz=13.2.log
1.5,-0.8,13.2,0.0,7.4,5.8,25.5,2.1,1.9,-5.193393869441934,,,-0.8363553681410849,-1.4967368519864976,-0.0987073229625821,-0.3236784433247521,-0.0438529087696224,-0.3652409404749051,-0.0812330519547686,-0.1586489607580006,-1.957666792382952,-1.4135591465164907,2,Done,tetracene_a=7.4_b=5.8_theta=25.5_R3=2.1_R4=1.9_A2=0.0_cx=1.5_cy=-0.8_cz=13.2.log
1.5,-0.8,13.1,-0.5,7.3,5.9,25.5,2.1,1.9,-4.99454410810722,,,-0.5668034276459366,-1.5224308765027672,-0.1005722826812416,-0.3318950592074543,-0.0468837821390479,-0.3448945562122389,-0.0865687695913948,-0.1673838999704457,-1.804081209760625,-1.4797702365904115,2,Done,tetracene_a=7.3_b=5.9_theta=25.5_R3=2.1_R4=1.9_A2=-0.5_cx=1.5_cy=-0.8_cz=13.1.log
1.5,-0.8,13.0,-1.0,7.4,5.9,25.5,2.1,1.9,-4.824874189274851,,,-0.1273104838328436,-1.5405822306638584,-0.1057617904152721,-0.3734738717321306,-0.0525853380095213,-0.3461458111414686,-0.0899196729296818,-0.1712725794641301,-1.743355184677057,-1.547396989306435,2,Done,tetracene_a=7.4_b=5.9_theta=25.5_R3=2.1_R4=1.9_A2=-1.0_cx=1.5_cy=-0.8_cz=13.0.log
1.5,-0.9,13.2,-2.0,7.4,5.9,25.5,2.1,1.9,-5.42057256976841,,,-1.111160822561942,-1.7302571684122086,-0.0928338294615969,-0.3328764846082777,-0.0465261013014242,-0.282094610389322,-0.0816164606949314,-0.1521034038742073,-1.950880271731876,-1.43809792510001,1,Done,tetracene_a=7.4_b=5.9_theta=25.5_R3=2.1_R4=1.9_A2=-2.0_cx=1.5_cy=-0.9_cz=13.2.log
1.5,-0.9,13.2,-2.5,7.4,5.9,25.5,2.1,1.9,-5.431008688930888,,,-1.1296748776221648,-1.7409612339688465,-0.0913177651818841,-0.3517444554017856,-0.0473895552568137,-0.2729404947021976,-0.0815223341924138,-0.1518781278282404,-1.9416966629214585,-1.4388973729219288,1,Done,tetracene_a=7.4_b=5.9_theta=25.5_R3=2.1_R4=1.9_A2=-2.5_cx=1.5_cy=-0.9_cz=13.2.log
1.5,-0.9,13.3,-1.5,7.4,5.9,25.5,2.1,1.9,-5.336419086263049,,,-1.248810161021538,-1.6267142532160506,-0.088294422137551,-0.2960353726521134,-0.0413780093658715,-0.2805183053715154,-0.0774083785363473,-0.1454699958558194,-1.974261294351891,-1.348404155636672,1,Done,tetracene_a=7.4_b=5.9_theta=25.5_R3=2.1_R4=1.9_A2=-1.5_cx=1.5_cy=-0.9_cz=13.3.log
1.5,-0.8,13.4,0.0,7.4,5.8,25.5,2.1,1.9,-5.173763474100269,,,-1.2216490181162951,-1.474839263013564,-0.0859249443747103,-0.2842683050548658,-0.0361106904456391,-0.3366553499363363,-0.0728645786293782,-0.1445255931466817,-2.004325298534241,-1.2323242183192633,2,Done,tetracene_a=7.4_b=5.8_theta=25.5_R3=2.1_R4=1.9_A2=0.0_cx=1.5_cy=-0.8_cz=13.4.log
1.5,-0.8,13.3,-0.5,7.3,5.9,25.5,2.1,1.9,-5.2560934135108255,,,-1.1833257274702191,-1.551846035174094,-0.0879091309616342,-0.2921485756523907,-0.038660891004838,-0.3186646380927413,-0.077636792208068,-0.1525665062945336,-1.9649477908969857,-1.3246648249332793,2,Done,tetracene_a=7.3_b=5.9_theta=25.5_R3=2.1_R4=1.9_A2=-0.5_cx=1.5_cy=-0.8_cz=13.3.log
1.5,-0.8,13.2,-1.0,7.4,5.9,25.5,2.1,1.9,-5.327992254635319,,,-1.0438967705704272,-1.62571400240995,-0.0926091809524223,-0.3281689047580585,-0.0431413125479593,-0.3201116763520986,-0.0807743422337807,-0.1564250653609633,-1.9608714859350584,-1.4031004373100586,2,Done,tetracene_a=7.4_b=5.9_theta=25.5_R3=2.1_R4=1.9_A2=-1.0_cx=1.5_cy=-0.8_cz=13.2.log
1.5,-0.9,13.3,-2.0,7.4,5.9,25.5,2.1,1.9,-5.349501414573751,,,-1.270421605440788,-1.6347175157861784,-0.0869728859979659,-0.3119766367599368,-0.0419791638851165,-0.2712462176568806,-0.0773625703295692,-0.1453106082044541,-1.968557855929248,-1.3496133673470467,1,Done,tetracene_a=7.4_b=5.9_theta=25.5_R3=2.1_R4=1.9_A2=-2.0_cx=1.5_cy=-0.9_cz=13.3.log
1.5,-0.9,13.3,-2.5,7.4,5.9,25.5,2.1,1.9,-5.349275511223823,,,-1.2751078500878066,-1.6330583792878317,-0.0856237394036725,-0.3291867258958518,-0.0426731901243329,-0.2624987281160429,-0.0772897792630828,-0.1451035299105569,-1.9625952560454607,-1.3502126395469531,1,Done,tetracene_a=7.4_b=5.9_theta=25.5_R3=2.1_R4=1.9_A2=-2.5_cx=1.5_cy=-0.9_cz=13.3.log
1.5,-0.8,13.1,-1.5,7.4,5.9,25.5,2.1,1.9,-5.255361736693885,,,-0.7731387556996197,-1.697395724710077,-0.0973180158762261,-0.3700501770945266,-0.0483358403434976,-0.3215825597289949,-0.0851844823919236,-0.1635322434012778,-1.8669282188056968,-1.4858062553685158,1,Done,tetracene_a=7.4_b=5.9_theta=25.5_R3=2.1_R4=1.9_A2=-1.5_cx=1.5_cy=-0.8_cz=13.1.log
1.5,-0.7,13.2,0.0,7.4,5.8,25.5,2.1,1.9,-5.129251679987647,,,-0.9293510952265932,-1.4309863542439416,-0.0954041103832423,-0.3548117242753505,-0.0420594852184876,-0.3883433486334979,-0.0802522539161145,-0.1627076955046504,-1.886015190568287,-1.379798481008038,2,Done,tetracene_a=7.4_b=5.8_theta=25.5_R3=2.1_R4=1.9_A2=0.0_cx=1.5_cy=-0.7_cz=13.2.log
1.5,-0.7,13.1,-0.5,7.3,5.9,25.5,2.1,1.9,-4.861567209067289,,,-0.6522213438292965,-1.4272413745056838,-0.0970896021462977,-0.3643611713778227,-0.0449246959760785,-0.366260016686283,-0.0854856874211691,-0.1717607821919955,-1.679725043126382,-1.448546594067011,2,Done,tetracene_a=7.3_b=5.9_theta=25.5_R3=2.1_R4=1.9_A2=-0.5_cx=1.5_cy=-0.7_cz=13.1.log
1.5,-0.7,13.0,-1.0,7.4,5.9,25.5,2.1,1.9,-4.66446443554014,,,-0.201216101530008,-1.410357590415515,-0.1019841801607981,-0.411494702566415,-0.0501367941033095,-0.3673581590410322,-0.0888039601850323,-0.1756908773677423,-1.6085974121815525,-1.5200984218972735,2,Done,tetracene_a=7.4_b=5.9_theta=25.5_R3=2.1_R4=1.9_A2=-1.0_cx=1.5_cy=-0.7_cz=13.0.log
1.5,-0.8,13.1,-2.0,7.4,5.9,25.5,2.1,1.9,-5.305507943499833,,,-0.8204442245187238,-1.763173832790926,-0.0956864899490028,-0.3915662399958819,-0.0491854889551177,-0.3107755825622007,-0.0851085538743063,-0.163285632035695,-1.8538622055202725,-1.4878356226836331,1,Done,tetracene_a=7.4_b=5.9_theta=25.5_R3=2.1_R4=1.9_A2=-2.0_cx=1.5_cy=-0.8_cz=13.1.log
1.5,-0.8,13.1,-2.5,7.4,5.9,25.5,2.1,1.9,-5.336090898432303,,,-0.8453199759824201,-1.811023980611936,-0.0940348835429176,-0.4144465096760541,-0.0501066735014319,-0.300453043077141,-0.0850025045801885,-0.1630001150770113,-1.841020213381853,-1.4893755321973003,1,Done,tetracene_a=7.4_b=5.9_theta=25.5_R3=2.1_R4=1.9_A2=-2.5_cx=1.5_cy=-0.8_cz=13.1.log
1.5,-0.8,13.3,-1.5,7.4,5.9,25.5,2.1,1.9,-5.345881937129889,,,-1.2617720076814294,-1.616472035064362,-0.0854254463920369,-0.3243511338951066,-0.0396448269020766,-0.2972364267334342,-0.076526099583134,-0.1492287806468084,-1.9918861676706,-1.3157899508951232,1,Done,tetracene_a=7.4_b=5.9_theta=25.5_R3=2.1_R4=1.9_A2=-1.5_cx=1.5_cy=-0.8_cz=13.3.log
1.5,-0.7,13.3,0.0,7.4,5.8,25.5,2.1,1.9,-5.215927753713913,,,-1.1644941525300965,-1.468441171105951,-0.0891039100242778,-0.3320343664381653,-0.0381877485197037,-0.3728927972260862,-0.0760215814807452,-0.1553074699477292,-1.9608294427744115,-1.2911921865888871,2,Done,tetracene_a=7.4_b=5.8_theta=25.5_R3=2.1_R4=1.9_A2=0.0_cx=1.5_cy=-0.7_cz=13.3.log
1.5,-0.7,13.2,-0.5,7.3,5.9,25.5,2.1,1.9,-5.124234109709505,,,-1.019603348337114,-1.5037624539108947,-0.0908709780778735,-0.3412223677150905,-0.0408308205660432,-0.3519854192854836,-0.0809726353036239,-0.164006013656035,-1.8307892904849723,-1.374328476318624,2,Done,tetracene_a=7.3_b=5.9_theta=25.5_R3=2.1_R4=1.9_A2=-0.5_cx=1.5_cy=-0.7_cz=13.2.log
1.5,-0.7,13.1,-1.0,7.4,5.9,25.5,2.1,1.9,-5.072915086871944,,,-0.7409048220142722,-1.530426608864218,-0.0955421625403687,-0.38534259586595,-0.0455133002251386,-0.3532793447375297,-0.0841854864847846,-0.1679248135769739,-1.7947212707367726,-1.4505790989496743,2,Done,tetracene_a=7.4_b=5.9_theta=25.5_R3=2.1_R4=1.9_A2=-1.0_cx=1.5_cy=-0.7_cz=13.1.log
1.5,-0.8,13.3,-2.0,7.4,5.9,25.5,2.1,1.9,-5.358544461545534,,,-1.2688854610314593,-1.6342995942104608,-0.0841327757807448,-0.3425300986273214,-0.04017946543172,-0.2872477225027978,-0.076489076425787,-0.1490304874023422,-1.9872814994887449,-1.317105839436408,1,Done,tetracene_a=7.4_b=5.9_theta=25.5_R3=2.1_R4=1.9_A2=-2.0_cx=1.5_cy=-0.8_cz=13.3.log
1.5,-0.8,13.3,-2.5,7.4,5.9,25.5,2.1,1.9,-5.361887207021937,,,-1.2672162842936814,-1.641728057642467,-0.0828212798805907,-0.3623694548150524,-0.0407580295577645,-0.2777108256705105,-0.0764294629334472,-0.1487976812641136,-1.9825368961319327,-1.3178212007624095,1,Done,tetracene_a=7.4_b=5.9_theta=25.5_R3=2.1_R4=1.9_A2=-2.5_cx=1.5_cy=-0.8_cz=13.3.log
1.5,-0.7,13.4,0.0,7.4,5.8,25.5,2.1,1.9,-5.166579112235922,,,-1.2708897279808298,-1.4531625576782972,-0.0832454764749854,-0.3108006829861551,-0.0346649074926972,-0.3578024370362982,-0.0720086550572887,-0.1481720537412911,-1.991453185793944,-1.1996623228187673,2,Done,tetracene_a=7.4_b=5.8_theta=25.5_R3=2.1_R4=1.9_A2=0.0_cx=1.5_cy=-0.7_cz=13.4.log
1.5,-0.7,13.3,-0.5,7.3,5.9,25.5,2.1,1.9,-5.204082874930464,,,-1.222877682885155,-1.5158872022293508,-0.0850614906521514,-0.3196410438977182,-0.0370657606981694,-0.3381249783560633,-0.0766867420752532,-0.1565147991641424,-1.921479545766488,-1.290072708565276,2,Done,tetracene_a=7.3_b=5.9_theta=25.5_R3=2.1_R4=1.9_A2=-0.5_cx=1.5_cy=-0.7_cz=13.3.log
1.5,-0.7,13.1,-1.5,7.4,5.9,25.5,2.1,1.9,-5.14146867179079,,,-0.7936696278629825,-1.6248643537983298,-0.0939746425719931,-0.4077585079940036,-0.0461420653155073,-0.3410654901526868,-0.0841440709773451,-0.1677033024025149,-1.7825808347552083,-1.4533031198079698,1,Done,tetracene_a=7.4_b=5.9_theta=25.5_R3=2.1_R4=1.9_A2=-1.5_cx=1.5_cy=-0.7_cz=13.1.log
1.5,-0.7,13.2,-1.0,7.4,5.9,25.5,2.1,1.9,-5.261472429148853,,,-1.073675885098055,-1.57270070258528,-0.0895155565813183,-0.3605157902929932,-0.0413441237760707,-0.3395996269537136,-0.0797922889469191,-0.1604191663791425,-1.914280123426579,-1.3683050077524967,2,Done,tetracene_a=7.4_b=5.9_theta=25.5_R3=2.1_R4=1.9_A2=-1.0_cx=1.5_cy=-0.7_cz=13.2.log
1.5,-0.7,13.1,-2.0,7.4,5.9,25.5,2.1,1.9,-5.192121279018465,,,-0.8219690738478675,-1.7064845793647692,-0.0923908073455095,-0.4314545408124104,-0.0468599366722628,-0.3294214147608727,-0.0840756724355742,-0.1674259430728852,-1.7707710964605212,-1.4555583906476386,1,Done,tetracene_a=7.4_b=5.9_theta=25.5_R3=2.1_R4=1.9_A2=-2.0_cx=1.5_cy=-0.7_cz=13.1.log
1.5,-0.7,13.1,-2.5,7.4,5.9,25.5,2.1,1.9,-5.230068063829094,,,-0.8391628479585052,-1.771967758075334,-0.0907806167379021,-0.4567042880225926,-0.0476656595710665,-0.3183358230162412,-0.083980290859472,-0.1670965003431774,-1.7593767698854208,-1.457306006050203,1,Done,tetracene_a=7.4_b=5.9_theta=25.5_R3=2.1_R4=1.9_A2=-2.5_cx=1.5_cy=-0.7_cz=13.1.log
1.6,-0.9,13.2,0.0,7.4,5.8,25.5,2.1,1.9,-5.210597683384549,,,-0.8998945206403732,-1.632635437650606,-0.1023744913982227,-0.2848267890512943,-0.0439156597713008,-0.3366415447089821,-0.0797307930188253,-0.1483138710609637,-1.880305477010552,-1.4521033206838183,2,Done,tetracene_a=7.4_b=5.8_theta=25.5_R3=2.1_R4=1.9_A2=0.0_cx=1.6_cy=-0.9_cz=13.2.log
1.6,-0.9,13.1,-0.5,7.3,5.9,25.5,2.1,1.9,-5.016305527416989,,,-0.7325652142753825,-1.7039243386825549,-0.1043574230279773,-0.2918599209515378,-0.0470883504021912,-0.3185190559597686,-0.0849341061548329,-0.1563196436618454,-1.7007359603303485,-1.4751586656202562,2,Done,tetracene_a=7.3_b=5.9_theta=25.5_R3=2.1_R4=1.9_A2=-0.5_cx=1.6_cy=-0.9_cz=13.1.log
1.6,-0.9,13.0,-1.0,7.4,5.9,25.5,2.1,1.9,-4.889114270219579,,,-0.4325351129518822,-1.7724484306527302,-0.109727653558366,-0.3271535935346037,-0.0531262516742572,-0.3197251301025972,-0.0881055414793081,-0.159849387302529,-1.6148938473779708,-1.518907407822553,2,Done,tetracene_a=7.4_b=5.9_theta=25.5_R3=2.1_R4=1.9_A2=-1.0_cx=1.6_cy=-0.9_cz=13.0.log
1.5,-0.7,13.2,-1.5,7.4,5.9,25.5,2.1,1.9,-5.304901141382288,,,-1.100106606259942,-1.6340925159165636,-0.0881237392313778,-0.3814332085894421,-0.0418737423606216,-0.3278375794179737,-0.0797722088173031,-0.1602215007296763,-1.907597769401036,-1.370575966546312,1,Done,tetracene_a=7.4_b=5.9_theta=25.5_R3=2.1_R4=1.9_A2=-1.5_cx=1.5_cy=-0.7_cz=13.2.log
1.6,-0.9,13.3,0.0,7.4,5.8,25.5,2.1,1.9,-5.249024513585027,,,-1.118531554937363,-1.5823631015373394,-0.0955032567726448,-0.267033115378581,-0.0398330799071118,-0.3237022885587066,-0.0755779318860732,-0.141730663657654,-1.9390171952545645,-1.3792155242408626,2,Done,tetracene_a=7.4_b=5.8_theta=25.5_R3=2.1_R4=1.9_A2=0.0_cx=1.6_cy=-0.9_cz=13.3.log
1.6,-0.9,13.2,-0.5,7.3,5.9,25.5,2.1,1.9,-5.219997469772352,,,-1.0615341941011138,-1.6697940699523317,-0.0975489395204931,-0.2739645908586681,-0.042686995351687,-0.3065562053816393,-0.0805032579228282,-0.1494189161458052,-1.8276768408250064,-1.4363559572957456,2,Done,tetracene_a=7.3_b=5.9_theta=25.5_R3=2.1_R4=1.9_A2=-0.5_cx=1.6_cy=-0.9_cz=13.2.log
1.5,-0.7,13.2,-2.0,7.4,5.9,25.5,2.1,1.9,-5.334923729591537,,,-1.1093874792568386,-1.6847087275236845,-0.086710586794652,-0.4037951548816636,-0.0424272059462964,-0.3166829616529867,-0.0797245180001482,-0.1599692417657934,-1.901074175373651,-1.3722997364238836,1,Done,tetracene_a=7.4_b=5.9_theta=25.5_R3=2.1_R4=1.9_A2=-2.0_cx=1.5_cy=-0.7_cz=13.2.log
1.5,-0.7,13.2,-2.5,7.4,5.9,25.5,2.1,1.9,-5.3562298905453645,,,-1.113292473834008,-1.7220932632917538,-0.0852773538790643,-0.4276166894705966,-0.043039655778557,-0.3060403921408579,-0.0796504718600772,-0.1596680370275862,-1.894770210084971,-1.373461257375311,1,Done,tetracene_a=7.4_b=5.9_theta=25.5_R3=2.1_R4=1.9_A2=-2.5_cx=1.5_cy=-0.7_cz=13.2.log
1.6,-0.9,13.1,-1.0,7.4,5.9,25.5,2.1,1.9,-5.222797105787322,,,-0.9001091292593628,-1.7553211727645248,-0.1026669110869988,-0.3072439562529325,-0.04791791876778,-0.3078664462082088,-0.0835799393826164,-0.1529361097491346,-1.778941276774276,-1.4967770127113909,2,Done,tetracene_a=7.4_b=5.9_theta=25.5_R3=2.1_R4=1.9_A2=-1.0_cx=1.6_cy=-0.9_cz=13.1.log
1.5,-0.7,13.3,-1.5,7.4,5.9,25.5,2.1,1.9,-5.311958118691109,,,-1.2627810436533764,-1.5961808717111126,-0.0826254967832937,-0.3564206599257886,-0.0379831802565604,-0.3150087649701163,-0.0756168374791741,-0.1529913304257206,-1.976906876428984,-1.280943065707106,1,Done,tetracene_a=7.4_b=5.9_theta=25.5_R3=2.1_R4=1.9_A2=-1.5_cx=1.5_cy=-0.7_cz=13.3.log
1.6,-0.9,13.4,0.0,7.4,5.8,25.5,2.1,1.9,-5.158936668012757,,,-1.2141264284728095,-1.5033759077778086,-0.089126500301063,-0.2501957670319825,-0.0360993953654542,-0.3110780422575772,-0.0716352865565568,-0.1353890476748347,-1.9564713858417235,-1.2934399273362942,2,Done,tetracene_a=7.4_b=5.8_theta=25.5_R3=2.1_R4=1.9_A2=0.0_cx=1.6_cy=-0.9_cz=13.4.log
1.6,-0.9,13.3,-0.5,7.3,5.9,25.5,2.1,1.9,-5.249013845750596,,,-1.235011216136627,-1.6014519557356834,-0.0912198736332356,-0.2569440096849575,-0.0387136018835008,-0.2949234248371795,-0.0762995684053748,-0.1427578975562937,-1.8990178251988248,-1.3718065136345103,2,Done,tetracene_a=7.3_b=5.9_theta=25.5_R3=2.1_R4=1.9_A2=-0.5_cx=1.6_cy=-0.9_cz=13.3.log
1.6,-0.9,13.2,-1.0,7.4,5.9,25.5,2.1,1.9,-5.350522687134799,,,-1.1793811996467412,-1.698211487615481,-0.0960893512237817,-0.2883960659382865,-0.0433176427613943,-0.2963240271201357,-0.0792802408686839,-0.1462568933493457,-1.880910396692343,-1.4432152690715156,2,Done,tetracene_a=7.4_b=5.9_theta=25.5_R3=2.1_R4=1.9_A2=-1.0_cx=1.6_cy=-0.9_cz=13.2.log
1.5,-0.7,13.3,-2.0,7.4,5.9,25.5,2.1,1.9,-5.328157289419323,,,-1.262070702272467,-1.6238753979559988,-0.081369221676141,-0.3772602669196203,-0.0384738930733874,-0.3043197595980018,-0.0755854620947502,-0.1527635444654151,-1.9739412642666136,-1.2821823978447355,1,Done,tetracene_a=7.4_b=5.9_theta=25.5_R3=2.1_R4=1.9_A2=-2.0_cx=1.5_cy=-0.7_cz=13.3.log
1.5,-0.7,13.3,-2.5,7.4,5.9,25.5,2.1,1.9,-5.338939793698955,,,-1.2601354614598677,-1.6411745937075466,-0.0800828261999413,-0.3996987696737051,-0.0389972364064306,-0.2940775413298979,-0.0755333788110874,-0.1524949701852165,-1.9710045173414985,-1.2828237129724585,1,Done,tetracene_a=7.4_b=5.9_theta=25.5_R3=2.1_R4=1.9_A2=-2.5_cx=1.5_cy=-0.7_cz=13.3.log
1.6,-0.9,13.1,-1.5,7.4,5.9,25.5,2.1,1.9,-5.287323331111111,,,-1.0197865813970566,-1.793781260610558,-0.1009738889988511,-0.3237863748800009,-0.0488340831361711,-0.2976907440461218,-0.0835184433963149,-0.1527691920055076,-1.760493737703655,-1.4981154914712531,1,Done,tetracene_a=7.4_b=5.9_theta=25.5_R3=2.1_R4=1.9_A2=-1.5_cx=1.6_cy=-0.9_cz=13.1.log
1.6,-0.8,13.2,0.0,7.4,5.8,25.5,2.1,1.9,-5.163747786602471,,,-1.0264457174343988,-1.5958495463710278,-0.0989909574855119,-0.3116139358608052,-0.0420958808390423,-0.3572502280585468,-0.0788296886021271,-0.1521059138467535,-1.792628524824977,-1.424060526303947,2,Done,tetracene_a=7.4_b=5.8_theta=25.5_R3=2.1_R4=1.9_A2=0.0_cx=1.6_cy=-0.8_cz=13.2.log
1.6,-0.8,13.1,-0.5,7.3,5.9,25.5,2.1,1.9,-4.908853852539323,,,-0.8573807183420286,-1.6493799145100638,-0.1007843810366466,-0.3195632324786857,-0.0450301175005734,-0.3378137334948405,-0.083942012686748,-0.1604122638236731,-1.554970407509245,-1.4545531198382378,2,Done,tetracene_a=7.3_b=5.9_theta=25.5_R3=2.1_R4=1.9_A2=-0.5_cx=1.6_cy=-0.8_cz=13.1.log
1.6,-0.8,13.0,-1.0,7.4,5.9,25.5,2.1,1.9,-4.76457957708044,,,-0.5529254163848236,-1.6976391985081136,-0.1058596819639206,-0.3597565030213445,-0.0505440479610115,-0.3389658416854217,-0.0870845827739685,-0.1639840507414192,-1.4523863278445788,-1.5082792709581554,2,Done,tetracene_a=7.4_b=5.9_theta=25.5_R3=2.1_R4=1.9_A2=-1.0_cx=1.6_cy=-0.8_cz=13.0.log
1.6,-0.9,13.1,-2.0,7.4,5.9,25.5,2.1,1.9,-5.325110728677828,,,-1.0985227711498735,-1.817995616584085,-0.0992783571127802,-0.3419791447231546,-0.0498180189169943,-0.2879505337914452,-0.0834293369553051,-0.1525608588126488,-1.742144090414513,-1.4992042213561945,1,Done,tetracene_a=7.4_b=5.9_theta=25.5_R3=2.1_R4=1.9_A2=-2.0_cx=1.6_cy=-0.9_cz=13.1.log
1.6,-0.9,13.1,-2.5,7.4,5.9,25.5,2.1,1.9,-5.340709372132551,,,-1.1449421958532184,-1.828142453217879,-0.0975627447478473,-0.361751984921284,-0.0508709806017577,-0.2787612774409354,-0.0833069725777022,-0.1523023246554657,-1.7240391717641614,-1.5000450847437603,1,Done,tetracene_a=7.4_b=5.9_theta=25.5_R3=2.1_R4=1.9_A2=-2.5_cx=1.6_cy=-0.9_cz=13.1.log
1.6,-0.9,13.2,-1.5,7.4,5.9,25.5,2.1,1.9,-5.390748901874758,,,-1.258457499789074,-1.7164004924707117,-0.0946109376382082,-0.3037248800974339,-0.0440336317988112,-0.2865097707835957,-0.079229412600398,-0.1461119385203346,-1.8687498802901248,-1.4447890641749837,1,Done,tetracene_a=7.4_b=5.9_theta=25.5_R3=2.1_R4=1.9_A2=-1.5_cx=1.6_cy=-0.9_cz=13.2.log
1.6,-0.8,13.3,0.0,7.4,5.8,25.5,2.1,1.9,-5.229434906097595,,,-1.2134035367053002,-1.564682379714213,-0.0924635983537882,-0.2920720195397734,-0.0381927686976268,-0.3433458616491407,-0.0747320484369993,-0.1453250407939776,-1.8891690557939,-1.3481286787427962,2,Done,tetracene_a=7.4_b=5.8_theta=25.5_R3=2.1_R4=1.9_A2=0.0_cx=1.6_cy=-0.8_cz=13.3.log
1.6,-0.8,13.2,-0.5,7.3,5.9,25.5,2.1,1.9,-5.151072085369378,,,-1.1526166431140157,-1.640101551776752,-0.0943360882811248,-0.2998318081954494,-0.0408935716841369,-0.3249698587460443,-0.0795751706464216,-0.1533013205626048,-1.7339381420752034,-1.407882691186387,2,Done,tetracene_a=7.3_b=5.9_theta=25.5_R3=2.1_R4=1.9_A2=-0.5_cx=1.6_cy=-0.8_cz=13.2.log
1.6,-0.8,13.1,-1.0,7.4,5.9,25.5,2.1,1.9,-5.140680519398302,,,-0.9858081698184832,-1.7119276012526825,-0.0991767005762085,-0.3370682514505461,-0.0457115935860201,-0.3262286437675357,-0.0826217317371629,-0.1568693423178047,-1.6740548626403324,-1.4741741024772637,2,Done,tetracene_a=7.4_b=5.9_theta=25.5_R3=2.1_R4=1.9_A2=-1.0_cx=1.6_cy=-0.8_cz=13.1.log
1.6,-0.9,13.2,-2.0,7.4,5.9,25.5,2.1,1.9,-5.409807008050848,,,-1.3051078481366858,-1.7239544577896595,-0.0931049137143418,-0.3203049494186416,-0.0448418646119535,-0.2771887371782213,-0.0791622690740041,-0.1459236855152994,-1.856532888195943,-1.4459367798408491,1,Done,tetracene_a=7.4_b=5.9_theta=25.5_R3=2.1_R4=1.9_A2=-2.0_cx=1.6_cy=-0.9_cz=13.2.log
1.6,-0.9,13.2,-2.5,7.4,5.9,25.5,2.1,1.9,-5.412387956865132,,,-1.32761788694188,-1.7214243375929072,-0.0915675142314285,-0.338448773487471,-0.0457366938935592,-0.2683822618564591,-0.0790687701082788,-0.1457009193836711,-1.8443736269255169,-1.4466559064458124,1,Done,tetracene_a=7.4_b=5.9_theta=25.5_R3=2.1_R4=1.9_A2=-2.5_cx=1.6_cy=-0.9_cz=13.2.log
1.6,-0.9,13.3,-1.5,7.4,5.9,25.5,2.1,1.9,-5.34784290578682,,,-1.3675614084349943,-1.6182629487011582,-0.088644572533667,-0.2848016886273399,-0.0398368446622043,-0.2756475727073848,-0.0751562451478093,-0.1396931387716904,-1.9251498517696743,-1.370466152264271,1,Done,tetracene_a=7.4_b=5.9_theta=25.5_R3=2.1_R4=1.9_A2=-1.5_cx=1.6_cy=-0.9_cz=13.3.log
1.6,-0.8,13.4,0.0,7.4,5.8,25.5,2.1,1.9,-5.1623704027733766,,,-1.2855784819694236,-1.4991703358246014,-0.0863867916632443,-0.2734914482571184,-0.0346197267062962,-0.3298594166990369,-0.0708433691179379,-0.1387926618335768,-1.9361827324610204,-1.261998538800981,2,Done,tetracene_a=7.4_b=5.8_theta=25.5_R3=2.1_R4=1.9_A2=0.0_cx=1.6_cy=-0.8_cz=13.4.log
1.6,-0.8,13.3,-0.5,7.3,5.9,25.5,2.1,1.9,-5.212702979857568,,,-1.3017192941624671,-1.5896949282614514,-0.0883032073033973,-0.2811106748413294,-0.0370933712692931,-0.3124773896997794,-0.0754254469648003,-0.1464401262346655,-1.845788662030828,-1.3398493118584156,2,Done,tetracene_a=7.3_b=5.9_theta=25.5_R3=2.1_R4=1.9_A2=-0.5_cx=1.6_cy=-0.8_cz=13.3.log
1.6,-0.8,13.2,-1.0,7.4,5.9,25.5,2.1,1.9,-5.303607843467034,,,-1.2387712560594082,-1.6775965292472392,-0.0929254457587376,-0.3158634336432442,-0.0414595856564119,-0.3138792468234896,-0.0783747440436855,-0.1499880678020417,-1.821097398584243,-1.4138998844427988,2,Done,tetracene_a=7.4_b=5.9_theta=25.5_R3=2.1_R4=1.9_A2=-1.0_cx=1.6_cy=-0.8_cz=13.2.log
1.6,-0.8,13.1,-1.5,7.4,5.9,25.5,2.1,1.9,-5.1975435932399705,,,-1.071825985563919,-1.7635616342304274,-0.0975514494348317,-0.3562964129960164,-0.0464984909631311,-0.3152886343887076,-0.0825702759320847,-0.1566704217111691,-1.6562429915065875,-1.4765486003016122,1,Done,tetracene_a=7.4_b=5.9_theta=25.5_R3=2.1_R4=1.9_A2=-1.5_cx=1.6_cy=-0.8_cz=13.1.log
1.6,-0.9,13.3,-2.0,7.4,5.9,25.5,2.1,1.9,-5.355223050632048,,,-1.3935152218909934,-1.6152935713762415,-0.0872991912765428,-0.3001267377985641,-0.040475649992004,-0.2667319105239585,-0.075109809404239,-0.1395312410895712,-1.9173323320574127,-1.371528526651673,1,Done,tetracene_a=7.4_b=5.9_theta=25.5_R3=2.1_R4=1.9_A2=-2.0_cx=1.6_cy=-0.9_cz=13.3.log
1.6,-0.9,13.3,-2.5,7.4,5.9,25.5,2.1,1.9,-5.350812910764944,,,-1.4025990567170084,-1.6053374977782369,-0.0859274544054642,-0.3166377808665856,-0.0411922663915902,-0.2583094713045284,-0.0750345083069987,-0.1393304379307665,-1.9093968407833013,-1.37204936001217,1,Done,tetracene_a=7.4_b=5.9_theta=25.5_R3=2.1_R4=1.9_A2=-2.5_cx=1.6_cy=-0.9_cz=13.3.log
1.6,-0.7,13.2,0.0,7.4,5.8,25.5,2.1,1.9,-5.038309165334795,,,-1.1256399881094694,-1.5535415671765804,-0.0957203754223883,-0.3416377794928849,-0.0403350876877084,-0.3794615721562877,-0.0778953263070434,-0.1559004668961279,-1.6445305172237568,-1.391814669885207,2,Done,tetracene_a=7.4_b=5.8_theta=25.5_R3=2.1_R4=1.9_A2=0.0_cx=1.6_cy=-0.7_cz=13.2.log
1.6,-0.7,13.1,-0.5,7.3,5.9,25.5,2.1,1.9,-4.705362399399746,,,-0.9524108325131238,-1.5857127498602497,-0.0973519013496115,-0.3509073571767658,-0.0431124470196664,-0.358306954964064,-0.0829122686991468,-0.1645136692095548,-1.3358972538262606,-1.4281380862230435,2,Done,tetracene_a=7.3_b=5.9_theta=25.5_R3=2.1_R4=1.9_A2=-0.5_cx=1.6_cy=-0.7_cz=13.1.log
1.6,-0.7,13.0,-1.0,7.4,5.9,25.5,2.1,1.9,-4.539581160468515,,,-0.6424510129727423,-1.6085578788770365,-0.1021410578396171,-0.396443247795105,-0.0481551174307242,-0.3594540432095527,-0.0860228358651511,-0.1681168316863477,-1.2180653086397797,-1.4887750052148476,2,Done,tetracene_a=7.4_b=5.9_theta=25.5_R3=2.1_R4=1.9_A2=-1.0_cx=1.6_cy=-0.7_cz=13.0.log
1.6,-0.7,13.3,0.0,7.4,5.8,25.5,2.1,1.9,-5.142775147629436,,,-1.2860014237230644,-1.541878666379489,-0.089515556464903,-0.3195858229883015,-0.0365976382745429,-0.3645782899111509,-0.0738616921007633,-0.1489313407219015,-1.786442531214561,-1.314460884721484,2,Done,tetracene_a=7.4_b=5.8_theta=25.5_R3=2.1_R4=1.9_A2=0.0_cx=1.6_cy=-0.7_cz=13.3.log
1.6,-0.8,13.2,-1.5,7.4,5.9,25.5,2.1,1.9,-5.337914756673854,,,-1.291018993826583,-1.7059806891484186,-0.0914809177629649,-0.3334136332850903,-0.0420657604699954,-0.3033872798550874,-0.0783389760181307,-0.1498117374139838,-1.8100030217319727,-1.4160873843356967,1,Done,tetracene_a=7.4_b=5.9_theta=25.5_R3=2.1_R4=1.9_A2=-1.5_cx=1.6_cy=-0.8_cz=13.2.log
1.6,-0.7,13.2,-0.5,7.3,5.9,25.5,2.1,1.9,-5.000128947256599,,,-1.218874169047922,-1.6025965339504182,-0.0912161085288971,-0.3284864247543737,-0.0391528590116649,-0.3446335120825097,-0.078609432792291,-0.1572038052254356,-1.575995757651981,-1.375840147898998,2,Done,tetracene_a=7.3_b=5.9_theta=25.5_R3=2.1_R4=1.9_A2=-0.5_cx=1.6_cy=-0.7_cz=13.2.log
1.6,-0.8,13.1,-2.0,7.4,5.9,25.5,2.1,1.9,-5.23171276767971,,,-1.1237285927636549,-1.801824683789164,-0.0959010983351618,-0.3770054979249835,-0.0473694748943671,-0.3048581632319838,-0.0824855620739981,-0.1564269477967172,-1.6388151562423443,-1.4786413460969925,1,Done,tetracene_a=7.4_b=5.9_theta=25.5_R3=2.1_R4=1.9_A2=-2.0_cx=1.6_cy=-0.8_cz=13.1.log
1.6,-0.8,13.1,-2.5,7.4,5.9,25.5,2.1,1.9,-5.247939548746217,,,-1.1521924464032054,-1.8255420518107712,-0.0942269015358761,-0.3990034887101501,-0.0483119949931278,-0.2948556536575779,-0.0823738652397878,-0.1561389207490719,-1.6219050166546367,-1.4804554775473662,1,Done,tetracene_a=7.4_b=5.9_theta=25.5_R3=2.1_R4=1.9_A2=-2.5_cx=1.6_cy=-0.8_cz=13.1.log
1.6,-0.7,13.1,-1.0,7.4,5.9,25.5,2.1,1.9,-4.974022648471873,,,-1.045687684090808,-1.656873638974503,-0.0957981867250055,-0.3711119240615517,-0.0437148568453267,-0.3459123773500323,-0.0816258732811547,-0.160803830018267,-1.506429371482227,-1.445614239666611,2,Done,tetracene_a=7.4_b=5.9_theta=25.5_R3=2.1_R4=1.9_A2=-1.0_cx=1.6_cy=-0.7_cz=13.1.log
1.6,-0.7,13.4,0.0,7.4,5.8,25.5,2.1,1.9,-5.108656174154021,,,-1.33912014530506,-1.4905194829916582,-0.0837085789535194,-0.2990637358743697,-0.0332028091652318,-0.3500514335464686,-0.070028860878665,-0.1422056886949576,-1.8697564064641483,-1.228832125198096,2,Done,tetracene_a=7.4_b=5.8_theta=25.5_R3=2.1_R4=1.9_A2=0.0_cx=1.6_cy=-0.7_cz=13.4.log
1.6,-0.7,13.3,-0.5,7.3,5.9,25.5,2.1,1.9,-5.106566565926187,,,-1.3479203454917297,-1.5713189255911857,-0.0854492916259914,-0.3076141871279105,-0.03553087124601,-0.3313227699836716,-0.0745186950662173,-0.150138042634353,-1.7365529763046652,-1.3057786563877016,2,Done,tetracene_a=7.3_b=5.9_theta=25.5_R3=2.1_R4=1.9_A2=-0.5_cx=1.6_cy=-0.7_cz=13.3.log
1.6,-0.8,13.3,-1.5,7.4,5.9,25.5,2.1,1.9,-5.325964769523125,,,-1.3881387163419276,-1.6208583299303427,-0.0857718318002298,-0.3120644881855696,-0.0381275076651945,-0.2917921500047669,-0.0743254219996742,-0.1431971544516272,-1.901405500771944,-1.3386601803358644,1,Done,tetracene_a=7.4_b=5.9_theta=25.5_R3=2.1_R4=1.9_A2=-1.5_cx=1.6_cy=-0.8_cz=13.3.log
1.6,-0.7,13.2,-1.0,7.4,5.9,25.5,2.1,1.9,-5.185511088871863,,,-1.2768033822067082,-1.64739698311314,-0.0898343315348029,-0.3470632309326902,-0.0396912625292316,-0.3326982719590887,-0.0774378714850172,-0.1537305373349227,-1.706739348534029,-1.380859600380063,2,Done,tetracene_a=7.4_b=5.9_theta=25.5_R3=2.1_R4=1.9_A2=-1.0_cx=1.6_cy=-0.7_cz=13.2.log
1.6,-0.8,13.2,-2.0,7.4,5.9,25.5,2.1,1.9,-5.354768106422853,,,-1.317442184779793,-1.7238327210070563,-0.0900037593673914,-0.352576533681713,-0.0427384511567652,-0.2933333145920187,-0.0782793625257909,-0.1495946189388632,-1.7990874852985144,-1.4178431573673151,1,Done,tetracene_a=7.4_b=5.9_theta=25.5_R3=2.1_R4=1.9_A2=-2.0_cx=1.6_cy=-0.8_cz=13.2.log
1.6,-0.8,13.2,-2.5,7.4,5.9,25.5,2.1,1.9,-5.359055881970562,,,-1.327976822736673,-1.7308482826920226,-0.0885115405544638,-0.3732241227990016,-0.0435077784350141,-0.2837524918140843,-0.0781933936523273,-0.1493342022877186,-1.7884562108083628,-1.4191615557065234,1,Done,tetracene_a=7.4_b=5.9_theta=25.5_R3=2.1_R4=1.9_A2=-2.5_cx=1.6_cy=-0.8_cz=13.2.log
1.4,-0.9,13.4,-0.5,7.3,5.9,25.5,2.1,1.9,-5.074845307681244,,,-1.1537110204808414,-1.492316671530716,-0.0843059684848412,-0.2600464191054925,-0.0381162123521789,-0.2935654933098703,-0.0764558183145709,-0.147507520741783,-1.956659011426381,-1.2331920645665375,2,Done,tetracene_a=7.3_b=5.9_theta=25.5_R3=2.1_R4=1.9_A2=-0.5_cx=1.4_cy=-0.9_cz=13.4.log
1.5,-1.0,13.1,-1.0,7.4,5.9,25.5,2.1,1.9,-5.19936525443336,,,-0.5117356600239873,-1.7449195670196789,-0.106153356609866,-0.2915110253961757,-0.0522653078660368,-0.2960516877938062,-0.0872025545686483,-0.1553357079392299,-1.924906377738808,-1.530602311831899,2,Done,tetracene_a=7.4_b=5.9_theta=25.5_R3=2.1_R4=1.9_A2=-1.0_cx=1.5_cy=-1.0_cz=13.1.log
1.6,-0.7,13.1,-1.5,7.4,5.9,25.5,2.1,1.9,-5.024672118248418,,,-1.103165090084076,-1.71988442807924,-0.094218116486445,-0.3926819526823237,-0.0443586818873882,-0.3340649886522442,-0.081581947626546,-0.1605760439997539,-1.4898637349251658,-1.4484637627610937,2,Done,tetracene_a=7.4_b=5.9_theta=25.5_R3=2.1_R4=1.9_A2=-1.5_cx=1.6_cy=-0.7_cz=13.1.log
1.6,-0.8,13.3,-2.0,7.4,5.9,25.5,2.1,1.9,-5.332126917841379,,,-1.3996359546435997,-1.625081472448073,-0.0844641010044142,-0.3295368765247985,-0.0386947765946388,-0.2821259859483689,-0.0742802411550656,-0.1430057639372535,-1.8950544722029008,-1.340016856964212,1,Done,tetracene_a=7.4_b=5.9_theta=25.5_R3=2.1_R4=1.9_A2=-2.0_cx=1.6_cy=-0.8_cz=13.3.log
1.6,-0.8,13.3,-2.5,7.4,5.9,25.5,2.1,1.9,-5.330285175936297,,,-1.4017456433502955,-1.6215962817659602,-0.0831325248582288,-0.3486006302991882,-0.0393109914148226,-0.272974380175583,-0.0742168627330102,-0.1427754677133634,-1.8887718419427983,-1.3408407776150852,1,Done,tetracene_a=7.4_b=5.9_theta=25.5_R3=2.1_R4=1.9_A2=-2.5_cx=1.6_cy=-0.8_cz=13.3.log
1.4,-0.8,13.4,-0.5,7.3,5.9,25.5,2.1,1.9,-5.116801253752783,,,-1.1902659879997373,-1.4663929783273488,-0.0816516011254862,-0.2840160462073982,-0.0366001483052969,-0.311527339508757,-0.075562871643342,-0.1514790314831771,-2.003190132789314,-1.2013421670999378,2,Done,tetracene_a=7.3_b=5.9_theta=25.5_R3=2.1_R4=1.9_A2=-0.5_cx=1.4_cy=-0.8_cz=13.4.log
1.5,-1.0,13.2,-1.0,7.4,5.9,25.5,2.1,1.9,-5.298498657008167,,,-0.9173418089048936,-1.6970380439888686,-0.0991139495745301,-0.2738089684862643,-0.0471184708876535,-0.2848292990820482,-0.0826254967250861,-0.1484594533103518,-1.946849147498142,-1.4609392890124582,2,Done,tetracene_a=7.4_b=5.9_theta=25.5_R3=2.1_R4=1.9_A2=-1.0_cx=1.5_cy=-1.0_cz=13.2.log
1.6,-0.7,13.2,-1.5,7.4,5.9,25.5,2.1,1.9,-5.216219545691274,,,-1.307312918244861,-1.685027502477169,-0.0884199241409078,-0.3671887315576896,-0.040244726347737,-0.3213240257464349,-0.0774121436406858,-0.1535253415931947,-1.6972890479955822,-1.3832340982044116,2,Done,tetracene_a=7.4_b=5.9_theta=25.5_R3=2.1_R4=1.9_A2=-1.5_cx=1.6_cy=-0.7_cz=13.2.log
1.6,-0.7,13.1,-2.0,7.4,5.9,25.5,2.1,1.9,-5.058240137819666,,,-1.135304897208698,-1.7715059106703848,-0.0926104357931763,-0.4154568007215857,-0.0450878483243286,-0.3228375795297324,-0.0815097838640213,-0.1602986844372935,-1.474009694880806,-1.4510202385135926,1,Done,tetracene_a=7.4_b=5.9_theta=25.5_R3=2.1_R4=1.9_A2=-2.0_cx=1.6_cy=-0.7_cz=13.1.log
1.6,-0.7,13.1,-2.5,7.4,5.9,25.5,2.1,1.9,-5.079781301377807,,,-1.1542732694651932,-1.8093673541443425,-0.0909914600197225,-0.4396912368247285,-0.0459149066591635,-0.3121297489851713,-0.081405617238488,-0.1599711243179626,-1.4589758103247732,-1.4532447614474222,1,Done,tetracene_a=7.4_b=5.9_theta=25.5_R3=2.1_R4=1.9_A2=-2.5_cx=1.6_cy=-0.7_cz=13.1.log
1.4,-0.7,13.4,-0.5,7.3,5.9,25.5,2.1,1.9,-5.12390905956272,,,-1.209420103346929,-1.433569185435772,-0.0790612398413941,-0.3105747791705653,-0.0351480901008471,-0.3307329105446115,-0.0746316469158046,-0.1554580724332481,-2.026280618330929,-1.1682855676626789,2,Done,tetracene_a=7.3_b=5.9_theta=25.5_R3=2.1_R4=1.9_A2=-0.5_cx=1.4_cy=-0.7_cz=13.4.log
1.5,-1.0,13.3,-1.0,7.4,5.9,25.5,2.1,1.9,-5.249790075467899,,,-1.147424625349231,-1.6184373964788392,-0.0925614901352673,-0.257024330785498,-0.0425815735943615,-0.2739056049613282,-0.078276852495037,-0.141824162506964,-1.93797176348744,-1.375749786326196,2,Done,tetracene_a=7.4_b=5.9_theta=25.5_R3=2.1_R4=1.9_A2=-1.0_cx=1.5_cy=-1.0_cz=13.3.log
1.6,-0.7,13.3,-1.5,7.4,5.9,25.5,2.1,1.9,-5.247084252478089,,,-1.3964180833427235,-1.6156675673555585,-0.0829756472958251,-0.3429731205105781,-0.0364922165172174,-0.3089670985937118,-0.0734531831694766,-0.1467130930395797,-1.83088216179749,-1.3042889476637356,2,Done,tetracene_a=7.4_b=5.9_theta=25.5_R3=2.1_R4=1.9_A2=-1.5_cx=1.6_cy=-0.7_cz=13.3.log
1.6,-0.7,13.2,-2.0,7.4,5.9,25.5,2.1,1.9,-5.234338268928696,,,-1.3201153773115948,-1.713197681470774,-0.0869904560968279,-0.3886909891152754,-0.0408258005045354,-0.3105597191024571,-0.0773625702131539,-0.1532737099914811,-1.6883231850806624,-1.3851887918426655,1,Done,tetracene_a=7.4_b=5.9_theta=25.5_R3=2.1_R4=1.9_A2=-2.0_cx=1.6_cy=-0.7_cz=13.2.log
1.6,-0.7,13.2,-2.5,7.4,5.9,25.5,2.1,1.9,-5.2445808011398185,,,-1.326003931229934,-1.730556490656454,-0.0855409081559628,-0.4115825538756326,-0.041465860675089,-0.3002635349985212,-0.0772809939808212,-0.1529781528515741,-1.6799195710918866,-1.3866954434197396,1,Done,tetracene_a=7.4_b=5.9_theta=25.5_R3=2.1_R4=1.9_A2=-2.5_cx=1.6_cy=-0.7_cz=13.2.log
1.5,-0.9,13.4,-0.5,7.3,5.9,25.5,2.1,1.9,-5.147057903581299,,,-1.2360817482694983,-1.510484341182746,-0.0848682173527777,-0.2505270923720673,-0.0365486925002187,-0.2886972707929089,-0.0743655827245675,-0.1418260450591333,-1.9603901856462471,-1.2668724089162424,2,Done,tetracene_a=7.3_b=5.9_theta=25.5_R3=2.1_R4=1.9_A2=-0.5_cx=1.5_cy=-0.9_cz=13.4.log
1.5,-0.9,13.3,-1.0,7.4,5.9,25.5,2.1,1.9,-5.3052820400334895,,,-1.2017720114672557,-1.6085051681147888,-0.0895783075829967,-0.281121969805099,-0.04082705557812,-0.2902622806141153,-0.0774290864355862,-0.1455898501444608,-1.979643447615672,-1.3465862592565827,2,Done,tetracene_a=7.4_b=5.9_theta=25.5_R3=2.1_R4=1.9_A2=-1.0_cx=1.5_cy=-0.9_cz=13.3.log
1.4,-1.0,13.1,-1.5,7.4,5.9,25.5,2.1,1.9,-5.165067440131679,,,-0.3438930502161383,-1.748872880009003,-0.1041089291684329,-0.3181802005274221,-0.0553237915737554,-0.2910893388325348,-0.0899021026561968,-0.1617545076296664,-1.9587141064694151,-1.5239626282127574,2,Done,tetracene_a=7.4_b=5.9_theta=25.5_R3=2.1_R4=1.9_A2=-1.5_cx=1.4_cy=-1.0_cz=13.1.log
1.6,-0.7,13.3,-2.0,7.4,5.9,25.5,2.1,1.9,-5.255841781909112,,,-1.399620894342661,-1.627348038367927,-0.0816992919426411,-0.3630057497648522,-0.0370092848315835,-0.2986244788626209,-0.0734249450615607,-0.1464890719507821,-1.8265994061948727,-1.305674489645753,1,Done,tetracene_a=7.4_b=5.9_theta=25.5_R3=2.1_R4=1.9_A2=-2.0_cx=1.6_cy=-0.7_cz=13.3.log
1.5,-0.8,13.4,-0.5,7.3,5.9,25.5,2.1,1.9,-5.171560914022848,,,-1.2807303395820782,-1.499177865916863,-0.0822088301647454,-0.273717351956293,-0.0350652589695528,-0.3060780427185818,-0.0735084039042703,-0.1455528271035291,-1.979377383249812,-1.2346334551111795,2,Done,tetracene_a=7.3_b=5.9_theta=25.5_R3=2.1_R4=1.9_A2=-0.5_cx=1.5_cy=-0.8_cz=13.4.log
1.6,-0.7,13.3,-2.5,7.4,5.9,25.5,2.1,1.9,-5.259922479745001,,,-1.3999760649167,-1.6310792128788307,-0.0804016013862565,-0.3845895838458091,-0.0375652587972581,-0.28870605584234,-0.0733672142378054,-0.1462286552414298,-1.822644838190172,-1.3065228832419962,1,Done,tetracene_a=7.4_b=5.9_theta=25.5_R3=2.1_R4=1.9_A2=-2.5_cx=1.6_cy=-0.7_cz=13.3.log
1.5,-0.8,13.3,-1.0,7.4,5.9,25.5,2.1,1.9,-5.318922224920243,,,-1.2359951518010348,-1.5885076794074848,-0.0866867413278669,-0.3076643879758194,-0.039142818772234,-0.3076681529637426,-0.0765411597676575,-0.1493756179697811,-1.9962919154786505,-1.3138810655800626,2,Done,tetracene_a=7.4_b=5.9_theta=25.5_R3=2.1_R4=1.9_A2=-1.0_cx=1.5_cy=-0.8_cz=13.3.log
1.4,-1.0,13.2,-1.5,7.4,5.9,25.5,2.1,1.9,-5.248240125889424,,,-0.8055998479248956,-1.7069388969102874,-0.0971987888915464,-0.2989445090061053,-0.0498155090026557,-0.2798845202196389,-0.0851179664605297,-0.1544854319072328,-1.9512254021829,-1.4382202893611975,2,Done,tetracene_a=7.4_b=5.9_theta=25.5_R3=2.1_R4=1.9_A2=-1.5_cx=1.4_cy=-1.0_cz=13.2.log
1.5,-0.7,13.4,-0.5,7.3,5.9,25.5,2.1,1.9,-5.1503008753061295,,,-1.3082328479504213,-1.4816490015946329,-0.0796059186104685,-0.299371215631254,-0.03364332113415,-0.3246887342538684,-0.072620477352757,-0.1492909041699022,-1.963761797058396,-1.2010321771376766,2,Done,tetracene_a=7.3_b=5.9_theta=25.5_R3=2.1_R4=1.9_A2=-0.5_cx=1.5_cy=-0.7_cz=13.4.log
1.4,-1.0,13.1,-2.0,7.4,5.9,25.5,2.1,1.9,-5.234842787438538,,,-0.4395594599191099,-1.8044677559519189,-0.1023330758325755,-0.3351518358103931,-0.0563428679015487,-0.2814156445674598,-0.089812996215187,-0.161581315100193,-1.948932480590884,-1.5248806755407711,1,Done,tetracene_a=7.4_b=5.9_theta=25.5_R3=2.1_R4=1.9_A2=-2.0_cx=1.4_cy=-1.0_cz=13.1.log
1.4,-1.0,13.1,-2.5,7.4,5.9,25.5,2.1,1.9,-5.273727071878966,,,-0.4951003699097782,-1.8380508362315595,-0.1005409071221947,-0.3536545956740156,-0.0574121448444202,-0.2722979243844747,-0.0896925143897533,-0.161359176330734,-1.9389211859670468,-1.5252258061082102,1,Done,tetracene_a=7.4_b=5.9_theta=25.5_R3=2.1_R4=1.9_A2=-2.5_cx=1.4_cy=-1.0_cz=13.1.log
1.6,-1.0,13.1,-1.0,7.4,5.9,25.5,2.1,1.9,-5.224682772997767,,,-0.7860027108108625,-1.785250889719464,-0.1062926639569923,-0.2805559559492394,-0.0503124967217445,-0.2906412966549396,-0.0844998690881766,-0.1490267224726267,-1.832419561338611,-1.5092086131917313,2,Done,tetracene_a=7.4_b=5.9_theta=25.5_R3=2.1_R4=1.9_A2=-1.0_cx=1.6_cy=-1.0_cz=13.1.log
1.4,-1.0,13.3,-1.5,7.4,5.9,25.5,2.1,1.9,-5.189719798276201,,,-1.0778049008222297,-1.6314419135451317,-0.090766811510548,-0.2805961166741326,-0.0449121457058936,-0.2689909467007965,-0.0805779316578991,-0.1474736351519823,-1.9200256048934528,-1.3443862090935,2,Done,tetracene_a=7.4_b=5.9_theta=25.5_R3=2.1_R4=1.9_A2=-1.5_cx=1.4_cy=-1.0_cz=13.3.log
1.6,-0.9,13.4,-0.5,7.3,5.9,25.5,2.1,1.9,-5.152338399959263,,,-1.297567688045092,-1.5101392104988918,-0.0853124944260343,-0.24089481390547,-0.0350803190376609,-0.2835830640979111,-0.072304212313611,-0.1363409802434034,-1.925945534312632,-1.291458878084086,2,Done,tetracene_a=7.3_b=5.9_theta=25.5_R3=2.1_R4=1.9_A2=-0.5_cx=1.6_cy=-0.9_cz=13.4.log
1.6,-1.0,13.2,-1.0,7.4,5.9,25.5,2.1,1.9,-5.3315358033869416,,,-1.0961959639098495,-1.7082792582223192,-0.0993636983912438,-0.2634186577051878,-0.0453488928033039,-0.2798129839356988,-0.0801393021247349,-0.1425495641888119,-1.89709136961028,-1.465545839979313,2,Done,tetracene_a=7.4_b=5.9_theta=25.5_R3=2.1_R4=1.9_A2=-1.0_cx=1.6_cy=-1.0_cz=13.2.log
1.5,-1.0,13.1,-1.5,7.4,5.9,25.5,2.1,1.9,-5.290512023464544,,,-0.6671347464434803,-1.79344742547255,-0.1043913086177781,-0.3068448598496616,-0.0532661864417605,-0.2862273913342505,-0.0871398035669699,-0.1552014207700267,-1.9113201588625088,-1.5311946811852977,2,Done,tetracene_a=7.4_b=5.9_theta=25.5_R3=2.1_R4=1.9_A2=-1.5_cx=1.5_cy=-1.0_cz=13.1.log
1.4,-1.0,13.2,-2.0,7.4,5.9,25.5,2.1,1.9,-5.290247527940664,,,-0.8659587799338624,-1.735870872857049,-0.095645074150525,-0.3148067068541422,-0.0506915128789842,-0.2706362778553739,-0.0850520779495127,-0.1543329469277523,-1.944688002986368,-1.439369887812063,1,Done,tetracene_a=7.4_b=5.9_theta=25.5_R3=2.1_R4=1.9_A2=-2.0_cx=1.4_cy=-1.0_cz=13.2.log
1.4,-1.0,13.2,-2.5,7.4,5.9,25.5,2.1,1.9,-5.30813940698863,,,-0.8948066695593297,-1.7484122877940536,-0.0940869668847881,-0.3318586635868996,-0.0516265027690678,-0.2619063587626442,-0.0849529313272796,-0.1541396738030016,-1.937814258504659,-1.4398838186752982,1,Done,tetracene_a=7.4_b=5.9_theta=25.5_R3=2.1_R4=1.9_A2=-2.5_cx=1.4_cy=-1.0_cz=13.2.log
1.6,-0.8,13.4,-0.5,7.3,5.9,25.5,2.1,1.9,-5.142973441048525,,,-1.346948959981091,-1.5104065298801288,-0.0826455771457403,-0.2632743305293843,-0.0336244959617033,-0.3003601715900004,-0.0714871942182071,-0.1398274257662706,-1.9040899886167608,-1.2589387999032624,2,Done,tetracene_a=7.3_b=5.9_theta=25.5_R3=2.1_R4=1.9_A2=-0.5_cx=1.6_cy=-0.8_cz=13.4.log
1.6,-1.0,13.3,-1.0,7.4,5.9,25.5,2.1,1.9,-5.287945193762425,,,-1.255681395530701,-1.610623641870916,-0.0929141506785526,-0.247182464110665,-0.0409889532020315,-0.2692695610458031,-0.0759977360721677,-0.136298309545964,-1.9208093649940563,-1.3965096999309026,2,Done,tetracene_a=7.4_b=5.9_theta=25.5_R3=2.1_R4=1.9_A2=-1.0_cx=1.6_cy=-1.0_cz=13.3.log
1.5,-1.0,13.2,-1.5,7.4,5.9,25.5,2.1,1.9,-5.35843715723604,,,-1.0245832677464932,-1.7217845283448696,-0.0975740399444475,-0.2881914975587278,-0.0479405091609805,-0.2754003338050097,-0.0825828260858543,-0.1483483840129338,-1.937686246528756,-1.4620826123282311,2,Done,tetracene_a=7.4_b=5.9_theta=25.5_R3=2.1_R4=1.9_A2=-1.5_cx=1.5_cy=-1.0_cz=13.2.log
1.4,-1.0,13.3,-2.0,7.4,5.9,25.5,2.1,1.9,-5.211810033011716,,,-1.1123016356723383,-1.6419727865140883,-0.089431470260024,-0.2954442581394687,-0.0456162118352949,-0.2601744311396032,-0.0805352609604597,-0.1473468780750408,-1.9158758814446628,-1.3455816157511435,1,Done,tetracene_a=7.4_b=5.9_theta=25.5_R3=2.1_R4=1.9_A2=-2.0_cx=1.4_cy=-1.0_cz=13.3.log
1.4,-1.0,13.3,-2.5,7.4,5.9,25.5,2.1,1.9,-5.215889788989443,,,-1.1230439792852849,-1.6410051659913734,-0.0880735386162996,-0.3113265362335369,-0.046401854371652,-0.2518348232842982,-0.0804580771364271,-0.1471730578341521,-1.9112981958896853,-1.3461175092379565,1,Done,tetracene_a=7.4_b=5.9_theta=25.5_R3=2.1_R4=1.9_A2=-2.5_cx=1.4_cy=-1.0_cz=13.3.log
1.6,-0.7,13.4,-0.5,7.3,5.9,25.5,2.1,1.9,-5.074573595717084,,,-1.379969791159965,-1.505521991872229,-0.0800376455299556,-0.2880208148853853,-0.0322301685810089,-0.3183471182128414,-0.070638800621964,-0.1433301866054535,-1.8335151938372287,-1.2250256495317444,2,Done,tetracene_a=7.3_b=5.9_theta=25.5_R3=2.1_R4=1.9_A2=-0.5_cx=1.6_cy=-0.7_cz=13.4.log
1.6,-0.9,13.3,-1.0,7.4,5.9,25.5,2.1,1.9,-5.324171973799821,,,-1.316691682790406,-1.6136394549394026,-0.0899485384579747,-0.2704367296537384,-0.0392570256954059,-0.2850639878306538,-0.0751863656914793,-0.1398129931767471,-1.9327803733176552,-1.3688735319301486,2,Done,tetracene_a=7.4_b=5.9_theta=25.5_R3=2.1_R4=1.9_A2=-1.0_cx=1.6_cy=-0.9_cz=13.3.log
1.5,-1.0,13.3,-1.5,7.4,5.9,25.5,2.1,1.9,-5.287389219680335,,,-1.2196359661174938,-1.6268874460365623,-0.0912299137562513,-0.2703940591309219,-0.0432241436792537,-0.2648895413149148,-0.0782523794914595,-0.1417363112559542,-1.932100779900793,-1.3771692140144296,2,Done,tetracene_a=7.4_b=5.9_theta=25.5_R3=2.1_R4=1.9_A2=-1.5_cx=1.5_cy=-1.0_cz=13.3.log
1.5,-1.0,13.1,-2.0,7.4,5.9,25.5,2.1,1.9,-5.348586505046114,,,-0.7742343881400302,-1.824020967585966,-0.102607925189659,-0.3231990254716947,-0.0543109904974699,-0.2769151428947225,-0.087044422107283,-0.1550288556609302,-1.8975149387842976,-1.5313540686038325,1,Done,tetracene_a=7.4_b=5.9_theta=25.5_R3=2.1_R4=1.9_A2=-2.0_cx=1.5_cy=-1.0_cz=13.1.log
1.5,-1.0,13.1,-2.5,7.4,5.9,25.5,2.1,1.9,-5.378450960968621,,,-0.8412825767882168,-1.8373982259072363,-0.1008232866879552,-0.3410454099066555,-0.0554216831224039,-0.2681149427080527,-0.0869176650303416,-0.1548035794403404,-1.8835917469696144,-1.5310949069680646,1,Done,tetracene_a=7.4_b=5.9_theta=25.5_R3=2.1_R4=1.9_A2=-2.5_cx=1.5_cy=-1.0_cz=13.1.log
1.6,-0.8,13.3,-1.0,7.4,5.9,25.5,2.1,1.9,-5.306979768094607,,,-1.3580734571442008,-1.6088565738173202,-0.0870557172456756,-0.2960403927136212,-0.0375985166756436,-0.3018900408642366,-0.0743398545891977,-0.1433496393729001,-1.9077464893925933,-1.3367864355095662,2,Done,tetracene_a=7.4_b=5.9_theta=25.5_R3=2.1_R4=1.9_A2=-1.0_cx=1.6_cy=-0.8_cz=13.3.log
1.6,-1.0,13.1,-1.5,7.4,5.9,25.5,2.1,1.9,-5.29876723093912,,,-0.9431600801181048,-1.8097877856343985,-0.1045293606584891,-0.2953313064062968,-0.0513353381538763,-0.2811633856035769,-0.0844314704299904,-0.1488911801134236,-1.8140328910085373,-1.5087580610997977,2,Done,tetracene_a=7.4_b=5.9_theta=25.5_R3=2.1_R4=1.9_A2=-1.5_cx=1.6_cy=-1.0_cz=13.1.log
1.5,-1.0,13.2,-2.0,7.4,5.9,25.5,2.1,1.9,-5.392141346703284,,,-1.0931763858534396,-1.733098533586599,-0.0960253453813493,-0.303480151342228,-0.0488428683020174,-0.2664972218917683,-0.0825100347865372,-0.1481952716130763,-1.9282127280603163,-1.4626630590646528,2,Done,tetracene_a=7.4_b=5.9_theta=25.5_R3=2.1_R4=1.9_A2=-2.0_cx=1.5_cy=-1.0_cz=13.2.log
1.5,-1.0,13.2,-2.5,7.4,5.9,25.5,2.1,1.9,-5.403924101963639,,,-1.1303124276455492,-1.7321321681374684,-0.0944628454744815,-0.3198845175793394,-0.0498180189169943,-0.2580772927030921,-0.0824071232345886,-0.1479944684542715,-1.918496990634594,-1.4626818844117224,1,Done,tetracene_a=7.4_b=5.9_theta=25.5_R3=2.1_R4=1.9_A2=-2.5_cx=1.5_cy=-1.0_cz=13.2.log
1.7,-1.0,13.1,-1.0,7.4,5.9,25.5,2.1,1.9,-5.1147674942039885,,,-1.0171510394429788,-1.7957541522337124,-0.106300194049254,-0.2695017398800701,-0.0484902078751474,-0.2850363773759454,-0.0818574244040064,-0.1429612107458524,-1.6794094056240283,-1.4494225980015472,2,Done,tetracene_a=7.4_b=5.9_theta=25.5_R3=2.1_R4=1.9_A2=-1.0_cx=1.7_cy=-1.0_cz=13.1.log
1.6,-1.0,13.2,-1.5,7.4,5.9,25.5,2.1,1.9,-5.379905529203825,,,-1.2056763786822557,-1.7162486352026463,-0.09783131896983832,-0.277281608665362,-0.04619603115133941,-0.270735424477607,-0.08008972887182608,-0.14242970978375524,-1.884495361300651,-1.465906030673068,2,Done,tetracene_a=7.4_b=5.9_theta=25.5_R3=2.1_R4=1.9_A2=-1.5_cx=1.6_cy=-1.0_cz=13.2.log
1.5,-1.0,13.3,-2.0,7.4,5.9,25.5,2.1,1.9,0.0,,,0.0,0.0,0.0,0.0,0.0,0.0,0.0,0.0,0.0,0.0,2,InProgress,tetracene_a=7.4_b=5.9_theta=25.5_R3=2.1_R4=1.9_A2=-2.0_cx=1.5_cy=-1.0_cz=13.3.log
1.5,-1.0,13.3,-2.5,7.4,5.9,25.5,2.1,1.9,0.0,,,0.0,0.0,0.0,0.0,0.0,0.0,0.0,0.0,0.0,0.0,1,InProgress,tetracene_a=7.4_b=5.9_theta=25.5_R3=2.1_R4=1.9_A2=-2.5_cx=1.5_cy=-1.0_cz=13.3.log
1.7,-1.0,13.2,-1.0,7.4,5.9,25.5,2.1,1.9,0.0,,,0.0,0.0,0.0,0.0,0.0,0.0,0.0,0.0,0.0,0.0,2,InProgress,tetracene_a=7.4_b=5.9_theta=25.5_R3=2.1_R4=1.9_A2=-1.0_cx=1.7_cy=-1.0_cz=13.2.log
1.6,-1.0,13.3,-1.5,7.4,5.9,25.5,2.1,1.9,0.0,,,0.0,0.0,0.0,0.0,0.0,0.0,0.0,0.0,0.0,0.0,2,InProgress,tetracene_a=7.4_b=5.9_theta=25.5_R3=2.1_R4=1.9_A2=-1.5_cx=1.6_cy=-1.0_cz=13.3.log
