cx,cy,cz,A1,A2,a,b,theta,R3,R4,E,E_i01,E_i02,E_ip1,E_ip2,E_ip3,E_ip4,E_it1,E_it2,E_it3,E_it4,machine_type,status,file_name
1.5,-0.9,18.2,-0.4,0,7.3,5.9,25.5,2.2,2.1,-5.076621789,-1.10940003,-1.452647999,-0.080754262,-0.277453546,-0.032046936,-0.345507006,-0.075037646,-0.157630512,-1.928294304,-1.266754437,1,Done,hexacene_a=7.3_b=5.9_theta=25.5_R3=2.2_R4=2.1_A1=-0.4_A2=0_cx=1.5_cy=-0.9_cz=18.2.log
1.4,-1,18.1,-0.4,0,7.3,5.9,25.5,2.2,2.1,-4.887000817,-0.528413621,-1.367394491,-0.088717364,-0.280308717,-0.038842869,-0.344044908,-0.082467364,-0.16723769,-1.954674825,-1.358759953,1,Done,hexacene_a=7.3_b=5.9_theta=25.5_R3=2.2_R4=2.1_A1=-0.4_A2=0_cx=1.4_cy=-1.0_cz=18.1.log
1.4,-1,18.2,-0.4,0,7.3,5.9,25.5,2.2,2.1,-4.966625561,-0.871297635,-1.426280029,-0.082674443,-0.263434973,-0.035027608,-0.330616194,-0.077936742,-0.159607169,-1.961138178,-1.263278032,1,Done,hexacene_a=7.3_b=5.9_theta=25.5_R3=2.2_R4=2.1_A1=-0.4_A2=0_cx=1.4_cy=-1.0_cz=18.2.log
1.4,-1,18.3,-0.4,0,7.3,5.9,25.5,2.2,2.1,-4.911916102,-1.054455254,-1.426631435,-0.077051953,-0.247590346,-0.031563753,-0.317576536,-0.073657124,-0.152246476,-1.941057858,-1.167520005,1,Done,hexacene_a=7.3_b=5.9_theta=25.5_R3=2.2_R4=2.1_A1=-0.4_A2=0_cx=1.4_cy=-1.0_cz=18.3.log
1.4,-0.9,18.1,-0.4,0,7.3,5.9,25.5,2.2,2.1,-4.913221322,-0.690261,-1.250702731,-0.085962595,-0.307065743,-0.037311745,-0.366196011,-0.081532374,-0.171969116,-1.962524975,-1.328444945,1,Done,hexacene_a=7.3_b=5.9_theta=25.5_R3=2.2_R4=2.1_A1=-0.4_A2=0_cx=1.4_cy=-0.9_cz=18.1.log
1.4,-0.9,18.2,-0.4,0,7.3,5.9,25.5,2.2,2.1,-5.015119534,-0.99336088,-1.34977401,-0.080195778,-0.28835967,-0.033665912,-0.351750731,-0.077077053,-0.164081315,-1.992181098,-1.233226578,1,Done,hexacene_a=7.3_b=5.9_theta=25.5_R3=2.2_R4=2.1_A1=-0.4_A2=0_cx=1.4_cy=-0.9_cz=18.2.log
1.4,-0.9,18.3,-0.4,0,7.3,5.9,25.5,2.2,2.1,-4.977616398,-1.14743341,-1.379637211,-0.074780367,-0.270569762,-0.030402859,-0.337688231,-0.072841361,-0.156482169,-1.989382403,-1.138654546,1,Done,hexacene_a=7.3_b=5.9_theta=25.5_R3=2.2_R4=2.1_A1=-0.4_A2=0_cx=1.4_cy=-0.9_cz=18.3.log
1.4,-0.8,18.1,-0.4,0,7.3,5.9,25.5,2.2,2.1,-4.886991404,-0.821084285,-1.12358803,-0.083283127,-0.336420661,-0.035818271,-0.39002884,-0.080559734,-0.176738191,-1.939194153,-1.295387718,1,Done,hexacene_a=7.3_b=5.9_theta=25.5_R3=2.2_R4=2.1_A1=-0.4_A2=0_cx=1.4_cy=-0.8_cz=18.1.log
1.4,-0.8,18.2,-0.4,0,7.3,5.9,25.5,2.2,2.1,-5.021388358,-1.090813183,-1.264871907,-0.077748489,-0.315769307,-0.032385791,-0.374529343,-0.076160889,-0.168574286,-1.997307854,-1.201286319,1,Done,hexacene_a=7.3_b=5.9_theta=25.5_R3=2.2_R4=2.1_A1=-0.4_A2=0_cx=1.4_cy=-0.8_cz=18.2.log
1.4,-0.8,18.3,-0.4,0,7.3,5.9,25.5,2.2,2.1,-5.009315066,-1.220933657,-1.32530112,-0.072565256,-0.29618472,-0.029323542,-0.359462828,-0.071994222,-0.160742962,-2.016158255,-1.108534066,1,Done,hexacene_a=7.3_b=5.9_theta=25.5_R3=2.2_R4=2.1_A1=-0.4_A2=0_cx=1.4_cy=-0.8_cz=18.3.log
1.5,-1,18.1,-0.4,0,7.3,5.9,25.5,2.2,2.1,-4.988105228,-0.718574251,-1.495011199,-0.089225647,-0.269722623,-0.037060741,-0.338140039,-0.080208328,-0.16064256,-1.886533514,-1.386853576,1,Done,hexacene_a=7.3_b=5.9_theta=25.5_R3=2.2_R4=2.1_A1=-0.4_A2=0_cx=1.5_cy=-1.0_cz=18.1.log
1.5,-1,18.2,-0.4,0,7.3,5.9,25.5,2.2,2.1,-5.050407559,-0.985975087,-1.505829472,-0.083251752,-0.253388538,-0.033377257,-0.325175682,-0.075878509,-0.15343247,-1.930716493,-1.296881192,1,Done,hexacene_a=7.3_b=5.9_theta=25.5_R3=2.2_R4=2.1_A1=-0.4_A2=0_cx=1.5_cy=-1.0_cz=18.2.log
1.5,-1,18.3,-0.4,0,7.3,5.9,25.5,2.2,2.1,-4.984017,-1.117538834,-1.470996392,-0.077654362,-0.238058469,-0.030038904,-0.312575281,-0.071774594,-0.146473384,-1.939495358,-1.202842543,1,Done,hexacene_a=7.3_b=5.9_theta=25.5_R3=2.2_R4=2.1_A1=-0.4_A2=0_cx=1.5_cy=-1.0_cz=18.3.log
1.5,-0.9,18.1,-0.4,0,7.3,5.9,25.5,2.2,2.1,-4.987211026,-0.881846078,-1.409763966,-0.086483428,-0.29556976,-0.035560992,-0.359425178,-0.079317264,-0.16506023,-1.851085474,-1.357423357,1,Done,hexacene_a=7.3_b=5.9_theta=25.5_R3=2.2_R4=2.1_A1=-0.4_A2=0_cx=1.5_cy=-0.9_cz=18.1.log
1.5,-0.9,18.3,-0.4,0,7.3,5.9,25.5,2.2,2.1,-5.031532057,-1.211163326,-1.441534797,-0.075382776,-0.260228397,-0.028903111,-0.331971615,-0.070996481,-0.150451798,-1.962035517,-1.17345625,1,Done,hexacene_a=7.3_b=5.9_theta=25.5_R3=2.2_R4=2.1_A1=-0.4_A2=0_cx=1.5_cy=-0.9_cz=18.3.log
1.5,-0.8,18.1,-0.4,0,7.3,5.9,25.5,2.2,2.1,-4.920635353,-1.016453248,-1.315223309,-0.083797686,-0.323914387,-0.034098894,-0.382341843,-0.078382274,-0.169515551,-1.770255911,-1.324566933,1,Done,hexacene_a=7.3_b=5.9_theta=25.5_R3=2.2_R4=2.1_A1=-0.4_A2=0_cx=1.5_cy=-0.8_cz=18.1.log
1.5,-0.8,18.2,-0.4,0,7.3,5.9,25.5,2.2,2.1,-5.049199601,-1.210303637,-1.391547351,-0.078306973,-0.303909368,-0.030804466,-0.367451031,-0.074171682,-0.161841104,-1.887644207,-1.234381196,1,Done,hexacene_a=7.3_b=5.9_theta=25.5_R3=2.2_R4=2.1_A1=-0.4_A2=0_cx=1.5_cy=-0.8_cz=18.2.log
1.5,-0.8,18.3,-0.4,0,7.3,5.9,25.5,2.2,2.1,-5.035105727,-1.287060661,-1.405063916,-0.073155116,-0.284958566,-0.027867719,-0.352924174,-0.070180719,-0.154449036,-1.952415789,-1.142545108,1,Done,hexacene_a=7.3_b=5.9_theta=25.5_R3=2.2_R4=2.1_A1=-0.4_A2=0_cx=1.5_cy=-0.8_cz=18.3.log
1.6,-1,18.1,-0.4,0,7.3,5.9,25.5,2.2,2.1,-4.988792351,-0.883182674,-1.588729818,-0.089614703,-0.259029853,-0.035372739,-0.331959065,-0.077968117,-0.154279609,-1.762876393,-1.399723806,1,Done,hexacene_a=7.3_b=5.9_theta=25.5_R3=2.2_R4=2.1_A1=-0.4_A2=0_cx=1.6_cy=-1.0_cz=18.1.log
1.6,-1,18.2,-0.4,0,7.3,5.9,25.5,2.2,2.1,-5.057940816,-1.08183979,-1.558967019,-0.083697284,-0.243260527,-0.031808482,-0.319459066,-0.073839102,-0.14746485,-1.85587965,-1.32124113,1,Done,hexacene_a=7.3_b=5.9_theta=25.5_R3=2.2_R4=2.1_A1=-0.4_A2=0_cx=1.6_cy=-1.0_cz=18.2.log
1.6,-1,18.3,-0.4,0,7.3,5.9,25.5,2.2,2.1,-4.997916347,-1.167978088,-1.494584493,-0.078150095,-0.228470116,-0.028614456,-0.307297922,-0.069910889,-0.14089482,-1.902039286,-1.232523766,1,Done,hexacene_a=7.3_b=5.9_theta=25.5_R3=2.2_R4=2.1_A1=-0.4_A2=0_cx=1.6_cy=-1.0_cz=18.3.log
1.6,-0.9,18.1,-0.4,0,7.3,5.9,25.5,2.2,2.1,-4.939306913,-1.042369411,-1.531030274,-0.086885035,-0.283935725,-0.03389809,-0.352440992,-0.077127254,-0.158421175,-1.666848538,-1.371630183,1,Done,hexacene_a=7.3_b=5.9_theta=25.5_R3=2.2_R4=2.1_A1=-0.4_A2=0_cx=1.6_cy=-0.9_cz=18.1.log
1.6,-0.9,18.2,-0.4,0,7.3,5.9,25.5,2.2,2.1,-5.043959893,-1.20196403,-1.52642435,-0.081199794,-0.266434471,-0.030522086,-0.339043653,-0.073035889,-0.151393063,-1.805616099,-1.29112065,1,Done,hexacene_a=7.3_b=5.9_theta=25.5_R3=2.2_R4=2.1_A1=-0.4_A2=0_cx=1.6_cy=-0.9_cz=18.2.log
1.6,-0.9,18.3,-0.4,0,7.3,5.9,25.5,2.2,2.1,-5.01213886,-1.258370903,-1.480440417,-0.075865959,-0.249805456,-0.027503763,-0.325978895,-0.069170427,-0.144615954,-1.886721767,-1.202648015,1,Done,hexacene_a=7.3_b=5.9_theta=25.5_R3=2.2_R4=2.1_A1=-0.4_A2=0_cx=1.6_cy=-0.9_cz=18.3.log
1.6,-0.8,18.1,-0.4,0,7.3,5.9,25.5,2.2,2.1,-4.807015255,-1.175790587,-1.464765217,-0.084193017,-0.31124496,-0.032486193,-0.374454042,-0.076229915,-0.162581566,-1.507329221,-1.339407545,2,Done,hexacene_a=7.3_b=5.9_theta=25.5_R3=2.2_R4=2.1_A1=-0.4_A2=0_cx=1.6_cy=-0.8_cz=18.1.log
1.6,-0.8,18.2,-0.4,0,7.3,5.9,25.5,2.2,2.1,-4.961244663,-1.301907547,-1.486420588,-0.07874623,-0.291923927,-0.029317267,-0.360115439,-0.072207576,-0.155352651,-1.701016457,-1.25845248,2,Done,hexacene_a=7.3_b=5.9_theta=25.5_R3=2.2_R4=2.1_A1=-0.4_A2=0_cx=1.6_cy=-0.8_cz=18.2.log
1.6,-0.8,18.3,-0.4,0,7.3,5.9,25.5,2.2,2.1,-4.96909795,-1.332931641,-1.459845539,-0.073632023,-0.273632011,-0.026487197,-0.34609059,-0.06838604,-0.14837474,-1.825018708,-1.171008961,2,Done,hexacene_a=7.3_b=5.9_theta=25.5_R3=2.2_R4=2.1_A1=-0.4_A2=0_cx=1.6_cy=-0.8_cz=18.3.log
1.5,-0.9,18.2,-0.3,0,7.3,5.9,25.5,2.2,2.1,-5.081218299,-1.07962468,-1.479235598,-0.080421682,-0.280070263,-0.031582578,-0.344070008,-0.075031371,-0.157699538,-1.933395961,-1.267589025,1,Done,hexacene_a=7.3_b=5.9_theta=25.5_R3=2.2_R4=2.1_A1=-0.3_A2=0_cx=1.5_cy=-0.9_cz=18.2.log
1.4,-1,18.1,-0.3,0,7.3,5.9,25.5,2.2,2.1,-4.88701023,-0.474792891,-1.409425111,-0.088359683,-0.282812482,-0.03830321,-0.342752237,-0.082454814,-0.167312991,-1.959425075,-1.359594541,1,Done,hexacene_a=7.3_b=5.9_theta=25.5_R3=2.2_R4=2.1_A1=-0.3_A2=0_cx=1.4_cy=-1.0_cz=18.1.log
1.4,-1,18.2,-0.3,0,7.3,5.9,25.5,2.2,2.1,-4.967908819,-0.837612898,-1.454053622,-0.082304211,-0.265832061,-0.034519325,-0.32944275,-0.077930467,-0.15968247,-1.964300828,-1.26411262,1,Done,hexacene_a=7.3_b=5.9_theta=25.5_R3=2.2_R4=2.1_A1=-0.3_A2=0_cx=1.4_cy=-1.0_cz=18.2.log
1.4,-1,18.3,-0.3,0,7.3,5.9,25.5,2.2,2.1,-4.913622929,-1.034745165,-1.443881685,-0.076669172,-0.249893307,-0.031086845,-0.316509769,-0.073644574,-0.152309227,-1.942952938,-1.168323218,1,Done,hexacene_a=7.3_b=5.9_theta=25.5_R3=2.2_R4=2.1_A1=-0.3_A2=0_cx=1.4_cy=-1.0_cz=18.3.log
1.4,-0.9,18.1,-0.3,0,7.3,5.9,25.5,2.2,2.1,-4.917384851,-0.633923152,-1.302026774,-0.085598639,-0.309770312,-0.036772086,-0.364696262,-0.081513549,-0.172044417,-1.968147464,-1.329285809,1,Done,hexacene_a=7.3_b=5.9_theta=25.5_R3=2.2_R4=2.1_A1=-0.3_A2=0_cx=1.4_cy=-0.9_cz=18.1.log
1.4,-0.9,18.2,-0.3,0,7.3,5.9,25.5,2.2,2.1,-5.019323851,-0.957410832,-1.384456488,-0.079825547,-0.290957562,-0.033163904,-0.350363933,-0.077058228,-0.164150341,-1.995971258,-1.234054891,1,Done,hexacene_a=7.3_b=5.9_theta=25.5_R3=2.2_R4=2.1_A1=-0.3_A2=0_cx=1.4_cy=-0.9_cz=18.2.log
1.4,-0.9,18.3,-0.3,0,7.3,5.9,25.5,2.2,2.1,-4.981547749,-1.126066695,-1.402095794,-0.074422686,-0.273054702,-0.029932227,-0.336426936,-0.072828811,-0.156551195,-1.99170419,-1.139464033,1,Done,hexacene_a=7.3_b=5.9_theta=25.5_R3=2.2_R4=2.1_A1=-0.3_A2=0_cx=1.4_cy=-0.9_cz=18.3.log
1.4,-0.8,18.1,-0.3,0,7.3,5.9,25.5,2.2,2.1,-4.895283948,-0.761558686,-1.184563177,-0.082931722,-0.339357408,-0.035291162,-0.388296913,-0.080547184,-0.176813493,-1.945695156,-1.296228582,1,Done,hexacene_a=7.3_b=5.9_theta=25.5_R3=2.2_R4=2.1_A1=-0.3_A2=0_cx=1.4_cy=-0.8_cz=18.1.log
1.4,-0.8,18.2,-0.3,0,7.3,5.9,25.5,2.2,2.1,-5.028419607,-1.052158567,-1.306582497,-0.077390808,-0.318580552,-0.031896333,-0.372941743,-0.076148338,-0.168655863,-2.001712974,-1.202127182,1,Done,hexacene_a=7.3_b=5.9_theta=25.5_R3=2.2_R4=2.1_A1=-0.3_A2=0_cx=1.4_cy=-0.8_cz=18.2.log
1.4,-0.8,18.3,-0.3,0,7.3,5.9,25.5,2.2,2.1,-5.015320337,-1.197508708,-1.353055887,-0.072207576,-0.298870463,-0.02886546,-0.358007005,-0.071975397,-0.160818263,-2.018913024,-1.109356104,1,Done,hexacene_a=7.3_b=5.9_theta=25.5_R3=2.2_R4=2.1_A1=-0.3_A2=0_cx=1.4_cy=-0.8_cz=18.3.log
1.5,-1,18.1,-0.3,0,7.3,5.9,25.5,2.2,2.1,-4.987882462,-0.670908591,-1.527647995,-0.088893067,-0.272257764,-0.036552457,-0.336784617,-0.080189503,-0.160717861,-1.892796064,-1.387656789,1,Done,hexacene_a=7.3_b=5.9_theta=25.5_R3=2.2_R4=2.1_A1=-0.3_A2=0_cx=1.5_cy=-1.0_cz=18.1.log
1.5,-1,18.2,-0.3,0,7.3,5.9,25.5,2.2,2.1,-5.051511976,-0.956984126,-1.526248647,-0.082900346,-0.255804451,-0.032906624,-0.323933212,-0.075865959,-0.153507771,-1.935033762,-1.29771578,1,Done,hexacene_a=7.3_b=5.9_theta=25.5_R3=2.2_R4=2.1_A1=-0.3_A2=0_cx=1.5_cy=-1.0_cz=18.2.log
1.5,-1,18.3,-0.3,0,7.3,5.9,25.5,2.2,2.1,-4.985366147,-1.101154548,-1.482385698,-0.077309232,-0.240367705,-0.029599647,-0.311426938,-0.071762044,-0.14654241,-1.942250127,-1.203689682,1,Done,hexacene_a=7.3_b=5.9_theta=25.5_R3=2.2_R4=2.1_A1=-0.3_A2=0_cx=1.5_cy=-1.0_cz=18.3.log
1.5,-0.9,18.1,-0.3,0,7.3,5.9,25.5,2.2,2.1,-4.991691447,-0.833138752,-1.450602317,-0.086169673,-0.298305704,-0.035058984,-0.357868953,-0.079298439,-0.165141807,-1.858458716,-1.358220294,1,Done,hexacene_a=7.3_b=5.9_theta=25.5_R3=2.2_R4=2.1_A1=-0.3_A2=0_cx=1.5_cy=-0.9_cz=18.1.log
1.5,-0.9,18.3,-0.3,0,7.3,5.9,25.5,2.2,2.1,-5.035563809,-1.194352333,-1.457586503,-0.075037646,-0.262732162,-0.028482679,-0.330647569,-0.070983931,-0.150520824,-1.96533622,-1.174303389,1,Done,hexacene_a=7.3_b=5.9_theta=25.5_R3=2.2_R4=2.1_A1=-0.3_A2=0_cx=1.5_cy=-0.9_cz=18.3.log
1.5,-0.8,18.1,-0.3,0,7.3,5.9,25.5,2.2,2.1,-4.929605608,-0.966076745,-1.364451469,-0.08348393,-0.326882509,-0.033609436,-0.380553439,-0.078363449,-0.169590853,-1.778764946,-1.325357596,1,Done,hexacene_a=7.3_b=5.9_theta=25.5_R3=2.2_R4=2.1_A1=-0.3_A2=0_cx=1.5_cy=-0.8_cz=18.1.log
1.5,-0.8,18.2,-0.3,0,7.3,5.9,25.5,2.2,2.1,-5.05709054,-1.179185417,-1.424441425,-0.077980668,-0.306745713,-0.030346384,-0.365800679,-0.074159132,-0.16192268,-1.893536526,-1.23522206,1,Done,hexacene_a=7.3_b=5.9_theta=25.5_R3=2.2_R4=2.1_A1=-0.3_A2=0_cx=1.5_cy=-0.8_cz=18.2.log
1.5,-0.8,18.3,-0.3,0,7.3,5.9,25.5,2.2,2.1,-5.041609868,-1.269346053,-1.425890973,-0.072822535,-0.287663134,-0.027434737,-0.35139305,-0.070168168,-0.154518062,-1.95625615,-1.143392246,1,Done,hexacene_a=7.3_b=5.9_theta=25.5_R3=2.2_R4=2.1_A1=-0.3_A2=0_cx=1.5_cy=-0.8_cz=18.3.log
1.6,-1,18.1,-0.3,0,7.3,5.9,25.5,2.2,2.1,-4.988823727,-0.842137245,-1.611910037,-0.089326049,-0.261571268,-0.034908381,-0.330540893,-0.077961842,-0.15435491,-1.770908521,-1.400401517,1,Done,hexacene_a=7.3_b=5.9_theta=25.5_R3=2.2_R4=2.1_A1=-0.3_A2=0_cx=1.6_cy=-1.0_cz=18.1.log
1.6,-1,18.2,-0.3,0,7.3,5.9,25.5,2.2,2.1,-5.058951107,-1.057586529,-1.571981576,-0.083383529,-0.245682715,-0.03138805,-0.318153845,-0.073820276,-0.147533876,-1.861495865,-1.322012967,1,Done,hexacene_a=7.3_b=5.9_theta=25.5_R3=2.2_R4=2.1_A1=-0.3_A2=0_cx=1.6_cy=-1.0_cz=18.2.log
1.6,-1,18.3,-0.3,0,7.3,5.9,25.5,2.2,2.1,-4.99888585,-1.15463095,-1.500282283,-0.07782379,-0.230785628,-0.028206575,-0.306093103,-0.069898339,-0.140957571,-1.90576042,-1.233358355,1,Done,hexacene_a=7.3_b=5.9_theta=25.5_R3=2.2_R4=2.1_A1=-0.3_A2=0_cx=1.6_cy=-1.0_cz=18.3.log
1.6,-0.9,18.1,-0.3,0,7.3,5.9,25.5,2.2,2.1,-4.944618785,-1.001945217,-1.561376657,-0.08659638,-0.286696769,-0.033427458,-0.350834566,-0.077102154,-0.158502751,-1.676273738,-1.372301619,1,Done,hexacene_a=7.3_b=5.9_theta=25.5_R3=2.2_R4=2.1_A1=-0.3_A2=0_cx=1.6_cy=-0.9_cz=18.1.log
1.6,-0.9,18.2,-0.3,0,7.3,5.9,25.5,2.2,2.1,-5.048954873,-1.178281802,-1.544848044,-0.080898589,-0.269057463,-0.030089105,-0.337531354,-0.073023339,-0.151474639,-1.812217505,-1.291886213,1,Done,hexacene_a=7.3_b=5.9_theta=25.5_R3=2.2_R4=2.1_A1=-0.3_A2=0_cx=1.6_cy=-0.9_cz=18.2.log
1.6,-0.9,18.3,-0.3,0,7.3,5.9,25.5,2.2,2.1,-5.016132962,-1.245732852,-1.490060146,-0.075564754,-0.252309221,-0.027108432,-0.324598373,-0.069151602,-0.144697531,-1.891133162,-1.203463778,1,Done,hexacene_a=7.3_b=5.9_theta=25.5_R3=2.2_R4=2.1_A1=-0.3_A2=0_cx=1.6_cy=-0.9_cz=18.3.log
1.6,-0.8,18.1,-0.3,0,7.3,5.9,25.5,2.2,2.1,-4.817387995,-1.135209516,-1.502422093,-0.083916912,-0.314238183,-0.032021835,-0.372627988,-0.076217365,-0.162663142,-1.51822907,-1.340060155,2,Done,hexacene_a=7.3_b=5.9_theta=25.5_R3=2.2_R4=2.1_A1=-0.3_A2=0_cx=1.6_cy=-0.8_cz=18.1.log
1.6,-0.8,18.2,-0.3,0,7.3,5.9,25.5,2.2,2.1,-4.970036077,-1.278187669,-1.51039147,-0.0784513,-0.294766547,-0.02889056,-0.358396061,-0.07218875,-0.155427952,-1.708659529,-1.259218042,2,Done,hexacene_a=7.3_b=5.9_theta=25.5_R3=2.2_R4=2.1_A1=-0.3_A2=0_cx=1.6_cy=-0.8_cz=18.2.log
1.6,-0.8,18.3,-0.3,0,7.3,5.9,25.5,2.2,2.1,-4.976003697,-1.320500669,-1.473619384,-0.073337094,-0.276336579,-0.026098141,-0.34452809,-0.068373489,-0.148443766,-1.83013919,-1.171837274,2,Done,hexacene_a=7.3_b=5.9_theta=25.5_R3=2.2_R4=2.1_A1=-0.3_A2=0_cx=1.6_cy=-0.8_cz=18.3.log
1.5,-0.9,18.2,-0.2,0,7.3,5.9,25.5,2.2,2.1,-5.083740889,-1.048286831,-1.503545336,-0.080082826,-0.28267443,-0.031124496,-0.342614185,-0.075012545,-0.157774839,-1.93840349,-1.268385963,2,Done,hexacene_a=7.3_b=5.9_theta=25.5_R3=2.2_R4=2.1_A1=-0.2_A2=0_cx=1.5_cy=-0.9_cz=18.2.log
1.4,-1,18.1,-0.2,0,7.3,5.9,25.5,2.2,2.1,-4.885049261,-0.420105395,-1.44892059,-0.087989452,-0.285297422,-0.037769827,-0.341447016,-0.082435989,-0.167388293,-1.964074924,-1.360385204,2,Done,hexacene_a=7.3_b=5.9_theta=25.5_R3=2.2_R4=2.1_A1=-0.2_A2=0_cx=1.4_cy=-1.0_cz=18.1.log
1.4,-1,18.2,-0.2,0,7.3,5.9,25.5,2.2,2.1,-4.967538588,-0.802942971,-1.479800357,-0.081915156,-0.268229149,-0.034029867,-0.328237931,-0.077911641,-0.159745221,-1.967394453,-1.264909558,2,Done,hexacene_a=7.3_b=5.9_theta=25.5_R3=2.2_R4=2.1_A1=-0.2_A2=0_cx=1.4_cy=-1.0_cz=18.2.log
1.4,-1,18.3,-0.2,0,7.3,5.9,25.5,2.2,2.1,-4.913983746,-1.014250688,-1.459475308,-0.076280116,-0.252189994,-0.030622488,-0.315405351,-0.073632023,-0.152378253,-1.944766442,-1.169095056,2,Done,hexacene_a=7.3_b=5.9_theta=25.5_R3=2.2_R4=2.1_A1=-0.2_A2=0_cx=1.4_cy=-1.0_cz=18.3.log
1.4,-0.9,18.1,-0.2,0,7.3,5.9,25.5,2.2,2.1,-4.919160704,-0.575997704,-1.350514472,-0.085234683,-0.312462329,-0.036244977,-0.363158862,-0.081500999,-0.172113443,-1.973657002,-1.330082746,2,Done,hexacene_a=7.3_b=5.9_theta=25.5_R3=2.2_R4=2.1_A1=-0.2_A2=0_cx=1.4_cy=-0.9_cz=18.1.log
1.4,-0.9,18.2,-0.2,0,7.3,5.9,25.5,2.2,2.1,-5.021570336,-0.920011236,-1.416923855,-0.079449041,-0.293517803,-0.032674446,-0.348970861,-0.077045678,-0.164219367,-1.999673567,-1.234858104,2,Done,hexacene_a=7.3_b=5.9_theta=25.5_R3=2.2_R4=2.1_A1=-0.2_A2=0_cx=1.4_cy=-0.9_cz=18.2.log
1.4,-0.9,18.3,-0.2,0,7.3,5.9,25.5,2.2,2.1,-4.983894635,-1.103526536,-1.422784799,-0.07404618,-0.27551454,-0.02948042,-0.335153091,-0.07281626,-0.156620221,-1.993963226,-1.140242146,2,Done,hexacene_a=7.3_b=5.9_theta=25.5_R3=2.2_R4=2.1_A1=-0.2_A2=0_cx=1.4_cy=-0.9_cz=18.3.log
1.4,-0.8,18.1,-0.2,0,7.3,5.9,25.5,2.2,2.1,-4.900777799,-0.699956029,-1.242356848,-0.082561491,-0.34227533,-0.034782879,-0.38653361,-0.080528358,-0.176888794,-1.952095759,-1.297031794,2,Done,hexacene_a=7.3_b=5.9_theta=25.5_R3=2.2_R4=2.1_A1=-0.2_A2=0_cx=1.4_cy=-0.8_cz=18.1.log
1.4,-0.8,18.2,-0.2,0,7.3,5.9,25.5,2.2,2.1,-5.033176134,-1.011659072,-1.345902273,-0.077026853,-0.321372971,-0.031419426,-0.371329043,-0.076129513,-0.168731164,-2.006036518,-1.20292412,2,Done,hexacene_a=7.3_b=5.9_theta=25.5_R3=2.2_R4=2.1_A1=-0.2_A2=0_cx=1.4_cy=-0.8_cz=18.2.log
1.4,-0.8,18.3,-0.2,0,7.3,5.9,25.5,2.2,2.1,-5.019468177,-1.172552636,-1.378921849,-0.071837345,-0.30153738,-0.028419928,-0.356526081,-0.071969122,-0.160881014,-2.021579941,-1.110140491,2,Done,hexacene_a=7.3_b=5.9_theta=25.5_R3=2.2_R4=2.1_A1=-0.2_A2=0_cx=1.4_cy=-0.8_cz=18.3.log
1.5,-1,18.1,-0.2,0,7.3,5.9,25.5,2.2,2.1,-4.985504199,-0.62183731,-1.557636698,-0.088560486,-0.274780354,-0.036056725,-0.33541037,-0.080170678,-0.160793162,-1.898970762,-1.388428626,2,Done,hexacene_a=7.3_b=5.9_theta=25.5_R3=2.2_R4=2.1_A1=-0.2_A2=0_cx=1.5_cy=-1.0_cz=18.1.log
1.5,-1,18.2,-0.2,0,7.3,5.9,25.5,2.2,2.1,-5.050878191,-0.926888746,-1.544571939,-0.082561491,-0.25822664,-0.032442267,-0.322665642,-0.075847134,-0.153576797,-1.939263179,-1.298512718,2,Done,hexacene_a=7.3_b=5.9_theta=25.5_R3=2.2_R4=2.1_A1=-0.2_A2=0_cx=1.5_cy=-1.0_cz=18.2.log
1.5,-1,18.3,-0.2,0,7.3,5.9,25.5,2.2,2.1,-4.985359872,-1.083992149,-1.492099553,-0.076957826,-0.242683217,-0.029179215,-0.310278594,-0.071749493,-0.146605161,-1.944923319,-1.20448662,2,Done,hexacene_a=7.3_b=5.9_theta=25.5_R3=2.2_R4=2.1_A1=-0.2_A2=0_cx=1.5_cy=-1.0_cz=18.3.log
1.5,-0.9,18.1,-0.2,0,7.3,5.9,25.5,2.2,2.1,-4.993589665,-0.782511245,-1.488522746,-0.085824543,-0.301041647,-0.034569526,-0.356293903,-0.079279613,-0.165217108,-1.865731557,-1.358979582,2,Done,hexacene_a=7.3_b=5.9_theta=25.5_R3=2.2_R4=2.1_A1=-0.2_A2=0_cx=1.5_cy=-0.9_cz=18.1.log
1.5,-0.9,18.3,-0.2,0,7.3,5.9,25.5,2.2,2.1,-5.037938934,-1.176380447,-1.471793329,-0.07469879,-0.265217101,-0.028062247,-0.329304698,-0.070965106,-0.15058985,-1.968549071,-1.175106601,2,Done,hexacene_a=7.3_b=5.9_theta=25.5_R3=2.2_R4=2.1_A1=-0.2_A2=0_cx=1.5_cy=-0.9_cz=18.3.log
1.5,-0.8,18.1,-0.2,0,7.3,5.9,25.5,2.2,2.1,-4.935661079,-0.913315705,-1.410491877,-0.0831639,-0.329850632,-0.033132528,-0.378752486,-0.078357174,-0.169672429,-1.78716103,-1.326116883,2,Done,hexacene_a=7.3_b=5.9_theta=25.5_R3=2.2_R4=2.1_A1=-0.2_A2=0_cx=1.5_cy=-0.8_cz=18.1.log
1.5,-0.8,18.2,-0.2,0,7.3,5.9,25.5,2.2,2.1,-5.062593802,-1.146077989,-1.454838009,-0.077648087,-0.309582059,-0.029894576,-0.364125228,-0.074146582,-0.161991706,-1.899347268,-1.236025272,2,Done,hexacene_a=7.3_b=5.9_theta=25.5_R3=2.2_R4=2.1_A1=-0.2_A2=0_cx=1.5_cy=-0.8_cz=18.2.log
1.5,-0.8,18.3,-0.2,0,7.3,5.9,25.5,2.2,2.1,-5.046234617,-1.250125422,-1.444728823,-0.07248368,-0.290361427,-0.027020581,-0.3498431,-0.070155618,-0.154587089,-1.960014935,-1.144195459,2,Done,hexacene_a=7.3_b=5.9_theta=25.5_R3=2.2_R4=2.1_A1=-0.2_A2=0_cx=1.5_cy=-0.8_cz=18.3.log
1.6,-1,18.1,-0.2,0,7.3,5.9,25.5,2.2,2.1,-4.986605479,-0.799541866,-1.632467265,-0.089024844,-0.264112684,-0.034456574,-0.32911017,-0.077943017,-0.154430211,-1.778833973,-1.401041577,2,Done,hexacene_a=7.3_b=5.9_theta=25.5_R3=2.2_R4=2.1_A1=-0.2_A2=0_cx=1.6_cy=-1.0_cz=18.1.log
1.6,-1,18.2,-0.2,0,7.3,5.9,25.5,2.2,2.1,-5.058273396,-1.032235125,-1.582950451,-0.083082324,-0.248098629,-0.030955068,-0.316823524,-0.073807726,-0.147609177,-1.867030503,-1.322753429,2,Done,hexacene_a=7.3_b=5.9_theta=25.5_R3=2.2_R4=2.1_A1=-0.2_A2=0_cx=1.6_cy=-1.0_cz=18.2.log
1.6,-1,18.3,-0.2,0,7.3,5.9,25.5,2.2,2.1,-4.998606608,-1.140612377,-1.504455225,-0.07750376,-0.233094865,-0.027811243,-0.304863184,-0.069879514,-0.141020322,-1.909393703,-1.234142742,2,Done,hexacene_a=7.3_b=5.9_theta=25.5_R3=2.2_R4=2.1_A1=-0.2_A2=0_cx=1.6_cy=-1.0_cz=18.3.log
1.6,-0.9,18.1,-0.2,0,7.3,5.9,25.5,2.2,2.1,-4.94728884,-0.95947534,-1.588817669,-0.086295175,-0.289445263,-0.032981926,-0.349196765,-0.077083328,-0.158571777,-1.685598537,-1.372929129,2,Done,hexacene_a=7.3_b=5.9_theta=25.5_R3=2.2_R4=2.1_A1=-0.2_A2=0_cx=1.6_cy=-0.9_cz=18.1.log
1.6,-0.9,18.2,-0.2,0,7.3,5.9,25.5,2.2,2.1,-5.051932408,-1.153099826,-1.560975051,-0.080597384,-0.271693005,-0.029674948,-0.33602533,-0.073004513,-0.15154994,-1.818731058,-1.292614124,2,Done,hexacene_a=7.3_b=5.9_theta=25.5_R3=2.2_R4=2.1_A1=-0.2_A2=0_cx=1.6_cy=-0.9_cz=18.2.log
1.6,-0.9,18.3,-0.2,0,7.3,5.9,25.5,2.2,2.1,-5.018580251,-1.232090785,-1.497897745,-0.075250999,-0.25480671,-0.026719376,-0.323211576,-0.069139052,-0.144760282,-1.895444156,-1.204248166,2,Done,hexacene_a=7.3_b=5.9_theta=25.5_R3=2.2_R4=2.1_A1=-0.2_A2=0_cx=1.6_cy=-0.9_cz=18.3.log
1.6,-0.8,18.1,-0.2,0,7.3,5.9,25.5,2.2,2.1,-4.82474555,-1.092099579,-1.536910042,-0.083628258,-0.31722513,-0.031582578,-0.370764283,-0.076198539,-0.162744718,-1.529015966,-1.34068139,2,Done,hexacene_a=7.3_b=5.9_theta=25.5_R3=2.2_R4=2.1_A1=-0.2_A2=0_cx=1.6_cy=-0.8_cz=18.1.log
1.6,-0.8,18.2,-0.2,0,7.3,5.9,25.5,2.2,2.1,-4.976483743,-1.252572711,-1.531858587,-0.078150096,-0.297621718,-0.028476404,-0.356670409,-0.072169925,-0.155503253,-1.716195924,-1.259939678,2,Done,hexacene_a=7.3_b=5.9_theta=25.5_R3=2.2_R4=2.1_A1=-0.2_A2=0_cx=1.6_cy=-0.8_cz=18.2.log
1.6,-0.8,18.3,-0.2,0,7.3,5.9,25.5,2.2,2.1,-4.981083391,-1.306726824,-1.485410297,-0.073035889,-0.279034872,-0.02571536,-0.342934215,-0.068354664,-0.148519067,-1.83515927,-1.172621662,2,Done,hexacene_a=7.3_b=5.9_theta=25.5_R3=2.2_R4=2.1_A1=-0.2_A2=0_cx=1.6_cy=-0.8_cz=18.3.log
1.5,-0.9,18.2,-0.1,0,7.3,5.9,25.5,2.2,2.1,-5.084180147,-1.015417857,-1.525533286,-0.079725146,-0.285278596,-0.030685239,-0.341145812,-0.07499372,-0.15783759,-1.943316894,-1.269138975,2,Done,hexacene_a=7.3_b=5.9_theta=25.5_R3=2.2_R4=2.1_A1=-0.1_A2=0_cx=1.5_cy=-0.9_cz=18.2.log
1.4,-1,18.1,-0.1,0,7.3,5.9,25.5,2.2,2.1,-4.881183799,-0.364489184,-1.485799353,-0.087619221,-0.287769811,-0.037248994,-0.340116695,-0.082417163,-0.167457319,-1.968636922,-1.361150766,2,Done,hexacene_a=7.3_b=5.9_theta=25.5_R3=2.2_R4=2.1_A1=-0.1_A2=0_cx=1.4_cy=-1.0_cz=18.1.log
1.4,-1,18.2,-0.1,0,7.3,5.9,25.5,2.2,2.1,-4.965502318,-0.767338053,-1.50348886,-0.081513549,-0.270601137,-0.03354041,-0.327020561,-0.077899092,-0.159801697,-1.970387675,-1.26566257,2,Done,hexacene_a=7.3_b=5.9_theta=25.5_R3=2.2_R4=2.1_A1=-0.1_A2=0_cx=1.4_cy=-1.0_cz=18.2.log
1.4,-1,18.3,-0.1,0,7.3,5.9,25.5,2.2,2.1,-4.913001694,-0.992984374,-1.47339348,-0.075891059,-0.25447413,-0.030176956,-0.314294659,-0.073619473,-0.152434729,-1.94651092,-1.169829243,2,Done,hexacene_a=7.3_b=5.9_theta=25.5_R3=2.2_R4=2.1_A1=-0.1_A2=0_cx=1.4_cy=-1.0_cz=18.3.log
1.4,-0.9,18.1,-0.1,0,7.3,5.9,25.5,2.2,2.1,-4.918646146,-0.516628983,-1.396115623,-0.084864452,-0.315135522,-0.035742969,-0.361608912,-0.081482174,-0.172188744,-1.979084964,-1.330842033,2,Done,hexacene_a=7.3_b=5.9_theta=25.5_R3=2.2_R4=2.1_A1=-0.1_A2=0_cx=1.4_cy=-0.9_cz=18.1.log
1.4,-0.9,18.2,-0.1,0,7.3,5.9,25.5,2.2,2.1,-5.021846441,-0.881249944,-1.447144737,-0.07905371,-0.296078044,-0.032197538,-0.347540138,-0.077026852,-0.164288393,-2.003288024,-1.235611116,2,Done,hexacene_a=7.3_b=5.9_theta=25.5_R3=2.2_R4=2.1_A1=-0.1_A2=0_cx=1.4_cy=-0.9_cz=18.2.log
1.4,-0.9,18.3,-0.1,0,7.3,5.9,25.5,2.2,2.1,-4.984606859,-1.079838033,-1.441660299,-0.073657124,-0.277955554,-0.029041163,-0.333866696,-0.07280371,-0.156682972,-1.996128135,-1.140982608,2,Done,hexacene_a=7.3_b=5.9_theta=25.5_R3=2.2_R4=2.1_A1=-0.1_A2=0_cx=1.4_cy=-0.9_cz=18.3.log
1.4,-0.8,18.1,-0.1,0,7.3,5.9,25.5,2.2,2.1,-4.903501192,-0.636370441,-1.296931393,-0.082184985,-0.34516815,-0.034274596,-0.384751481,-0.080515808,-0.17695782,-1.958395959,-1.297791082,2,Done,hexacene_a=7.3_b=5.9_theta=25.5_R3=2.2_R4=2.1_A1=-0.1_A2=0_cx=1.4_cy=-0.8_cz=18.1.log
1.4,-0.8,18.2,-0.1,0,7.3,5.9,25.5,2.2,2.1,-5.035657936,-0.969396273,-1.382774761,-0.076650346,-0.32414029,-0.030942518,-0.369691241,-0.076116963,-0.16880019,-2.01025966,-1.203683407,2,Done,hexacene_a=7.3_b=5.9_theta=25.5_R3=2.2_R4=2.1_A1=-0.1_A2=0_cx=1.4_cy=-0.8_cz=18.2.log
1.4,-0.8,18.3,-0.1,0,7.3,5.9,25.5,2.2,2.1,-5.021761727,-1.146103089,-1.402836255,-0.071460839,-0.304191748,-0.027980671,-0.355020058,-0.071956572,-0.16095004,-2.024171557,-1.110887228,2,Done,hexacene_a=7.3_b=5.9_theta=25.5_R3=2.2_R4=2.1_A1=-0.1_A2=0_cx=1.4_cy=-0.8_cz=18.3.log
1.5,-1,18.1,-0.1,0,7.3,5.9,25.5,2.2,2.1,-4.980961027,-0.571460807,-1.584977308,-0.088202805,-0.277290394,-0.035573542,-0.333998473,-0.080158127,-0.160855913,-1.905045059,-1.389150263,2,Done,hexacene_a=7.3_b=5.9_theta=25.5_R3=2.2_R4=2.1_A1=-0.1_A2=0_cx=1.5_cy=-1.0_cz=18.1.log
1.5,-1,18.2,-0.1,0,7.3,5.9,25.5,2.2,2.1,-5.048493653,-0.895726599,-1.560780523,-0.08219126,-0.260630003,-0.031996735,-0.321372971,-0.075828308,-0.153639548,-1.94339847,-1.29927828,2,Done,hexacene_a=7.3_b=5.9_theta=25.5_R3=2.2_R4=2.1_A1=-0.1_A2=0_cx=1.5_cy=-1.0_cz=18.2.log
1.5,-1,18.3,-0.1,0,7.3,5.9,25.5,2.2,2.1,-4.9839919,-1.066051638,-1.500169332,-0.076587595,-0.244986179,-0.028758783,-0.309098876,-0.071736943,-0.146674188,-1.94750866,-1.205245907,2,Done,hexacene_a=7.3_b=5.9_theta=25.5_R3=2.2_R4=2.1_A1=-0.1_A2=0_cx=1.5_cy=-1.0_cz=18.3.log
1.5,-0.9,18.1,-0.1,0,7.3,5.9,25.5,2.2,2.1,-4.992908817,-0.730032584,-1.523493878,-0.085473137,-0.303758766,-0.034092618,-0.354687477,-0.079260788,-0.165292409,-1.872891446,-1.359694943,2,Done,hexacene_a=7.3_b=5.9_theta=25.5_R3=2.2_R4=2.1_A1=-0.1_A2=0_cx=1.5_cy=-0.9_cz=18.1.log
1.5,-0.9,18.3,-0.1,0,7.3,5.9,25.5,2.2,2.1,-5.038679397,-1.157260217,-1.484149002,-0.074347385,-0.267702041,-0.027641815,-0.327955551,-0.070952556,-0.150652601,-1.971680346,-1.175865888,2,Done,hexacene_a=7.3_b=5.9_theta=25.5_R3=2.2_R4=2.1_A1=-0.1_A2=0_cx=1.5_cy=-0.9_cz=18.3.log
1.5,-0.8,18.1,-0.1,0,7.3,5.9,25.5,2.2,2.1,-4.938745291,-0.858239152,-1.453306885,-0.082812495,-0.332806204,-0.032661896,-0.376926432,-0.078332073,-0.169741455,-1.795456712,-1.32683852,2,Done,hexacene_a=7.3_b=5.9_theta=25.5_R3=2.2_R4=2.1_A1=-0.1_A2=0_cx=1.5_cy=-0.8_cz=18.1.log
1.5,-0.8,18.2,-0.1,0,7.3,5.9,25.5,2.2,2.1,-5.065703114,-1.111019005,-1.482737104,-0.077296682,-0.312399579,-0.02946787,-0.362437226,-0.074121481,-0.162067008,-1.905051334,-1.236784559,2,Done,hexacene_a=7.3_b=5.9_theta=25.5_R3=2.2_R4=2.1_A1=-0.1_A2=0_cx=1.5_cy=-0.8_cz=18.2.log
1.5,-0.8,18.3,-0.1,0,7.3,5.9,25.5,2.2,2.1,-5.048973698,-1.229405042,-1.461564916,-0.07213855,-0.293053445,-0.026618974,-0.348261775,-0.070136793,-0.154656115,-1.963692143,-1.144967296,2,Done,hexacene_a=7.3_b=5.9_theta=25.5_R3=2.2_R4=2.1_A1=-0.1_A2=0_cx=1.5_cy=-0.8_cz=18.3.log
1.6,-1,18.1,-0.1,0,7.3,5.9,25.5,2.2,2.1,-4.982194084,-0.755446739,-1.650432876,-0.088704814,-0.266641549,-0.034011042,-0.327660622,-0.077924192,-0.154499237,-1.786659022,-1.401662812,2,Done,hexacene_a=7.3_b=5.9_theta=25.5_R3=2.2_R4=2.1_A1=-0.1_A2=0_cx=1.6_cy=-1.0_cz=18.1.log
1.6,-1,18.2,-0.1,0,7.3,5.9,25.5,2.2,2.1,-5.055866895,-1.005779303,-1.591886193,-0.082743469,-0.250514542,-0.030547187,-0.315474377,-0.073788901,-0.147678203,-1.872471015,-1.32345624,2,Done,hexacene_a=7.3_b=5.9_theta=25.5_R3=2.2_R4=2.1_A1=-0.1_A2=0_cx=1.6_cy=-1.0_cz=18.2.log
1.6,-1,18.3,-0.1,0,7.3,5.9,25.5,2.2,2.1,-4.997131959,-1.125890992,-1.507147243,-0.07717118,-0.235397826,-0.027434737,-0.303601888,-0.069866963,-0.141095623,-1.912951685,-1.234895754,2,Done,hexacene_a=7.3_b=5.9_theta=25.5_R3=2.2_R4=2.1_A1=-0.1_A2=0_cx=1.6_cy=-1.0_cz=18.3.log
1.6,-0.9,18.1,-0.1,0,7.3,5.9,25.5,2.2,2.1,-4.947345316,-0.914953506,-1.613372136,-0.085975145,-0.292181206,-0.032548944,-0.347540138,-0.077070778,-0.158647078,-1.694816659,-1.373525264,2,Done,hexacene_a=7.3_b=5.9_theta=25.5_R3=2.2_R4=2.1_A1=-0.1_A2=0_cx=1.6_cy=-0.9_cz=18.1.log
1.6,-0.9,18.2,-0.1,0,7.3,5.9,25.5,2.2,2.1,-5.052842297,-1.126386725,-1.574830472,-0.080277354,-0.274297171,-0.029267067,-0.334481655,-0.072991963,-0.151618966,-1.825150486,-1.29331066,2,Done,hexacene_a=7.3_b=5.9_theta=25.5_R3=2.2_R4=2.1_A1=-0.1_A2=0_cx=1.6_cy=-0.9_cz=18.2.log
1.6,-0.9,18.3,-0.1,0,7.3,5.9,25.5,2.2,2.1,-5.019512104,-1.21738195,-1.504015968,-0.074912144,-0.257297925,-0.02634287,-0.321812228,-0.069120227,-0.144829308,-1.899686123,-1.204994903,2,Done,hexacene_a=7.3_b=5.9_theta=25.5_R3=2.2_R4=2.1_A1=-0.1_A2=0_cx=1.6_cy=-0.9_cz=18.3.log
1.6,-0.8,18.1,-0.1,0,7.3,5.9,25.5,2.2,2.1,-4.829106744,-1.046485877,-1.568235341,-0.083320778,-0.320199528,-0.031143321,-0.368894304,-0.076179714,-0.162813745,-1.539696187,-1.341277525,2,Done,hexacene_a=7.3_b=5.9_theta=25.5_R3=2.2_R4=2.1_A1=-0.1_A2=0_cx=1.6_cy=-0.8_cz=18.1.log
1.6,-0.8,18.2,-0.1,0,7.3,5.9,25.5,2.2,2.1,-4.980587658,-1.225031297,-1.550821939,-0.077842616,-0.300458063,-0.028068522,-0.354932206,-0.072157375,-0.155572279,-1.723644468,-1.260636215,2,Done,hexacene_a=7.3_b=5.9_theta=25.5_R3=2.2_R4=2.1_A1=-0.1_A2=0_cx=1.6_cy=-0.8_cz=18.2.log
1.6,-0.8,18.3,-0.1,0,7.3,5.9,25.5,2.2,2.1,-4.984365268,-1.291547357,-1.495243378,-0.072715859,-0.28175199,-0.025345129,-0.341334064,-0.068335839,-0.148588093,-1.840104049,-1.173368399,2,Done,hexacene_a=7.3_b=5.9_theta=25.5_R3=2.2_R4=2.1_A1=-0.1_A2=0_cx=1.6_cy=-0.8_cz=18.3.log
