cx,cy,cz,A2,a,b,E,E_i01,E_i02,E_ip1,E_ip2,E_ip3,E_ip4,E_it1,E_it2,E_it3,E_it4
0.2,1.2,13.4,-0.5,7.4,5.8,-5.21946691,-0.822248943,-0.271580053,-0.034151604,-1.764076192,-0.030596133,-1.750589747,-0.065767441,-0.417850751,-2.089093742,-0.31013364
0.3,1.1,13.4,-1,7.4,5.8,-5.049427388,-0.920769268,0.0599134,-0.035986444,-1.704730062,-0.030795681,-1.570916064,-0.066861818,-0.386762651,-2.156781363,-0.337379496
0.3,1,13.4,-1.5,7.4,5.8,-4.736388377,-0.920806919,0.49858556,-0.036857427,-1.682150997,-0.032114707,-1.404929629,-0.068868595,-0.377618575,-2.148202046,-0.352562101
0.2,1.2,13.5,-0.5,7.4,5.8,-5.325656662,-1.019525537,-0.641740672,-0.032128512,-1.70559477,-0.028640811,-1.67073659,-0.061895704,-0.388562977,-2.034996732,-0.291017803
0.3,1,13.5,-1.5,7.4,5.8,-4.947261857,-1.092791095,-0.100126751,-0.034705068,-1.619347286,-0.029922187,-1.330700216,-0.064839981,-0.352246463,-2.096809605,-0.329569507
0.3,1.1,13.5,-1,7.4,5.8,-5.198928508,-1.087675633,-0.407343097,-0.03387801,-1.646835989,-0.028755018,-1.49283374,-0.062967491,-0.360517673,-2.111067259,-0.315715341
0.2,1.2,13.6,-0.5,7.4,5.8,-5.284478829,-1.105801887,-0.850501954,-0.030217117,-1.637103309,-0.026794677,-1.588924346,-0.058249871,-0.361184716,-1.972483558,-0.272889039
0.3,1,13.6,-1.5,7.4,5.8,-4.980009721,-1.160298621,-0.468065984,-0.032674446,-1.549279519,-0.027877759,-1.257315431,-0.061054213,-0.328524703,-2.034649092,-0.308025834
0.3,1.1,13.6,-1,7.4,5.8,-5.188338649,-1.152626683,-0.683777567,-0.031891313,-1.579092519,-0.026836093,-1.414517982,-0.059294047,-0.335960069,-2.053315004,-0.29539845
0.2,1.3,13.4,-0.5,7.4,5.8,-5.33838633,-0.935136737,-0.412345606,-0.032954315,-1.679991107,-0.02950552,-1.829275736,-0.063947662,-0.425511393,-2.092907748,-0.296415016
0.3,1.1,13.4,-1.5,7.4,5.8,-4.914091679,-1.030377695,0.25698919,-0.035571032,-1.596513452,-0.030981424,-1.503894231,-0.067087722,-0.384930949,-2.155263416,-0.33663527
0.3,1.2,13.4,-1,7.4,5.8,-5.184748978,-1.033443709,-0.129665529,-0.034726403,-1.605913552,-0.029708833,-1.667536289,-0.06509224,-0.393941993,-2.153184476,-0.322033112
0.2,1.3,13.5,-0.5,7.4,5.8,-5.426942424,-1.093910573,-0.738800154,-0.031024094,-1.650594774,-0.027641816,-1.752541304,-0.060210839,-0.39548253,-2.045724643,-0.278268054
0.3,1.1,13.5,-1.5,7.4,5.8,-5.08928996,-1.164543098,-0.265266047,-0.033521584,-1.560008685,-0.028903111,-1.427081987,-0.063190885,-0.358900579,-2.112560733,-0.314975507
0.3,1.2,13.5,-1,7.4,5.8,-5.31113859,-1.161701733,-0.539064976,-0.032727156,-1.578074698,-0.027754767,-1.588180119,-0.061321532,-0.367061347,-2.117336712,-0.301667275
0.2,1.3,13.6,-0.5,7.4,5.8,-5.372985349,-1.150735368,-0.916288847,-0.0292131,-1.604317166,-0.025883533,-1.672179863,-0.056693019,-0.367448521,-1.988479416,-0.261055455
0.3,1.1,13.6,-1.5,7.4,5.8,-5.096976958,-1.203009461,-0.580485656,-0.031591363,-1.510304873,-0.026951554,-1.350479331,-0.059521834,-0.334537504,-2.056835963,-0.294670538
0.2,1.4,13.4,-0.5,7.4,5.8,-5.339884824,-1.01559858,-0.518428682,-0.031803462,-1.473478821,-0.028456323,-1.882580201,-0.062153611,-0.432932954,-2.086568014,-0.283057211
0.3,1.2,13.6,-1,7.4,5.8,-5.284485104,-1.196903789,-0.77562244,-0.030835842,-1.53329935,-0.025926203,-1.507814914,-0.057772963,-0.341905726,-2.067129637,-0.282475509
0.3,1.2,13.4,-1.5,7.4,5.8,-4.993380077,-1.108269256,0.036479666,-0.034338602,-1.390591025,-0.029899597,-1.602197438,-0.065320026,-0.391988554,-2.150400214,-0.321263157
0.2,1.4,13.5,-0.5,7.4,5.8,-5.431075205,-1.141804646,-0.809843071,-0.029969878,-1.491825959,-0.026679215,-1.813939392,-0.058541663,-0.402145431,-2.047508654,-0.265848377
0.3,1.3,13.4,-1,7.4,5.8,-5.209075972,-1.114224326,-0.286411879,-0.033520329,-1.379645996,-0.028650851,-1.759632166,-0.063332074,-0.400839583,-2.136574286,-0.307287254
0.2,1.4,13.6,-0.5,7.4,5.8,-5.380765218,-1.17436363,-0.961259979,-0.028241715,-1.483972043,-0.025003763,-1.739086234,-0.055144324,-0.373464459,-1.996635163,-0.249557589
0.3,1.2,13.5,-1.5,7.4,5.8,-5.150792216,-1.210293597,-0.417412122,-0.032390811,-1.398380935,-0.0279129,-1.52357169,-0.061551201,-0.365335694,-2.11801756,-0.300906733
0.3,1.3,13.5,-1,7.4,5.8,-5.332065422,-1.209642242,-0.647904075,-0.031612699,-1.401007691,-0.026792167,-1.68047178,-0.059691261,-0.37335339,-2.11221372,-0.288091723
0.3,1.2,13.4,-0.5,7.4,5.8,-5.286569692,-0.921587541,-0.258330807,-0.03510793,-1.723866606,-0.02949548,-1.728980813,-0.064834961,-0.395727886,-2.154657869,-0.322664387
0.3,1.2,13.6,-1.5,7.4,5.8,-5.148440308,-1.225115384,-0.685417878,-0.030547187,-1.384706237,-0.02604041,-1.444469034,-0.058003887,-0.340383387,-2.07017808,-0.28172689
0.3,1.3,13.6,-1,7.4,5.8,-5.305549359,-1.220558406,-0.850874694,-0.029813,-1.395890975,-0.025038904,-1.599255671,-0.056254389,-0.347626735,-2.071021454,-0.269930957
0.4,1,13.4,-1.5,7.4,5.8,-4.865169116,-1.025707766,0.377635518,-0.037802457,-1.640831973,-0.030884787,-1.377194942,-0.067770453,-0.358007005,-2.203886029,-0.368112426
0.4,1.1,13.4,-1,7.4,5.8,-5.126601705,-1.021681661,-0.003483935,-0.036918923,-1.660230817,-0.029618472,-1.542468526,-0.065833329,-0.366419404,-2.195341225,-0.351806579
0.3,1.2,13.5,-0.5,7.4,5.8,-5.397514087,-1.082771015,-0.634521797,-0.033053462,-1.672238849,-0.027584084,-1.649672334,-0.061069901,-0.368637025,-2.115584076,-0.302302315
0.3,1.2,13.6,-0.5,7.4,5.8,-5.359695942,-1.144776533,-0.84711089,-0.031109436,-1.60770321,-0.025788151,-1.568667068,-0.057520704,-0.343282483,-2.063206444,-0.283108667
0.4,1,13.5,-1.5,7.4,5.8,-5.060260093,-1.158811422,-0.183301946,-0.035623743,-1.583231575,-0.028749998,-1.304809154,-0.063860438,-0.3346492,-2.170987562,-0.343498974
0.4,1.1,13.5,-1,7.4,5.8,-5.274970169,-1.151094304,-0.452558957,-0.034784134,-1.609101303,-0.027634286,-1.465778019,-0.062046934,-0.342226384,-2.171643937,-0.328577414
0.3,1.3,13.4,-0.5,7.4,5.8,-5.362509069,-1.036843558,-0.376650327,-0.033884285,-1.610378913,-0.028442518,-1.81252373,-0.06307103,-0.402755998,-2.139367333,-0.307953043
0.4,1,13.6,-1.5,7.4,5.8,-5.082685418,-1.200378939,-0.525127978,-0.03356049,-1.516193427,-0.026760791,-1.233247913,-0.060182602,-0.312818755,-2.121647078,-0.320402213
0.4,1.1,13.6,-1,7.4,5.8,-5.264753679,-1.191258709,-0.71632651,-0.032772337,-1.545209489,-0.025766816,-1.389041076,-0.058479539,-0.319597118,-2.129696149,-0.306793404
0.3,1.3,13.5,-0.5,7.4,5.8,-5.465135192,-1.158662075,-0.715527063,-0.031928964,-1.593042067,-0.026622739,-1.735339999,-0.059434609,-0.375040137,-2.111349011,-0.288749982
0.4,1.1,13.4,-1.5,7.4,5.8,-4.992612632,-1.134816695,0.163576797,-0.036489707,-1.530553366,-0.02979041,-1.475309896,-0.06604731,-0.364715087,-2.189160251,-0.350998346
0.4,1.2,13.4,-1,7.4,5.8,-5.207021504,-1.133299375,-0.165484427,-0.035640058,-1.534751408,-0.028574295,-1.63908373,-0.064117717,-0.37304842,-2.166182718,-0.335256003
0.3,1.3,13.6,-0.5,7.4,5.8,-5.421333112,-1.190293599,-0.901213547,-0.030081574,-1.554446437,-0.024909637,-1.655024994,-0.05600464,-0.349102638,-2.067654863,-0.270586077
0.4,1.1,13.5,-1.5,7.4,5.8,-5.163771632,-1.229802883,-0.330637529,-0.034415158,-1.503368378,-0.027769828,-1.400033796,-0.062262797,-0.34072287,-2.169994841,-0.327777339
0.4,1.2,13.5,-1,7.4,5.8,-5.344305946,-1.223886719,-0.565432946,-0.033606298,-1.518459993,-0.026679215,-1.560864609,-0.060453058,-0.34824797,-2.157738316,-0.313401712
0.3,1.4,13.4,-0.5,7.4,5.8,-5.315054881,-1.120070209,-0.46153737,-0.032702056,-1.362068186,-0.027424697,-1.876812129,-0.06132718,-0.409508006,-2.110140427,-0.293771944
0.4,1.1,13.6,-1.5,7.4,5.8,-5.169766863,-1.241820955,-0.62623239,-0.032452307,-1.459584495,-0.025868472,-1.325140477,-0.05869854,-0.318285622,-2.131220371,-0.306012782
0.3,1.4,13.5,-0.5,7.4,5.8,-5.429960747,-1.208473818,-0.771198495,-0.030840861,-1.399317179,-0.02569277,-1.805705206,-0.057808731,-0.381168399,-2.09475451,-0.275614942
0.4,1.2,13.6,-1,7.4,5.8,-5.326980081,-1.233841537,-0.795205772,-0.031684235,-1.480883439,-0.024894577,-1.48189122,-0.056995478,-0.325033865,-2.127812364,-0.292937983
0.4,1.2,13.4,-1.5,7.4,5.8,-5.012555214,-1.21296679,-0.029366213,-0.035225901,-1.289629686,-0.028747488,-1.573264834,-0.064337973,-0.371223621,-2.157966729,-0.334426434
0.3,1.4,13.6,-0.5,7.4,5.8,-5.39725116,-1.215239631,-0.934723836,-0.029082578,-1.404415071,-0.024061243,-1.729379909,-0.054495478,-0.354679947,-2.06122163,-0.25840297
0.4,1.3,13.4,-1,7.4,5.8,-5.167895,-1.213830244,-0.295981407,-0.034405118,-1.27104535,-0.027556474,-1.732306616,-0.06241089,-0.379439609,-2.119179081,-0.319302816
0.4,1.2,13.4,-0.5,7.4,5.8,-5.309155346,-1.018369664,-0.263673427,-0.036040409,-1.675356946,-0.028377257,-1.701861086,-0.063865458,-0.374727009,-2.172783496,-0.335939989
0.4,1.2,13.5,-1.5,7.4,5.8,-5.178639854,-1.275553382,-0.464423916,-0.0332505,-1.312231342,-0.026810992,-1.495932384,-0.060676452,-0.346632759,-2.154652849,-0.312576536
0.4,1.3,13.5,-1,7.4,5.8,-5.314490122,-1.271425621,-0.655882237,-0.032472387,-1.310077727,-0.025741715,-1.653777505,-0.058868596,-0.35405432,-2.128067133,-0.298811477
0.4,1.2,13.5,-0.5,7.4,5.8,-5.433063784,-1.143545359,-0.639343583,-0.033952056,-1.632419574,-0.026522338,-1.62334076,-0.060203937,-0.349718853,-2.159497226,-0.314081933
0.4,1.2,13.6,-1.5,7.4,5.8,-5.184526526,-1.263758704,-0.719185446,-0.031376755,-1.308649515,-0.024994978,-1.418357088,-0.057216362,-0.32361632,-2.128398458,-0.292134143
0.4,1.3,13.6,-1,7.4,5.8,-5.307180258,-1.25693516,-0.857331773,-0.030635038,-1.31685609,-0.024038653,-1.573555371,-0.055521457,-0.330304321,-2.112095121,-0.279583315
0.4,1.2,13.6,-0.5,7.4,5.8,-5.405964137,-1.181962776,-0.851232375,-0.031984185,-1.572788554,-0.02477033,-1.543456227,-0.056754514,-0.326324653,-2.126175818,-0.293611929
0.5,1,13.4,-1.5,7.4,5.8,-4.948778549,-1.123989637,0.229549433,-0.038714857,-1.593886695,-0.029649848,-1.345789321,-0.066643444,-0.33964418,-2.207038639,-0.384211823
0.5,1.1,13.4,-1,7.4,5.8,-5.146001804,-1.116773272,-0.088751249,-0.037825048,-1.609347287,-0.028440008,-1.509597042,-0.064769072,-0.34731549,-2.171760027,-0.366790263
0.4,1.3,13.4,-0.5,7.4,5.8,-5.327710502,-1.132014235,-0.356558712,-0.034784134,-1.532976809,-0.027360691,-1.78900591,-0.062162396,-0.381227385,-2.127954809,-0.320015667
0.5,1,13.5,-1.5,7.4,5.8,-5.136863376,-1.219730093,-0.285028847,-0.036503512,-1.542723295,-0.027572789,-1.275406545,-0.062849519,-0.318173298,-2.204376741,-0.357981277
0.4,1.3,13.5,-0.5,7.4,5.8,-5.45508311,-1.217735866,-0.702157335,-0.032802458,-1.529789059,-0.025593623,-1.711700443,-0.058616337,-0.35563941,-2.131418036,-0.299519936
0.5,1.1,13.5,-1,7.4,5.8,-5.304317557,-1.210193196,-0.512356895,-0.035665158,-1.566558635,-0.026514807,-1.434564416,-0.061096256,-0.325082183,-2.183183219,-0.342029346
0.5,1,13.6,-1.5,7.4,5.8,-5.156821331,-1.236976577,-0.595003727,-0.034415158,-1.479315919,-0.025640059,-1.205854591,-0.059277105,-0.297970613,-2.177627245,-0.333343352
0.4,1.3,13.6,-0.5,7.4,5.8,-5.43077902,-1.225377683,-0.891969069,-0.030923693,-1.499994884,-0.023923191,-1.631758179,-0.055275473,-0.331687353,-2.111552325,-0.280290519
0.5,1.1,13.6,-1,7.4,5.8,-5.304086633,-1.227007954,-0.758516518,-0.033620731,-1.507319181,-0.024703814,-1.359590776,-0.057627381,-0.304231908,-2.168075288,-0.31877257
0.4,1.4,13.4,-0.5,7.4,5.8,-5.216025018,-1.214494149,-0.417459813,-0.033581825,-1.244656045,-0.026381776,-1.86184225,-0.060463099,-0.38745354,-2.064133904,-0.304766547
0.5,1.1,13.4,-1.5,7.4,5.8,-5.011824478,-1.228816437,0.046004013,-0.037377006,-1.460432888,-0.028594376,-1.442546343,-0.064980543,-0.345737302,-2.159303326,-0.365921789
0.5,1.2,13.4,-1,7.4,5.8,-5.156873415,-1.223559159,-0.220805709,-0.036513552,-1.458689666,-0.027435992,-1.605938652,-0.063104916,-0.353360921,-2.104846125,-0.349090088
0.4,1.4,13.5,-0.5,7.4,5.8,-5.367938286,-1.266735612,-0.740503216,-0.031689255,-1.302767236,-0.024693774,-1.788978299,-0.057040659,-0.3613121,-2.086360936,-0.285540895
0.5,1.1,13.5,-1.5,7.4,5.8,-5.190215531,-1.286743141,-0.412330546,-0.035271082,-1.443914315,-0.026630269,-1.369113868,-0.061302707,-0.323695386,-2.177052446,-0.341163382
0.5,1.2,13.5,-1,7.4,5.8,-5.318322953,-1.27852527,-0.604623455,-0.034456574,-1.455564666,-0.025591113,-1.529112603,-0.059546306,-0.330564738,-2.138517685,-0.325757384
0.4,1.4,13.6,-0.5,7.4,5.8,-5.364158166,-1.24936488,-0.912482371,-0.029898341,-1.321932646,-0.023107428,-1.711706718,-0.053810865,-0.3368367,-2.081860434,-0.267403974
0.5,1.1,13.6,-1.5,7.4,5.8,-5.204697835,-1.274637218,-0.683158842,-0.033281875,-1.406621396,-0.024786645,-1.29611312,-0.057836342,-0.303009519,-2.166624485,-0.317927941
0.5,1.2,13.6,-1,7.4,5.8,-5.322018987,-1.265444196,-0.822939204,-0.032515058,-1.426036555,-0.023856675,-1.45173811,-0.056189128,-0.309194257,-2.141500867,-0.303869835
0.4,0.9,13.4,-2,7.4,5.7,-4.585191724,-1.030522022,0.80072284,-0.040086594,-1.521121891,-0.033417417,-1.310022507,-0.070544674,-0.352931704,-2.200676315,-0.393815236
0.5,1.2,13.4,-1.5,7.4,5.8,-4.958149783,-1.303822708,-0.116647834,-0.0360881,-1.187227585,-0.02759036,-1.539792823,-0.063322034,-0.351669782,-2.089382396,-0.348190866
0.5,1.3,13.4,-1,7.4,5.8,-5.039502062,-1.300469294,-0.322954296,-0.035253512,-1.160441693,-0.026455822,-1.699757672,-0.061458957,-0.359215589,-2.014179088,-0.331982283
0.4,0.9,13.5,-2,7.4,5.7,-4.856360131,-1.166689182,0.106174692,-0.037740962,-1.485092777,-0.030991464,-1.239971055,-0.066453937,-0.330116068,-2.165590976,-0.367043777
0.5,1.2,13.5,-1.5,7.4,5.8,-5.146377683,-1.329814172,-0.525764274,-0.034087598,-1.225774269,-0.02571034,-1.464037306,-0.059764052,-0.329063734,-2.13008395,-0.324871967
0.4,0.9,13.6,-2,7.4,5.7,-4.931998931,-1.209295856,-0.327816244,-0.035524596,-1.436465772,-0.028733683,-1.17091358,-0.062601025,-0.308746215,-2.114359177,-0.341917649
0.5,1.3,13.5,-1,7.4,5.8,-5.224758702,-1.322941682,-0.675077768,-0.033295681,-1.218421107,-0.024692518,-1.622176101,-0.05801079,-0.335875355,-2.072516183,-0.310053946
0.4,1,13.4,-2,7.4,5.7,-4.665437076,-1.136635218,0.577094591,-0.038689757,-1.301197206,-0.032217618,-1.40721,-0.068819649,-0.359597115,-2.191668409,-0.375924298
0.5,1.2,13.6,-1.5,7.4,5.8,-5.172578108,-1.294199214,-0.762492421,-0.032186243,-1.232715785,-0.023945782,-1.388208998,-0.056403109,-0.307883389,-2.13840787,-0.303009519
0.5,1.3,13.6,-1,7.4,5.8,-5.25019984,-1.28577552,-0.870631219,-0.031439506,-1.237811166,-0.023039657,-1.543240363,-0.054763425,-0.314000356,-2.095937366,-0.289529977
0.4,1,13.5,-2,7.4,5.7,-4.91578721,-1.235508204,-0.043209084,-0.036454566,-1.309895749,-0.029909637,-1.333707244,-0.064850648,-0.336121966,-2.169873104,-0.35059925
0.4,1,13.7,-1.5,7.4,5.8,-4.991785574,-1.180677635,-0.723562956,-0.031615209,-1.444919586,-0.024902107,-1.162769755,-0.056713726,-0.292382009,-2.059692388,-0.298773826
0.4,0.9,13.4,-2.5,7.5,5.7,-4.362326528,-1.138832759,0.971844817,-0.039572036,-1.306558651,-0.033576805,-1.243994649,-0.070085337,-0.342105902,-2.170719615,-0.384070633
0.5,1,13.5,-2.5,7.5,5.7,-4.702790236,-1.341862364,-0.048534133,-0.036903863,-0.891211037,-0.028781374,-1.238739881,-0.063433103,-0.30999998,-2.179458947,-0.35688188
0.4,1.1,13.7,-1.5,7.4,5.8,-5.06749089,-1.199897012,-0.791661596,-0.030596133,-1.406718032,-0.024087599,-1.25092738,-0.055333204,-0.297343731,-2.07721937,-0.28565071
0.4,1,13.6,-2,7.4,5.7,-4.979417352,-1.249303384,-0.426838577,-0.034349897,-1.297765981,-0.027763552,-1.261018996,-0.061113826,-0.314183589,-2.128741079,-0.326858664
0.4,0.9,13.5,-2.5,7.5,5.7,-4.6576867,-1.241018997,0.221369213,-0.037291664,-1.303705991,-0.031116966,-1.176203489,-0.066061115,-0.320412881,-2.129079934,-0.358148822
0.4,1.2,13.7,-1.5,7.4,5.8,-5.084492647,-1.205347563,-0.854396281,-0.029602157,-1.288970801,-0.023285641,-1.341050366,-0.053960212,-0.30215485,-2.08409437,-0.27295681
0.4,0.9,13.6,-2.5,7.5,5.7,-4.751914856,-1.256266235,-0.250641299,-0.035139305,-1.284642237,-0.028812749,-1.109521766,-0.062271582,-0.300011276,-2.073256644,-0.333863558
0.4,1.1,13.4,-2,7.4,5.7,-4.632031581,-1.211992894,0.351650329,-0.03734563,-0.912390755,-0.03106049,-1.505680125,-0.067100272,-0.366091217,-2.166904354,-0.358525956
0.5,1,13.7,-1.5,7.4,5.8,-5.065582633,-1.20171428,-0.771239911,-0.032446032,-1.410331235,-0.02383785,-1.137537578,-0.055906121,-0.278974631,-2.131882394,-0.310266044
0.4,1,13.4,-2.5,7.5,5.7,-4.354565484,-1.211011469,0.766761999,-0.038197789,-0.945288594,-0.032382026,-1.339176621,-0.068397962,-0.348315741,-2.171457567,-0.366746964
0.4,1.1,13.5,-2,7.4,5.7,-4.878789221,-1.279161565,-0.19581324,-0.035223391,-0.988171373,-0.02887048,-1.429551866,-0.063256146,-0.342006128,-2.160503752,-0.334627238
0.4,1,13.5,-2.5,7.5,5.7,-4.640480375,-1.28229535,0.086880015,-0.036029114,-1.00402604,-0.030023843,-1.267911565,-0.064496733,-0.326036626,-2.140990074,-0.342253994
0.5,1.1,13.7,-1.5,7.4,5.8,-5.110374924,-1.217904038,-0.830601101,-0.0314006,-1.358047102,-0.023054717,-1.223909309,-0.054572035,-0.283603144,-2.133565376,-0.296175935
0.4,1.1,13.6,-2,7.4,5.7,-4.945799759,-1.269839276,-0.529423912,-0.033216614,-1.033112384,-0.026834838,-1.353655787,-0.059631648,-0.319478519,-2.131425566,-0.312222621
0.4,1,13.6,-2.5,7.5,5.7,-4.733986896,-1.275189426,-0.337782358,-0.033979667,-1.037857614,-0.027832579,-1.197694452,-0.060815759,-0.305158113,-2.093515805,-0.319329171
0.5,1.2,13.7,-1.5,7.4,5.8,-5.089819579,-1.221547362,-0.884022283,-0.030387799,-1.220356348,-0.022286645,-1.312709504,-0.053238576,-0.288046543,-2.120312992,-0.282566498
0.5,0.9,13.4,-2,7.4,5.7,-4.700829268,-1.131819707,0.597023054,-0.041031624,-1.455928622,-0.032077056,-1.279657298,-0.069322285,-0.335030099,-2.213042655,-0.411688603
0.4,1.1,13.4,-2.5,7.5,5.7,-4.222214212,-1.253801376,0.545395296,-0.036882528,-0.371256251,-0.031218622,-1.4369979,-0.066713726,-0.354390665,-2.158804455,-0.349924676
0.6,1,13.5,-1.5,7.4,5.8,-5.15216458,-1.274900772,-0.400169402,-0.03735316,-1.499057384,-0.026400601,-1.242876426,-0.061816638,-0.302567124,-2.174486558,-0.372915388
0.5,0.9,13.5,-2,7.4,5.7,-4.953461656,-1.229367391,-0.030898592,-0.038654616,-1.428407288,-0.029722639,-1.211576228,-0.065354539,-0.313985924,-2.206664015,-0.383143801
0.4,1.1,13.5,-2.5,7.5,5.7,-4.514383496,-1.300137969,-0.060239705,-0.03481551,-0.516962818,-0.028973392,-1.362419592,-0.062930468,-0.331517926,-2.141329557,-0.326831053
0.6,1,13.6,-1.5,7.4,5.8,-5.182026526,-1.269554387,-0.674164113,-0.035245982,-1.439885701,-0.024526856,-1.17561363,-0.058344625,-0.283811478,-2.183669539,-0.34670555
0.5,0.9,13.6,-2,7.4,5.7,-5.018944834,-1.246709257,-0.4201192,-0.03641315,-1.385052622,-0.027528864,-1.144477838,-0.061615834,-0.29416853,-2.176669037,-0.356340966
0.4,1.1,13.6,-2.5,7.5,5.7,-4.622314275,-1.276818442,-0.434686217,-0.032863954,-0.627585929,-0.026897589,-1.28860308,-0.059362446,-0.310132385,-2.10386972,-0.305222119
0.6,1,13.7,-1.5,7.4,5.8,-5.100683032,-1.219600826,-0.825137999,-0.033249245,-1.373458748,-0.022781123,-1.109723825,-0.055079063,-0.266106911,-2.16535817,-0.322163007
0.5,0.9,13.4,-2.5,7.5,5.7,-4.49908794,-1.239849318,0.747398296,-0.040496985,-1.217216288,-0.032217618,-1.214758958,-0.068843495,-0.324892048,-2.205225135,-0.401556827
0.5,1,13.4,-2,7.4,5.7,-4.716901367,-1.234233104,0.400191992,-0.039608431,-1.205862122,-0.030923065,-1.374969792,-0.067656246,-0.341059215,-2.17292845,-0.392555196
0.5,0.9,13.5,-2.5,7.5,5.7,-4.768071984,-1.302384455,0.071364202,-0.038186494,-1.225267241,-0.02982806,-1.148859113,-0.06494603,-0.30479353,-2.18783746,-0.373914384
0.6,1.1,13.5,-1.5,7.4,5.8,-5.142145128,-1.334920848,-0.506324014,-0.03610065,-1.383470042,-0.025490711,-1.334671099,-0.060317516,-0.307668781,-2.108692762,-0.354977387
0.5,1,13.5,-2,7.4,5.7,-4.962891876,-1.294703732,-0.163283122,-0.03734814,-1.227807401,-0.028679717,-1.303500168,-0.063809609,-0.319488559,-2.186360929,-0.365571638
0.5,0.9,13.6,-2.5,7.5,5.7,-4.846424452,-1.291458251,-0.350983913,-0.036012799,-1.213651403,-0.027594125,-1.084200483,-0.061273214,-0.28583708,-2.149406238,-0.347957433
0.6,1.1,13.6,-1.5,7.4,5.8,-5.179556646,-1.301454485,-0.748362151,-0.034087598,-1.35321151,-0.023704818,-1.26383024,-0.05695218,-0.288493957,-2.141513417,-0.330271691
0.5,1,13.6,-2,7.4,5.7,-5.027170863,-1.283316936,-0.508375972,-0.035217116,-1.224486618,-0.026597639,-1.232833756,-0.060179464,-0.299218103,-2.17211708,-0.340242197
0.5,1,13.4,-2.5,7.5,5.7,-4.430132749,-1.309886964,0.565432946,-0.039097638,-0.816396785,-0.03106802,-1.307961764,-0.067211969,-0.330550933,-2.179851768,-0.383028966
0.6,1.1,13.7,-1.5,7.4,5.8,-5.105440813,-1.231557401,-0.874897033,-0.032179968,-1.308992135,-0.022029366,-1.194014733,-0.053782627,-0.270432965,-2.142257016,-0.307132887
0.5,1.1,13.4,-2,7.4,5.7,-4.607830403,-1.306942687,0.203590599,-0.038239204,-0.775283585,-0.02980547,-1.472227566,-0.065993344,-0.346960319,-2.111456316,-0.373966467
0.5,1,13.6,-2.5,7.5,5.7,-4.790412595,-1.308835258,-0.428953286,-0.03482806,-0.936672882,-0.02665286,-1.170464283,-0.059859434,-0.290641924,-2.154337839,-0.332370084
0.6,1.2,13.5,-1.5,7.4,5.8,-5.026404673,-1.37269946,-0.598448757,-0.034884536,-1.141741895,-0.024609687,-1.428236605,-0.058827807,-0.312585949,-2.017071909,-0.337608538
0.5,1.1,13.5,-2,7.4,5.7,-4.865445221,-1.336116882,-0.297472371,-0.03609061,-0.869958529,-0.027679466,-1.397871397,-0.06226719,-0.324831807,-2.147264546,-0.348487051
0.5,1.1,13.4,-2.5,7.5,5.7,-4.223089589,-1.351273759,0.370047667,-0.037756022,-0.187850139,-0.029949797,-1.403962009,-0.065587345,-0.336056078,-2.136055963,-0.365018174
0.6,1.2,13.6,-1.5,7.4,5.8,-5.089010091,-1.316829735,-0.813094827,-0.03296561,-1.159472817,-0.02290035,-1.354361108,-0.055567266,-0.292996969,-2.076286263,-0.31434737
0.5,1.1,13.5,-2.5,7.5,5.7,-4.516671712,-1.359015977,-0.17916791,-0.035663903,-0.355870961,-0.027770455,-1.331406792,-0.061915157,-0.3150301,-2.154933973,-0.340344481
0.5,1.1,13.6,-2,7.4,5.7,-4.945147148,-1.301891232,-0.599190474,-0.034058733,-0.928321979,-0.025701555,-1.323875417,-0.058744349,-0.304084443,-2.151219114,-0.324579548
0.6,1.2,13.7,-1.5,7.4,5.8,-5.037436299,-1.232370654,-0.918091056,-0.031140811,-1.154170358,-0.021293924,-1.280995149,-0.052492467,-0.274573903,-2.098753003,-0.29258595
0.6,0.9,13.4,-2,7.4,5.7,-4.749463175,-1.223722311,0.370917396,-0.041932728,-1.389170343,-0.030734185,-1.24621478,-0.06807103,-0.318177063,-2.152360555,-0.430426052
0.6,0.9,13.5,-2,7.4,5.7,-4.995887921,-1.285511966,-0.183559853,-0.039536895,-1.371072954,-0.028461344,-1.180248418,-0.064230669,-0.298664012,-2.188987686,-0.399809839
0.5,1.1,13.6,-2.5,7.5,5.7,-4.63037872,-1.31022582,-0.515440479,-0.033680972,-0.483536616,-0.0257505,-1.259642239,-0.058451301,-0.295252868,-2.145313618,-0.31722262
0.6,0.9,13.6,-2,7.4,5.7,-5.062729345,-1.279612117,-0.523379736,-0.037269074,-1.333304383,-0.026336595,-1.115440441,-0.060613701,-0.280240318,-2.192981787,-0.371222366
0.6,1,13.4,-2,7.4,5.7,-4.686933686,-1.318780036,0.202542658,-0.04048569,-1.112625431,-0.029631022,-1.339381189,-0.066465232,-0.323717349,-2.067775972,-0.409794778
0.6,0.9,13.4,-2.5,7.5,5.7,-4.580554426,-1.326927626,0.499364928,-0.04138052,-1.130278542,-0.030860942,-1.182627936,-0.067569649,-0.308544157,-2.178368962,-0.419716339
0.6,1,13.5,-2,7.4,5.7,-4.942934548,-1.344302123,-0.29777232,-0.038204064,-1.148378441,-0.027457327,-1.27009279,-0.06273845,-0.303770061,-2.132309101,-0.381013404
0.6,1,13.6,-2,7.4,5.7,-5.021444834,-1.310774263,-0.600010002,-0.036046684,-1.153916844,-0.025438,-1.201662825,-0.059223139,-0.284954174,-2.159290148,-0.354053065
0.6,0.9,13.5,-2.5,7.5,5.7,-4.834232246,-1.353347052,-0.09504392,-0.039048692,-1.149643501,-0.028546685,-1.118915591,-0.063803962,-0.289901462,-2.198060226,-0.390193876
0.6,1.1,13.4,-2,7.4,5.7,-4.487935832,-1.385656287,0.0363755,-0.039088853,-0.645898553,-0.02855798,-1.434943432,-0.064859434,-0.329083814,-1.955217621,-0.389890161
0.6,1.1,13.5,-2,7.4,5.7,-4.772712734,-1.380880936,-0.412310465,-0.036920178,-0.759341066,-0.02649661,-1.362595294,-0.061244976,-0.308690367,-2.050724643,-0.362780474
0.6,0.9,13.6,-2.5,7.5,5.7,-4.907162086,-1.319514223,-0.462865181,-0.036849897,-1.145313682,-0.026389305,-1.05669923,-0.060242215,-0.272267176,-2.188297425,-0.36253951
0.6,1.1,13.6,-2,7.4,5.7,-4.880391882,-1.325496903,-0.678121191,-0.034861946,-0.830691463,-0.024574547,-1.290724064,-0.057829439,-0.289476011,-2.103495096,-0.337356279
0.5,0.8,13.5,-2,7.4,5.7,-4.866218313,-1.140715288,0.091149593,-0.040013803,-1.516311399,-0.030795681,-1.122547619,-0.066900724,-0.308315116,-2.210207564,-0.401177811
0.6,1,13.4,-2.5,7.5,5.7,-4.438365053,-1.391638967,0.342083311,-0.039953562,-0.695218329,-0.029756524,-1.273653282,-0.066000247,-0.313798298,-2.114644694,-0.399853137
0.5,0.8,13.6,-2,7.4,5.7,-4.945436431,-1.191721811,-0.34010791,-0.037661895,-1.449939666,-0.028500249,-1.059258215,-0.06305597,-0.288938862,-2.166991578,-0.372855147
0.5,0.8,13.7,-2,7.4,5.7,-4.89613046,-1.181503438,-0.601108144,-0.035444275,-1.380045092,-0.02636546,-0.997836282,-0.059430845,-0.270672673,-2.108522079,-0.346353517
0.5,0.9,13.7,-2,7.4,5.7,-4.960687747,-1.210719049,-0.652696996,-0.034300952,-1.333532796,-0.025500751,-1.078813309,-0.058098013,-0.275510148,-2.128047053,-0.331250606
0.6,1,13.5,-2.5,7.5,5.7,-4.710601481,-1.388456236,-0.199280861,-0.037740962,-0.78596757,-0.027545179,-1.206544853,-0.062339981,-0.29474835,-2.158730409,-0.372014911
0.5,1,13.7,-2,7.4,5.7,-4.971173753,-1.226380444,-0.710533338,-0.033199044,-1.206223567,-0.024666163,-1.163267998,-0.056762045,-0.28017192,-2.13558282,-0.316521692
0.6,0.8,13.5,-2,7.4,5.7,-4.961980104,-1.204996158,-0.077615457,-0.040916162,-1.474546843,-0.02949046,-1.093586777,-0.06572728,-0.293371593,-2.223075912,-0.419229391
0.6,1,13.6,-2.5,7.5,5.7,-4.804558553,-1.333403529,-0.530927426,-0.035638803,-0.842434685,-0.025486946,-1.140476835,-0.058883028,-0.276751363,-2.16884587,-0.34589418
0.6,0.8,13.6,-2,7.4,5.7,-5.030822971,-1.231475825,-0.453555443,-0.038544174,-1.411460753,-0.02727033,-1.032778548,-0.062000498,-0.275343858,-2.207056837,-0.388879242
0.6,0.8,13.7,-2,7.4,5.7,-4.976835776,-1.204736369,-0.677830027,-0.036301454,-1.343679633,-0.025198291,-0.97390807,-0.058483932,-0.258345867,-2.168564746,-0.360614309
0.6,1.1,13.4,-2.5,7.5,5.7,-4.144805207,-1.429067429,0.174356163,-0.038591865,-0.019813001,-0.028682227,-1.367503678,-0.064435864,-0.318856656,-2.02625238,-0.380609288
0.6,0.9,13.7,-2,7.4,5.7,-5.008816195,-1.228619399,-0.722702012,-0.035131775,-1.285434155,-0.024367468,-1.052207513,-0.057198791,-0.262848879,-2.170020569,-0.344516795
0.6,1,13.7,-2,7.4,5.7,-4.980086278,-1.240293595,-0.772841316,-0.034008532,-1.141665339,-0.023564255,-1.134501684,-0.055902356,-0.267199406,-2.154723758,-0.328823398
0.6,1.1,13.5,-2.5,7.5,5.7,-4.454390403,-1.402932892,-0.312259016,-0.036474646,-0.209088842,-0.026572538,-1.297140981,-0.060877883,-0.299404474,-2.097519946,-0.354353642
0.7,0.8,13.5,-2,7.4,5.7,-4.987438813,-1.264835512,-0.25509913,-0.041780871,-1.431190923,-0.028192769,-1.062843808,-0.064527481,-0.279128371,-2.163531488,-0.438279967
0.7,0.8,13.6,-2,7.4,5.7,-5.059804521,-1.267718292,-0.573457544,-0.039382528,-1.371772001,-0.026041665,-1.004762737,-0.060923691,-0.262393306,-2.189269438,-0.405650702
0.7,0.8,13.7,-2,7.4,5.7,-5.013015492,-1.225105343,-0.759135243,-0.037113451,-1.306246151,-0.024046183,-0.94851023,-0.057520704,-0.246652846,-2.183396572,-0.375367069
0.6,1.1,13.6,-2.5,7.5,5.7,-4.587557437,-1.332971802,-0.606134499,-0.034471634,-0.352466092,-0.024617217,-1.227597813,-0.057521959,-0.281054199,-2.130128503,-0.329723247
0.7,0.9,13.5,-2,7.4,5.7,-4.954435551,-1.33473385,-0.344673673,-0.040373993,-1.314840528,-0.027202558,-1.146586272,-0.06308609,-0.284045539,-2.085801197,-0.417297288
0.7,0.9,13.6,-2,7.4,5.7,-5.038341796,-1.30739324,-0.632804929,-0.038087347,-1.282867639,-0.025153111,-1.08436991,-0.05958082,-0.266914516,-2.139861183,-0.386647189
0.5,0.8,13.5,-2.5,7.5,5.7,-4.743897789,-1.239086266,0.172333071,-0.03952309,-1.409701215,-0.030901102,-1.062619159,-0.066460212,-0.299397571,-2.181895568,-0.391395557
0.7,0.9,13.7,-2,7.4,5.7,-5.002731859,-1.242714529,-0.796981626,-0.035931223,-1.238493897,-0.023246735,-1.02376374,-0.056275097,-0.250758644,-2.156961458,-0.358170785
0.7,1,13.5,-2,7.4,5.7,-4.825628456,-1.384535554,-0.440448014,-0.039016062,-1.074215544,-0.026243723,-1.233963274,-0.061645955,-0.288789515,-1.978941264,-0.397040637
0.5,0.8,13.6,-2.5,7.5,5.7,-4.826155565,-1.256160813,-0.286632763,-0.037237698,-1.361749411,-0.028569275,-1.002267757,-0.062679464,-0.280835825,-2.132363066,-0.36396835
0.7,1,13.6,-2,7.4,5.7,-4.935869413,-1.331681642,-0.697469835,-0.036839857,-1.088436175,-0.024287147,-1.168059664,-0.058239203,-0.271301438,-2.064663523,-0.368278089
0.7,1,13.7,-2,7.4,5.7,-4.92466334,-1.249565683,-0.83899593,-0.034780369,-1.081621417,-0.022474898,-1.103488885,-0.055024469,-0.25476655,-2.107952927,-0.341455801
0.5,0.8,13.7,-2.5,7.5,5.7,-4.779650798,-1.219180394,-0.566106891,-0.035076554,-1.308143742,-0.026396836,-0.94410009,-0.05911709,-0.263342102,-2.069386163,-0.338303191
0.5,0.9,13.7,-2.5,7.5,5.7,-4.800066523,-1.23414839,-0.606543636,-0.033955821,-1.190685165,-0.025522087,-1.021327746,-0.057808104,-0.267953673,-2.094528606,-0.323684718
0.5,1,13.7,-2.5,7.5,5.7,-4.756671382,-1.236798365,-0.656369185,-0.032863954,-0.963492659,-0.024686244,-1.103471315,-0.056494725,-0.272393933,-2.10950476,-0.309437104
0.6,0.8,13.5,-2.5,7.5,5.7,-4.858580889,-1.296114375,-0.007098393,-0.040411644,-1.354826721,-0.029575801,-1.035579753,-0.06526104,-0.28486695,-2.217729527,-0.408920029
0.6,0.8,13.6,-2.5,7.5,5.7,-4.925017255,-1.289315931,-0.406782102,-0.038094877,-1.311352828,-0.027319275,-0.977862638,-0.061605794,-0.267627368,-2.190787385,-0.379632882
0.6,0.8,13.7,-2.5,7.5,5.7,-4.869930034,-1.237070704,-0.647296645,-0.035917417,-1.260865883,-0.025217117,-0.922174891,-0.058149469,-0.251395566,-2.143832694,-0.352280976
0.6,0.9,13.7,-2.5,7.5,5.7,-4.860476283,-1.248309408,-0.682261502,-0.034766564,-1.127573974,-0.024380018,-0.996417481,-0.056890056,-0.255623729,-2.154431338,-0.336676685
0.6,1,13.7,-2.5,7.5,5.7,-4.779858504,-1.248624418,-0.725509492,-0.033652106,-0.877467313,-0.023571786,-1.075896016,-0.055623741,-0.259745214,-2.15066063,-0.321468353
0.7,0.8,13.5,-2.5,7.5,5.7,-4.915061809,-1.345553378,-0.195333823,-0.041249997,-1.301264977,-0.02826556,-1.007188691,-0.064047436,-0.27106926,-2.193145567,-0.427371333
0.7,0.8,13.6,-2.5,7.5,5.7,-4.9782232,-1.316965277,-0.533463821,-0.03891817,-1.262294096,-0.026084336,-0.952124688,-0.060507652,-0.255117328,-2.20175124,-0.395921787
0.7,0.8,13.7,-2.5,7.5,5.7,-4.924977722,-1.250869649,-0.733200254,-0.036716865,-1.214725073,-0.024057478,-0.898800143,-0.057172436,-0.240095994,-2.181831562,-0.366692999
0.7,0.9,13.5,-2.5,7.5,5.7,-4.830199867,-1.394191678,-0.270018808,-0.03986822,-1.079348575,-0.02728037,-1.087061928,-0.062639303,-0.275707814,-2.135813744,-0.407154216
0.7,0.9,13.6,-2.5,7.5,5.7,-4.91242815,-1.340588519,-0.581104381,-0.037649345,-1.081981607,-0.025193272,-1.027604101,-0.059200548,-0.259351138,-2.169224886,-0.377590965
0.7,0.9,13.7,-2.5,7.5,5.7,-4.877945847,-1.257523765,-0.762469831,-0.035547186,-1.068797622,-0.02325301,-0.970036334,-0.055954439,-0.243955808,-2.169172175,-0.350049551
0.7,1,13.5,-2.5,7.5,5.7,0,0,0,0,0,0,0,0,0,0,0
