cx,cy,cz,a,b,theta,R3,R4,E,E_i01,E_i02,E_ip1,E_ip2,E_ip3,E_ip4,E_it1,E_it2,E_it3,E_it4,machine_type,status,file_name
-1.5,-0.8,13.3,7.3,5.9,25.5,-0.2,1.9,-5.192426249,-1.508827715,-1.097403293,-0.038187749,-0.330233413,-0.08910391,-0.277540143,-1.321679132,-1.96988504,-0.152621727,-0.077592239,2,Done,tetracene_a=7.3_b=5.9_theta=25.5_R3=-0.2_R4=1.9_cx=-1.5_cy=-0.8_cz=13.3.log
-1.6,-0.9,13.3,7.3,5.9,25.5,-0.2,1.9,-5.186393682,-1.582357454,-1.118531555,-0.038192769,-0.305228394,-0.092463598,-0.244382515,-1.369399385,-1.907359316,-0.142793038,-0.0762638,2,Done,tetracene_a=7.3_b=5.9_theta=25.5_R3=-0.2_R4=1.9_cx=-1.6_cy=-0.9_cz=13.3.log
-1.5,-0.9,13.3,7.3,5.9,25.5,-0.2,1.9,-5.179593042,-1.544092522,-1.00684607,-0.039814255,-0.311150833,-0.092080817,-0.254070014,-1.354447077,-1.973946912,-0.148660884,-0.078510914,2,Done,tetracene_a=7.3_b=5.9_theta=25.5_R3=-0.2_R4=1.9_cx=-1.5_cy=-0.9_cz=13.3.log
-1.6,-0.8,13.3,7.3,5.9,25.5,-0.2,1.9,-5.159606848,-1.56468238,-1.213403537,-0.036597638,-0.323702289,-0.089515556,-0.267033115,-1.337092033,-1.853156884,-0.146506015,-0.075384659,2,Done,tetracene_a=7.3_b=5.9_theta=25.5_R3=-0.2_R4=1.9_cx=-1.6_cy=-0.8_cz=13.3.log
-1.6,-1,13.3,7.3,5.9,25.5,-0.2,1.9,-5.151607978,-1.593449948,-1.001529805,-0.03983308,-0.288054701,-0.095503257,-0.224489192,-1.397751542,-1.916213482,-0.139102652,-0.077110311,2,Done,tetracene_a=7.3_b=5.9_theta=25.5_R3=-0.2_R4=1.9_cx=-1.6_cy=-1.0_cz=13.3.log
-1.5,-0.7,13.3,7.3,5.9,25.5,-0.2,1.9,-5.150590785,-1.468441171,-1.164494153,-0.036627759,-0.3507555,-0.086223639,-0.303476386,-1.287145374,-1.92521323,-0.156591983,-0.076630894,2,Done,tetracene_a=7.3_b=5.9_theta=25.5_R3=-0.2_R4=1.9_cx=-1.5_cy=-0.7_cz=13.3.log
-1.5,-0.9,13.2,7.3,5.9,25.5,-0.2,1.9,-5.131913578,-1.556975302,-0.714627213,-0.043852909,-0.323726134,-0.098707323,-0.270578547,-1.436820315,-1.952189885,-0.155736687,-0.082932977,2,Done,tetracene_a=7.3_b=5.9_theta=25.5_R3=1.9_R4=-0.2_cx=-1.5_cy=-0.9_cz=13.2.log
-1.6,-0.9,13.2,7.3,5.9,25.5,-0.2,1.9,-5.13131556,-1.632635438,-0.899894521,-0.042095881,-0.317350633,-0.098990957,-0.260361429,-1.434307765,-1.841379149,-0.149474137,-0.08049008,2,Done,tetracene_a=7.3_b=5.9_theta=25.5_R3=-0.2_R4=1.9_cx=-1.6_cy=-0.9_cz=13.2.log
-1.5,-0.8,13.4,7.3,5.9,25.5,-0.2,1.9,-5.128017995,-1.474839263,-1.221649018,-0.034664907,-0.317168654,-0.083245476,-0.260127995,-1.231957752,-1.981175827,-0.145589223,-0.073447536,2,Done,tetracene_a=7.3_b=5.9_theta=25.5_R3=-0.2_R4=1.9_cx=-1.5_cy=-0.8_cz=13.4.log
-1.5,-0.8,13.2,7.3,5.9,25.5,-0.2,1.9,-5.121458633,-1.496736852,-0.836355368,-0.042059485,-0.343673422,-0.09540411,-0.295918656,-1.405295467,-1.919216745,-0.159918413,-0.081954061,2,Done,tetracene_a=7.3_b=5.9_theta=25.5_R3=-0.2_R4=1.9_cx=-1.5_cy=-0.8_cz=13.2.log
-1.4,-0.8,13.3,7.3,5.9,25.5,-0.2,1.9,-5.120730722,-1.421884949,-0.95476274,-0.039877005,-0.336518553,-0.088581822,-0.287882763,-1.292120274,-2.025080192,-0.158952048,-0.079824292,2,Done,tetracene_a=7.3_b=5.9_theta=25.5_R3=-0.2_R4=1.9_cx=-1.4_cy=-0.8_cz=13.3.log
-1.5,-1,13.3,7.3,5.9,25.5,-0.2,1.9,-5.118383834,-1.572039307,-0.892161087,-0.041483431,-0.293313234,-0.095150596,-0.233429955,-1.383940674,-1.946547315,-0.144712591,-0.079394448,2,Done,tetracene_a=7.3_b=5.9_theta=25.5_R3=-0.2_R4=1.9_cx=-1.5_cy=-1.0_cz=13.3.log
-1.5,-0.7,13.4,7.3,5.9,25.5,-0.2,1.9,-5.114164457,-1.453162558,-1.270889728,-0.033293171,-0.33665535,-0.08062625,-0.284268305,-1.198519,-1.964295808,-0.14934738,-0.072554589,2,Done,tetracene_a=7.3_b=5.9_theta=25.5_R3=-0.2_R4=1.9_cx=-1.5_cy=-0.7_cz=13.4.log
-1.4,-0.7,13.3,7.3,5.9,25.5,-0.2,1.9,-5.112788327,-1.361267483,-1.012533821,-0.038279365,-0.357948019,-0.085685235,-0.314711325,-1.257655542,-2.027922184,-0.163173935,-0.078824041,2,Done,tetracene_a=7.3_b=5.9_theta=25.5_R3=-0.2_R4=1.9_cx=-1.4_cy=-0.7_cz=13.3.log
-1.6,-1,13.2,7.3,5.9,25.5,-0.2,1.9,-5.112399899,-1.66163393,-0.745210796,-0.04391566,-0.29935239,-0.102374491,-0.238511531,-1.457212507,-1.882720763,-0.14557479,-0.08139244,2,Done,tetracene_a=7.3_b=5.9_theta=25.5_R3=-0.2_R4=1.9_cx=-1.6_cy=-1.0_cz=13.2.log
-1.6,-0.9,13.4,7.3,5.9,25.5,-0.2,1.9,-5.108787951,-1.503375908,-1.214126428,-0.034619727,-0.293473877,-0.086386792,-0.229464092,-1.289038572,-1.930412778,-0.136357923,-0.072255266,2,Done,tetracene_a=7.3_b=5.9_theta=25.5_R3=-0.2_R4=1.9_cx=-1.6_cy=-0.9_cz=13.4.log
-1.6,-0.8,13.4,7.3,5.9,25.5,-0.2,1.9,-5.106602961,-1.499170336,-1.285578482,-0.033202809,-0.311078042,-0.083708579,-0.250195767,-1.256401777,-1.907432734,-0.139867586,-0.071433856,2,Done,tetracene_a=7.3_b=5.9_theta=25.5_R3=-0.2_R4=1.9_cx=-1.6_cy=-0.8_cz=13.4.log
-1.5,-0.9,13.4,7.3,5.9,25.5,-0.2,1.9,-5.095684915,-1.491687907,-1.153246663,-0.03611069,-0.298920664,-0.085924944,-0.238639543,-1.264186039,-1.963091616,-0.141833575,-0.074308479,2,Done,tetracene_a=7.3_b=5.9_theta=25.5_R3=-0.2_R4=1.9_cx=-1.5_cy=-0.9_cz=13.4.log
-1.4,-0.9,13.3,7.3,5.9,25.5,-0.2,1.9,-5.086650026,-1.477494885,-0.872811189,-0.041534887,-0.316777088,-0.091583829,-0.263633266,-1.324974815,-1.99424184,-0.154729533,-0.080786265,2,Done,tetracene_a=7.3_b=5.9_theta=25.5_R3=-0.2_R4=1.9_cx=-1.4_cy=-0.9_cz=13.3.log
-1.5,-1,13.2,7.3,5.9,25.5,-0.2,1.9,-5.082532305,-1.608792568,-0.56256146,-0.045709083,-0.305018806,-0.102119722,-0.247940496,-1.463114866,-1.947892069,-0.15157755,-0.083876752,2,Done,tetracene_a=7.3_b=5.9_theta=25.5_R3=-0.2_R4=1.9_cx=-1.5_cy=-1.0_cz=13.2.log
-1.4,-0.7,13.4,7.3,5.9,25.5,-0.2,1.9,-5.08200708,-1.389369891,-1.178540336,-0.034814255,-0.343296916,-0.080056471,-0.294897069,-1.165736622,-2.025718997,-0.155506391,-0.074557601,2,Done,tetracene_a=7.3_b=5.9_theta=25.5_R3=-0.2_R4=1.9_cx=-1.4_cy=-0.7_cz=13.4.log
-1.6,-0.8,13.2,7.3,5.9,25.5,-0.2,1.9,-5.074942572,-1.595843271,-1.026445717,-0.040335088,-0.336641545,-0.095720375,-0.284826789,-1.405075211,-1.747021725,-0.153384779,-0.079554463,2,Done,tetracene_a=7.3_b=5.9_theta=25.5_R3=-0.2_R4=1.9_cx=-1.6_cy=-0.8_cz=13.2.log
-1.4,-0.8,13.4,7.3,5.9,25.5,-0.2,1.9,-5.066755763,-1.426311405,-1.137001684,-0.036214857,-0.322954297,-0.082660637,-0.269937859,-1.198573593,-2.00364696,-0.151501622,-0.075493218,2,Done,tetracene_a=7.3_b=5.9_theta=25.5_R3=-0.2_R4=1.9_cx=-1.4_cy=-0.8_cz=13.4.log
-1.6,-0.7,13.3,7.3,5.9,25.5,-0.2,1.9,-5.062779232,-1.541878666,-1.286002051,-0.035074044,-0.343345862,-0.086640306,-0.29207202,-1.302954234,-1.742612213,-0.150228404,-0.074477907,2,Done,tetracene_a=7.3_b=5.9_theta=25.5_R3=-0.2_R4=1.9_cx=-1.6_cy=-0.7_cz=13.3.log
-1.5,-0.7,13.2,7.3,5.9,25.5,-0.2,1.9,-5.046151158,-1.430986354,-0.929351095,-0.040311242,-0.36524094,-0.092206319,-0.323678443,-1.371049109,-1.839172196,-0.164106415,-0.08093624,2,Done,tetracene_a=7.3_b=5.9_theta=25.5_R3=-0.2_R4=1.9_cx=-1.5_cy=-0.7_cz=13.2.log
-1.6,-0.7,13.4,7.3,5.9,25.5,-0.2,1.9,-5.044914336,-1.490519483,-1.339120145,-0.031866213,-0.329859417,-0.081083077,-0.273491448,-1.222559535,-1.835407764,-0.143395448,-0.070581697,2,Done,tetracene_a=7.3_b=5.9_theta=25.5_R3=-0.2_R4=1.9_cx=-1.6_cy=-0.7_cz=13.4.log
-1.4,-0.8,13.2,7.3,5.9,25.5,-0.2,1.9,-5.036438558,-1.357474813,-0.614090071,-0.043888049,-0.350525831,-0.094967363,-0.306817249,-1.384252547,-2.017238199,-0.166675441,-0.084390682,2,Done,tetracene_a=7.3_b=5.9_theta=25.5_R3=-0.2_R4=1.9_cx=-1.4_cy=-0.8_cz=13.2.log
-1.4,-0.9,13.2,7.3,5.9,25.5,-0.2,1.9,-5.022099327,-1.444934646,-0.502354386,-0.045725399,-0.329766545,-0.098291911,-0.280641297,-1.417124031,-2.0064695,-0.16222765,-0.085421054,2,Done,tetracene_a=7.3_b=5.9_theta=25.5_R3=-0.2_R4=1.9_cx=-1.4_cy=-0.9_cz=13.2.log
-1.4,-0.9,13.4,7.3,5.9,25.5,-0.2,1.9,-5.016437932,-1.458467527,-1.075452994,-0.037693271,-0.304136527,-0.085352655,-0.247729653,-1.230300499,-1.957821787,-0.147506266,-0.076393067,2,Done,tetracene_a=7.3_b=5.9_theta=25.5_R3=-0.2_R4=1.9_cx=-1.4_cy=-0.9_cz=13.4.log
-1.4,-1,13.3,7.3,5.9,25.5,-0.2,1.9,-5.014215292,-1.525346288,-0.765240915,-0.043242969,-0.298333314,-0.094672434,-0.242284121,-1.355145496,-1.94227711,-0.150529609,-0.081703057,2,Done,tetracene_a=7.3_b=5.9_theta=25.5_R3=-0.2_R4=1.9_cx=-1.4_cy=-1.0_cz=13.3.log
-1.4,-0.7,13.2,7.3,5.9,25.5,-0.2,1.9,-4.999946969,-1.264453985,-0.695722847,-0.042100901,-0.372989434,-0.091741962,-0.335553442,-1.349052374,-1.995155495,-0.171134527,-0.083323288,2,Done,tetracene_a=7.3_b=5.9_theta=25.5_R3=-0.2_R4=1.9_cx=-1.4_cy=-0.7_cz=13.2.log
-1.4,-1,13.2,7.3,5.9,25.5,-0.2,1.9,-4.95981645,-1.52327174,-0.358407357,-0.047617969,-0.310463083,-0.101710586,-0.257246469,-1.445896619,-1.97036132,-0.157791782,-0.086408127,2,Done,tetracene_a=7.3_b=5.9_theta=25.5_R3=-0.2_R4=1.9_cx=-1.4_cy=-1.0_cz=13.2.log
-1.6,-0.7,13.2,7.3,5.9,25.5,-0.2,1.9,-4.936316828,-1.553541567,-1.125639988,-0.0386132,-0.357250228,-0.092560235,-0.311613936,-1.372734601,-1.588077208,-0.157314247,-0.078581195,2,Done,tetracene_a=7.3_b=5.9_theta=25.5_R3=-0.2_R4=1.9_cx=-1.6_cy=-0.7_cz=13.2.log
-1.5,-0.9,13.1,7.3,5.9,25.5,-0.2,1.9,-4.903983747,-1.515156781,-0.225171923,-0.048268069,-0.336626484,-0.105828307,-0.288084821,-1.503728568,-1.890010547,-0.163078554,-0.087597886,2,Done,tetracene_a=7.3_b=5.9_theta=25.5_R3=-0.2_R4=1.9_cx=-1.5_cy=-0.9_cz=13.1.log
-1.6,-0.9,13.1,7.3,5.9,25.5,-0.2,1.9,-4.892790852,-1.642105819,-0.509963572,-0.046352909,-0.329819256,-0.106011539,-0.277309219,-1.473871643,-1.721811511,-0.156392435,-0.084934106,2,Done,tetracene_a=7.3_b=5.9_theta=25.5_R3=-0.2_R4=1.9_cx=-1.6_cy=-0.9_cz=13.1.log
-1.6,-1,13.1,7.3,5.9,25.5,-0.2,1.9,-4.892170872,-1.695887191,-0.305178193,-0.048473893,-0.31094752,-0.109743969,-0.253561731,-1.486419333,-1.805673203,-0.152289774,-0.085892314,2,Done,tetracene_a=7.3_b=5.9_theta=25.5_R3=-0.2_R4=1.9_cx=-1.6_cy=-1.0_cz=13.1.log
-1.5,-1,13.1,7.3,5.9,25.5,-0.2,1.9,-4.867685432,-1.599479064,-0.022207579,-0.050455569,-0.317075783,-0.109582071,-0.263497724,-1.522940415,-1.916291293,-0.158697279,-0.08860755,2,Done,tetracene_a=7.3_b=5.9_theta=25.5_R3=-0.2_R4=1.9_cx=-1.5_cy=-1.0_cz=13.1.log
-1.5,-0.8,13.1,7.3,5.9,25.5,-0.2,1.9,-4.866102851,-1.420735351,-0.389876983,-0.046266312,-0.357523823,-0.102173688,-0.315219608,-1.476594409,-1.819586354,-0.167475516,-0.086548689,2,Done,tetracene_a=7.3_b=5.9_theta=25.5_R3=-0.2_R4=1.9_cx=-1.5_cy=-0.8_cz=13.1.log
-1.6,-0.8,13.1,7.3,5.9,25.5,-0.2,1.9,-4.801922384,-1.579189156,-0.679516774,-0.044396332,-0.349915891,-0.102393317,-0.303510272,-1.451965269,-1.576044076,-0.160514548,-0.08393762,2,Done,tetracene_a=7.3_b=5.9_theta=25.5_R3=-0.2_R4=1.9_cx=-1.6_cy=-0.8_cz=13.1.log
-1.4,-0.9,13.1,7.3,5.9,25.5,-0.2,1.9,-4.774182676,-1.340439171,0.090469372,-0.050302457,-0.343126233,-0.105484431,-0.298665895,-1.501521616,-1.988563502,-0.170001872,-0.090321279,2,Done,tetracene_a=7.3_b=5.9_theta=25.5_R3=-0.2_R4=1.9_cx=-1.4_cy=-0.9_cz=13.1.log
-1.4,-0.8,13.1,7.3,5.9,25.5,-0.2,1.9,-4.763882727,-1.208931901,-0.061922687,-0.048242969,-0.364946011,-0.101817263,-0.326705551,-1.47073723,-1.972945406,-0.174696274,-0.089220627,2,Done,tetracene_a=7.3_b=5.9_theta=25.5_R3=-0.2_R4=1.9_cx=-1.4_cy=-0.8_cz=13.1.log
-1.4,-1,13.1,7.3,5.9,25.5,-0.2,1.9,-4.723492419,-1.460524505,0.284530604,-0.052550197,-0.322955552,-0.109253256,-0.273268055,-1.525956855,-1.973807605,-0.165326295,-0.091391184,2,Done,tetracene_a=7.3_b=5.9_theta=25.5_R3=-0.2_R4=1.9_cx=-1.4_cy=-1.0_cz=13.1.log
,,,,,,,,,,,,,,,,,,,,,
,,,,,,,,,,,,,,,,,,,,,
,,,,,,,,,,,,,,,,,,,,,
,,,,,,,,,,,,,,,,,,,,,
-0.3,1.4,13.5,7.3,5.9,25.5,-0.2,1.9,-5.568005416,-0.777700753,-1.155381452,-0.024631022,-1.777455961,-0.030071534,-1.695173084,-0.274550685,-2.116175191,-0.389993072,-0.057079565,1,Done,tetracene_a=7.3_b=5.9_theta=25.5_R3=-0.2_R4=1.9_cx=-0.3_cy=1.4_cz=13.5.log
-0.2,1.4,13.5,7.3,5.9,25.5,-0.2,1.9,-5.563355568,-0.835981372,-1.09440254,-0.025573542,-1.78618337,-0.029211845,-1.730589749,-0.265022573,-2.078192011,-0.411404969,-0.057764805,1,Done,tetracene_a=7.3_b=5.9_theta=25.5_R3=-0.2_R4=1.9_cx=-0.2_cy=1.4_cz=13.5.log
-0.2,1.5,13.5,7.3,5.9,25.5,-0.2,1.9,-5.559840257,-0.853033329,-1.144201734,-0.024695029,-1.814977293,-0.02821787,-1.665687644,-0.252842604,-2.067102026,-0.418389782,-0.056099394,1,Done,tetracene_a=7.3_b=5.9_theta=25.5_R3=-0.2_R4=1.9_cx=-0.2_cy=1.5_cz=13.5.log
-0.1,1.5,13.5,7.3,5.9,25.5,-0.2,1.9,-5.533552608,-0.927768515,-1.07554712,-0.025599898,-1.794502897,-0.027358181,-1.718806366,-0.24425262,-2.006018948,-0.441788375,-0.056701176,1,Done,tetracene_a=7.3_b=5.9_theta=25.5_R3=-0.2_R4=1.9_cx=-0.1_cy=1.5_cz=13.5.log
-0.3,1.5,13.5,7.3,5.9,25.5,-0.2,1.9,-5.52806817,-0.7806375,-1.206705495,-0.023783884,-1.823277996,-0.029047438,-1.604425098,-0.261660375,-2.0806393,-0.396368574,-0.055461216,1,Done,tetracene_a=7.3_b=5.9_theta=25.5_R3=-0.2_R4=1.9_cx=-0.3_cy=1.5_cz=13.5.log
-0.1,1.4,13.5,7.3,5.9,25.5,-0.2,1.9,-5.513701956,-0.898759983,-1.030011229,-0.026503512,-1.785993862,-0.028325801,-1.75798056,-0.255689617,-2.001666539,-0.434149068,-0.058409258,1,Done,tetracene_a=7.3_b=5.9_theta=25.5_R3=-0.2_R4=1.9_cx=-0.1_cy=1.4_cz=13.5.log
-0.3,1.3,13.5,7.3,5.9,25.5,-0.2,1.9,-5.51298032,-0.750884741,-1.078027039,-0.025515812,-1.704901999,-0.031132026,-1.701898737,-0.287842602,-2.136881138,-0.383359037,-0.058717366,1,Done,tetracene_a=7.3_b=5.9_theta=25.5_R3=-0.2_R4=1.9_cx=-0.3_cy=1.3_cz=13.5.log
-0.3,1.4,13.6,7.3,5.9,25.5,-0.2,1.9,-5.512113729,-0.935463043,-1.18316634,-0.023118723,-1.700193164,-0.028349647,-1.634848038,-0.257362559,-2.085883401,-0.3625119,-0.053786392,2,Done,tetracene_a=7.3_b=5.9_theta=25.5_R3=-0.2_R4=1.9_cx=-0.3_cy=1.4_cz=13.6.log
-0.4,1.4,13.5,7.3,5.9,25.5,-0.2,1.9,-5.506159914,-0.725633111,-1.211326479,-0.023683482,-1.760407769,-0.030907378,-1.65269254,-0.284235047,-2.093515805,-0.369725754,-0.056357928,1,Done,tetracene_a=7.3_b=5.9_theta=25.5_R3=-0.2_R4=1.9_cx=-0.4_cy=1.4_cz=13.5.log
-0.2,1.4,13.4,7.3,5.9,25.5,-0.2,1.9,-5.501333734,-0.555883499,-0.944246928,-0.027216364,-1.857034269,-0.030997739,-1.783151241,-0.28222827,-2.115068263,-0.443421156,-0.061351025,1,Done,tetracene_a=7.3_b=5.9_theta=25.5_R3=1.9_R4=-0.2_cx=-0.2_cy=1.4_cz=13.4.log
-0.4,1.3,13.5,7.3,5.9,25.5,-0.2,1.9,-5.4982125,-0.715796892,-1.136145761,-0.024536896,-1.68140928,-0.031994225,-1.676276248,-0.298380377,-2.145203176,-0.363592472,-0.057956824,1,Done,tetracene_a=7.3_b=5.9_theta=25.5_R3=-0.2_R4=1.9_cx=-0.4_cy=1.3_cz=13.5.log
-0.2,1.5,13.6,7.3,5.9,25.5,-0.2,1.9,-5.490917068,-0.977220068,-1.171079242,-0.02321285,-1.749804105,-0.026596384,-1.625395227,-0.237476767,-2.026024594,-0.387920407,-0.052841362,2,Done,tetracene_a=7.3_b=5.9_theta=25.5_R3=-0.2_R4=1.9_cx=-0.2_cy=1.5_cz=13.6.log
-0.2,1.5,13.4,7.3,5.9,25.5,-0.2,1.9,-5.490438278,-0.594260755,-1.02721379,-0.026263804,-1.871389187,-0.029918422,-1.68519191,-0.269094486,-2.093452426,-0.451218596,-0.059553837,1,Done,tetracene_a=7.3_b=5.9_theta=25.5_R3=-0.2_R4=1.9_cx=-0.2_cy=1.5_cz=13.4.log
-0.2,1.4,13.6,7.3,5.9,25.5,-0.2,1.9,-5.488173595,-0.976607618,-1.146060419,-0.024023593,-1.710075192,-0.027520079,-1.665250897,-0.248733669,-2.028624996,-0.381658485,-0.054387547,2,Done,tetracene_a=7.3_b=5.9_theta=25.5_R3=-0.2_R4=1.9_cx=-0.2_cy=1.4_cz=13.6.log
-0.1,1.5,13.4,7.3,5.9,25.5,-0.2,1.9,-5.486410919,-0.702610397,-0.921984128,-0.027200048,-1.844401237,-0.029032378,-1.750529506,-0.259586454,-2.051229788,-0.477479889,-0.06023594,1,Done,tetracene_a=7.3_b=5.9_theta=25.5_R3=-0.2_R4=1.9_cx=-0.1_cy=1.5_cz=13.4.log
-0.3,1.5,13.6,7.3,5.9,25.5,-0.2,1.9,-5.485493499,-0.925756718,-1.209130194,-0.022339356,-1.754305862,-0.027407127,-1.573418574,-0.245423553,-2.063334456,-0.368276206,-0.052280368,2,Done,tetracene_a=7.3_b=5.9_theta=25.5_R3=-0.2_R4=1.9_cx=-0.3_cy=1.5_cz=13.6.log
-0.4,1.4,13.6,7.3,5.9,25.5,-0.2,1.9,-5.481549599,-0.897385736,-1.216428135,-0.022207579,-1.682481067,-0.02916039,-1.598615611,-0.266125108,-2.09480973,-0.344326032,-0.053149469,1,Done,tetracene_a=7.3_b=5.9_theta=25.5_R3=-0.2_R4=1.9_cx=-0.4_cy=1.4_cz=13.6.log
-0.3,1.4,13.4,7.3,5.9,25.5,-0.2,1.9,-5.47971978,-0.47191011,-1.040450486,-0.026236193,-1.85022202,-0.031888803,-1.739000893,-0.292693882,-2.127179834,-0.419413251,-0.06057856,1,Done,tetracene_a=7.3_b=5.9_theta=25.5_R3=-0.2_R4=1.9_cx=-0.3_cy=1.4_cz=13.4.log
-0.2,1.3,13.5,7.3,5.9,25.5,-0.2,1.9,-5.475453339,-0.794074999,-1.01811364,-0.026483432,-1.722053103,-0.030240962,-1.720588494,-0.277588461,-2.078472507,-0.404167896,-0.05944716,1,Done,tetracene_a=7.3_b=5.9_theta=25.5_R3=-0.2_R4=1.9_cx=-0.2_cy=1.3_cz=13.5.log
-0.1,1.4,13.4,7.3,5.9,25.5,-0.2,1.9,-5.467777637,-0.647772298,-0.844812948,-0.028189004,-1.854172823,-0.030080319,-1.81729406,-0.271949029,-2.053562243,-0.469017917,-0.062087722,1,Done,tetracene_a=7.3_b=5.9_theta=25.5_R3=-0.2_R4=1.9_cx=-0.1_cy=1.4_cz=13.4.log
-0.4,1.3,13.6,7.3,5.9,25.5,-0.2,1.9,-5.467648997,-0.900196981,-1.17251373,-0.022985691,-1.601448191,-0.030159386,-1.603788803,-0.279147196,-2.129585707,-0.338741193,-0.05462851,1,Done,tetracene_a=7.3_b=5.9_theta=25.5_R3=-0.2_R4=1.9_cx=-0.4_cy=1.3_cz=13.6.log
-0.3,1.3,13.6,7.3,5.9,25.5,-0.2,1.9,-5.459872894,-0.925678906,-1.13675319,-0.023921936,-1.624393721,-0.029323542,-1.62617836,-0.269676815,-2.09526593,-0.356496589,-0.055308731,2,Done,tetracene_a=7.3_b=5.9_theta=25.5_R3=-0.2_R4=1.9_cx=-0.3_cy=1.3_cz=13.6.log
-0.3,1.5,13.4,7.3,5.9,25.5,-0.2,1.9,-5.423228192,-0.490760511,-1.125670109,-0.025309988,-1.884901988,-0.030783131,-1.60925818,-0.278816498,-2.075742212,-0.426497839,-0.05882969,1,Done,tetracene_a=7.3_b=5.9_theta=25.5_R3=-0.2_R4=1.9_cx=-0.3_cy=1.5_cz=13.4.log
-0.3,1.3,13.4,7.3,5.9,25.5,-0.2,1.9,-5.422648373,-0.42418923,-0.923160081,-0.027208833,-1.782747125,-0.033040912,-1.768055861,-0.307058213,-2.161972753,-0.412073894,-0.062342491,1,Done,tetracene_a=7.3_b=5.9_theta=25.5_R3=-0.2_R4=1.9_cx=-0.3_cy=1.3_cz=13.4.log
-0.4,1.5,13.5,7.3,5.9,25.5,-0.2,1.9,-5.414316295,-0.712674402,-1.261439427,-0.022861444,-1.819727544,-0.029864456,-1.53676195,-0.270606785,-2.02166591,-0.375595483,-0.054783506,1,Done,tetracene_a=7.3_b=5.9_theta=25.5_R3=-0.2_R4=1.9_cx=-0.4_cy=1.5_cz=13.5.log
-0.4,1.5,13.6,7.3,5.9,25.5,-0.2,1.9,-5.412463258,-0.876280064,-1.241040332,-0.021460842,-1.747811133,-0.028192769,-1.516502162,-0.253523453,-2.041958328,-0.349657357,-0.051680469,1,Done,tetracene_a=7.3_b=5.9_theta=25.5_R3=-0.2_R4=1.9_cx=-0.4_cy=1.5_cz=13.6.log
-0.2,1.3,13.6,7.3,5.9,25.5,-0.2,1.9,-5.409478193,-0.955545873,-1.099805402,-0.024856926,-1.641340256,-0.028468874,-1.642575196,-0.260370214,-2.021714228,-0.375148068,-0.055949419,2,Done,tetracene_a=7.3_b=5.9_theta=25.5_R3=-0.2_R4=1.9_cx=-0.2_cy=1.3_cz=13.6.log
-0.1,1.3,13.5,7.3,5.9,25.5,-0.2,1.9,-5.404900507,-0.844066211,-0.95791535,-0.027444777,-1.732477299,-0.029324797,-1.73195521,-0.267523828,-1.989441389,-0.426204165,-0.060139303,1,Done,tetracene_a=7.3_b=5.9_theta=25.5_R3=-0.2_R4=1.9_cx=-0.1_cy=1.3_cz=13.5.log
-0.2,1.3,13.4,7.3,5.9,25.5,-0.2,1.9,-5.402494006,-0.487345601,-0.828733632,-0.028219125,-1.79971374,-0.032122237,-1.791356562,-0.2957486,-2.124513544,-0.435322512,-0.063163902,1,Done,tetracene_a=7.3_b=5.9_theta=25.5_R3=-0.2_R4=1.9_cx=-0.2_cy=1.3_cz=13.4.log
-0.4,1.3,13.4,7.3,5.9,25.5,-0.2,1.9,-5.379465017,-0.374041141,-1.015706511,-0.026179717,-1.759142709,-0.033933231,-1.736071676,-0.31890623,-2.136405486,-0.390135517,-0.061480292,1,Done,tetracene_a=7.3_b=5.9_theta=25.5_R3=-0.2_R4=1.9_cx=-0.4_cy=1.3_cz=13.4.log
-0.4,1.4,13.4,7.3,5.9,25.5,-0.2,1.9,-5.37777074,-0.398325778,-1.130849576,-0.025243472,-1.83450415,-0.032756022,-1.685554611,-0.303440618,-2.064083703,-0.396862424,-0.05976719,1,Done,tetracene_a=7.3_b=5.9_theta=25.5_R3=-0.2_R4=1.9_cx=-0.4_cy=1.4_cz=13.4.log
-0.1,1.3,13.4,7.3,5.9,25.5,-0.2,1.9,-5.342194688,-0.561729382,-0.73513173,-0.029224396,-1.809610828,-0.031173442,-1.805908519,-0.284711327,-2.046977153,-0.460162496,-0.063954564,1,Done,tetracene_a=7.3_b=5.9_theta=25.5_R3=-0.2_R4=1.9_cx=-0.1_cy=1.3_cz=13.4.log
-0.4,1.5,13.4,7.3,5.9,25.5,-0.2,1.9,-5.257536687,-0.395204543,-1.21485936,-0.024349898,-1.885480552,-0.031623994,-1.524525505,-0.288671543,-1.969453313,-0.403322012,-0.058067893,1,Done,tetracene_a=7.3_b=5.9_theta=25.5_R3=-0.2_R4=1.9_cx=-0.4_cy=1.5_cz=13.4.log
-0.1,1.5,13.3,7.3,5.9,25.5,-0.2,1.9,-5.248940427,-0.300453043,-0.622218836,-0.028894325,-1.878687129,-0.030799446,-1.757114596,-0.275785625,-2.08424811,-0.51581322,-0.064009785,1,Done,tetracene_a=7.3_b=5.9_theta=25.5_R3=-0.2_R4=1.9_cx=-0.1_cy=1.5_cz=13.3.log
-0.2,1.4,13.3,7.3,5.9,25.5,-0.2,1.9,-5.243076346,-0.078931973,-0.652316725,-0.028968372,-1.920210721,-0.032891564,-1.814712484,-0.300351386,-2.135688242,-0.477857023,-0.065163776,1,Done,tetracene_a=7.3_b=5.9_theta=25.5_R3=-0.2_R4=1.9_cx=-0.2_cy=1.4_cz=13.3.log
-0.1,1.4,13.3,7.3,5.9,25.5,-0.2,1.9,-5.231785559,-0.212550187,-0.502906594,-0.029973643,-1.912619104,-0.031941514,-1.860436628,-0.289098877,-2.09496849,-0.506498462,-0.066005894,1,Done,tetracene_a=7.3_b=5.9_theta=25.5_R3=-0.2_R4=1.9_cx=-0.1_cy=1.4_cz=13.3.log
-0.2,1.5,13.3,7.3,5.9,25.5,-0.2,1.9,-5.222613245,-0.14369979,-0.779507982,-0.02792043,-1.915382659,-0.031720631,-1.672842514,-0.286248727,-2.101094243,-0.486507248,-0.063226025,1,Done,tetracene_a=7.3_b=5.9_theta=25.5_R3=-0.2_R4=1.9_cx=-0.2_cy=1.5_cz=13.3.log
-0.3,1.4,13.3,7.3,5.9,25.5,-0.2,1.9,-5.18683388,0.042178712,-0.799277057,-0.027944275,-1.916739335,-0.033807729,-1.755855811,-0.311861175,-2.114036637,-0.450928686,-0.064284634,1,Done,tetracene_a=7.3_b=5.9_theta=25.5_R3=-0.2_R4=1.9_cx=-0.3_cy=1.4_cz=13.3.log
-0.2,1.3,13.3,7.3,5.9,25.5,-0.2,1.9,-5.129798241,0.024717619,-0.483082298,-0.030057729,-1.872838735,-0.034107679,-1.84925942,-0.314875733,-2.156640801,-0.468840959,-0.067126627,1,Done,tetracene_a=7.3_b=5.9_theta=25.5_R3=-0.2_R4=1.9_cx=-0.2_cy=1.3_cz=13.3.log
-0.3,1.3,13.3,7.3,5.9,25.5,-0.2,1.9,-5.127174935,0.116463346,-0.627680055,-0.029001002,-1.85676946,-0.035058984,-1.817129653,-0.327464838,-2.166187738,-0.442750976,-0.06618348,1,Done,tetracene_a=7.3_b=5.9_theta=25.5_R3=-0.2_R4=1.9_cx=-0.3_cy=1.3_cz=13.3.log
-0.3,1.5,13.3,7.3,5.9,25.5,-0.2,1.9,-5.109144691,0.00471511,-0.929494795,-0.026927709,-1.936492095,-0.03261295,-1.574521737,-0.296900081,-2.043331947,-0.45883845,-0.062407125,1,Done,tetracene_a=7.3_b=5.9_theta=25.5_R3=-0.2_R4=1.9_cx=-0.3_cy=1.5_cz=13.3.log
-0.1,1.3,13.3,7.3,5.9,25.5,-0.2,1.9,-5.083785443,-0.084137796,-0.341524827,-0.031101906,-1.881051586,-0.033132528,-1.870163033,-0.30279993,-2.095657496,-0.496736916,-0.068035262,1,Done,tetracene_a=7.3_b=5.9_theta=25.5_R3=-0.2_R4=1.9_cx=-0.1_cy=1.3_cz=13.3.log
,,,,,,,,,,,,,,,,,,,,,
,,,,,,,,,,,,,,,,,,,,,
,,,,,,,,,,,,,,,,,,,,,
,,,,,,,,,,,,,,,,,,,,,
1.8,0.6,13,7.3,5.9,25.5,-0.2,1.9,-4.364470102,-1.698239098,-1.12824541,-0.066341612,-0.983083521,-0.023836595,-0.808427408,-0.191339094,-0.498124968,-1.193365888,-0.12755333,1,Done,tetracene_a=7.3_b=5.9_theta=25.5_R3=-0.2_R4=1.9_cx=1.8_cy=0.6_cz=13.0.log
1.8,0.6,13.1,7.3,5.9,25.5,-0.2,1.9,-4.357289819,-1.705173711,-1.366026519,-0.062867717,-0.956362891,-0.02197038,-0.777009237,-0.183521575,-0.481923915,-1.130493151,-0.116645951,1,Done,tetracene_a=7.3_b=5.9_theta=25.5_R3=-0.2_R4=1.9_cx=1.8_cy=0.6_cz=13.1.log
1.8,0.6,13.2,7.3,5.9,25.5,-0.2,1.9,-4.248762906,-1.666185887,-1.47401848,-0.059565759,-0.918360885,-0.020220882,-0.746177161,-0.175931841,-0.466034734,-1.057726463,-0.10680534,1,Done,tetracene_a=7.3_b=5.9_theta=25.5_R3=-0.2_R4=1.9_cx=1.8_cy=0.6_cz=13.2.log
1.8,0.7,13,7.3,5.9,25.5,-0.2,1.9,-4.379142541,-1.742983071,-0.98331319,-0.063987195,-1.000525789,-0.022784888,-0.860809433,-0.186774586,-0.506054812,-1.226507828,-0.122603531,1,Done,tetracene_a=7.3_b=5.9_theta=25.5_R3=-0.2_R4=1.9_cx=1.8_cy=0.7_cz=13.0.log
1.8,0.7,13.1,7.3,5.9,25.5,-0.2,1.9,-4.392158981,-1.729672329,-1.260968795,-0.060685237,-0.995009976,-0.02100778,-0.827474847,-0.179155987,-0.489695626,-1.163683409,-0.112214476,1,Done,tetracene_a=7.3_b=5.9_theta=25.5_R3=-0.2_R4=1.9_cx=1.8_cy=0.7_cz=13.1.log
1.8,0.7,13.2,7.3,5.9,25.5,-0.2,1.9,-4.297028465,-1.676244873,-1.398950714,-0.057537647,-0.971216052,-0.019347388,-0.794667369,-0.171767057,-0.473614428,-1.089782812,-0.102882147,1,Done,tetracene_a=7.3_b=5.9_theta=25.5_R3=-0.2_R4=1.9_cx=1.8_cy=0.7_cz=13.2.log
1.8,0.8,13,7.3,5.9,25.5,-0.2,1.9,-4.362553687,-1.783687135,-0.804443975,-0.061723139,-0.989191704,-0.021772087,-0.91649216,-0.182207569,-0.513767537,-1.260175622,-0.117747859,1,Done,tetracene_a=7.3_b=5.9_theta=25.5_R3=-0.2_R4=1.9_cx=1.8_cy=0.8_cz=13.0.log
1.8,0.8,13.1,7.3,5.9,25.5,-0.2,1.9,-4.40232025,-1.750288542,-1.127590289,-0.058581824,-1.012696974,-0.02008534,-0.880947484,-0.174786635,-0.497262142,-1.197285315,-0.107890932,1,Done,tetracene_a=7.3_b=5.9_theta=25.5_R3=-0.2_R4=1.9_cx=1.8_cy=0.8_cz=13.1.log
1.8,0.8,13.2,7.3,5.9,25.5,-0.2,1.9,-4.326699648,-1.682631669,-1.300547106,-0.055587346,-1.010955006,-0.018516565,-0.846015257,-0.167594116,-0.481022183,-1.121895009,-0.099061866,1,Done,tetracene_a=7.3_b=5.9_theta=25.5_R3=-0.2_R4=1.9_cx=1.8_cy=0.8_cz=13.2.log
1.8,0.6,12.9,7.3,5.9,25.5,-0.2,1.9,-4.233585321,-1.627314153,-0.720550908,-0.069989955,-0.995144264,-0.025837097,-0.840360137,-0.199398833,-0.514593968,-1.240456748,-0.139537516,1,Done,tetracene_a=7.3_b=5.9_theta=25.5_R3=-0.2_R4=1.9_cx=1.8_cy=0.6_cz=12.9.log
1.8,0.7,12.9,7.3,5.9,25.5,-0.2,1.9,-4.221058967,-1.700268465,-0.524561964,-0.067459835,-0.985146774,-0.024679968,-0.894682423,-0.194627247,-0.522689475,-1.271312042,-0.134030488,1,Done,tetracene_a=7.3_b=5.9_theta=25.5_R3=-0.2_R4=1.9_cx=1.8_cy=0.7_cz=12.9.log
1.8,0.8,12.9,7.3,5.9,25.5,-0.2,1.9,-4.169786379,-1.768876644,-0.287636779,-0.065025096,-0.938642008,-0.023569276,-0.952673132,-0.189849385,-0.530576648,-1.302515604,-0.128633275,1,Done,tetracene_a=7.3_b=5.9_theta=25.5_R3=-0.2_R4=1.9_cx=1.8_cy=0.8_cz=12.9.log
1.9,0.7,13.1,7.3,5.9,25.5,-0.2,1.9,-4.399694749,-1.76923558,-1.408229077,-0.060857175,-0.961185932,-0.019919677,-0.791364156,-0.170978277,-0.455638149,-1.155149901,-0.112532623,1,Done,tetracene_a=7.3_b=5.9_theta=25.5_R3=1.9_R4=-0.2_cx=1.9_cy=0.7_cz=13.1.log
1.9,0.6,13,7.3,5.9,25.5,-0.2,1.9,-4.430232523,-1.805125387,-1.362735857,-0.066455819,-0.949091305,-0.022643071,-0.773444981,-0.182364446,-0.463530342,-1.166506577,-0.128082949,1,Done,tetracene_a=7.3_b=5.9_theta=25.5_R3=-0.2_R4=1.9_cx=1.9_cy=0.6_cz=13.0.log
1.9,0.6,13.1,7.3,5.9,25.5,-0.2,1.9,-4.37250223,-1.761819666,-1.507133438,-0.06302585,-0.921736889,-0.020853412,-0.744029822,-0.175032619,-0.448789504,-1.122334266,-0.117046303,1,Done,tetracene_a=7.3_b=5.9_theta=25.5_R3=-0.2_R4=1.9_cx=1.9_cy=0.6_cz=13.1.log
1.9,0.6,13.2,7.3,5.9,25.5,-0.2,1.9,-4.228821579,-1.687006669,-1.549042948,-0.059762797,-0.883925646,-0.019171686,-0.715141771,-0.167920421,-0.43440572,-1.062432161,-0.107037518,1,Done,tetracene_a=7.3_b=5.9_theta=25.5_R3=-0.2_R4=1.9_cx=1.9_cy=0.6_cz=13.2.log
1.9,0.7,13,7.3,5.9,25.5,-0.2,1.9,-4.434713572,-1.826745616,-1.226133205,-0.064116462,-0.968608121,-0.021623995,-0.82265808,-0.178123734,-0.470544021,-1.198048367,-0.123054711,1,Done,tetracene_a=7.3_b=5.9_theta=25.5_R3=-0.2_R4=1.9_cx=1.9_cy=0.7_cz=13.0.log
1.9,0.7,13.2,7.3,5.9,25.5,-0.2,1.9,-4.271156542,-1.684905766,-1.478483841,-0.057744725,-0.936504709,-0.018325175,-0.760553415,-0.164051194,-0.441097487,-1.094733866,-0.103015179,1,Done,tetracene_a=7.3_b=5.9_theta=25.5_R3=-0.2_R4=1.9_cx=1.9_cy=0.7_cz=13.2.log
1.9,0.8,13,7.3,5.9,25.5,-0.2,1.9,-4.410062469,-1.843973276,-1.058040846,-0.061872486,-0.960577248,-0.020643824,-0.874657324,-0.173869843,-0.477317992,-1.23086463,-0.118127502,1,Done,tetracene_a=7.3_b=5.9_theta=25.5_R3=-0.2_R4=1.9_cx=1.9_cy=0.8_cz=13.0.log
1.9,0.8,13.1,7.3,5.9,25.5,-0.2,1.9,-4.404305692,-1.77270822,-1.283098562,-0.058763801,-0.980833271,-0.019026103,-0.84148589,-0.16692268,-0.462260262,-1.189052384,-0.108112443,1,Done,tetracene_a=7.3_b=5.9_theta=25.5_R3=-0.2_R4=1.9_cx=1.9_cy=0.8_cz=13.1.log
1.9,0.8,13.2,7.3,5.9,25.5,-0.2,1.9,-4.297101884,-1.679405013,-1.386638967,-0.055800699,-0.976945219,-0.017517569,-0.808800149,-0.16017883,-0.447561467,-1.127708261,-0.099099517,1,Done,tetracene_a=7.3_b=5.9_theta=25.5_R3=-0.2_R4=1.9_cx=1.9_cy=0.8_cz=13.2.log
1.9,0.6,12.9,7.3,5.9,25.5,-0.2,1.9,-4.367623967,-1.803515196,-1.07837217,-0.070058981,-0.962674386,-0.024565761,-0.803380973,-0.189917157,-0.478632625,-1.187555145,-0.140235307,2,Done,tetracene_a=7.3_b=5.9_theta=25.5_R3=-0.2_R4=1.9_cx=1.9_cy=0.6_cz=12.9.log
1.9,0.7,12.9,7.3,5.9,25.5,-0.2,1.9,-4.340832428,-1.845299832,-0.893663346,-0.067550196,-0.956036585,-0.023441264,-0.854403811,-0.185479406,-0.485795024,-1.214749546,-0.134610935,2,Done,tetracene_a=7.3_b=5.9_theta=25.5_R3=-0.2_R4=1.9_cx=1.9_cy=0.7_cz=12.9.log
1.9,0.8,12.9,7.3,5.9,25.5,-0.2,1.9,-4.277872467,-1.882273976,-0.671369184,-0.065130518,-0.914447733,-0.022364456,-0.908370926,-0.181038518,-0.492695124,-1.243029539,-0.12913089,2,Done,tetracene_a=7.3_b=5.9_theta=25.5_R3=-0.2_R4=1.9_cx=1.9_cy=0.8_cz=12.9.log
2,0.6,13,7.3,5.9,25.5,-0.2,1.9,-4.416704662,-1.856198425,-1.531202211,-0.066494724,-0.917698234,-0.021513553,-0.739881981,-0.173779482,-0.431494701,-1.116462027,-0.128473887,1,Done,tetracene_a=7.3_b=5.9_theta=25.5_R3=-0.2_R4=1.9_cx=2.0_cy=0.6_cz=13.0.log
2,0.6,13.1,7.3,5.9,25.5,-0.2,1.9,-4.328599748,-1.776912537,-1.59887038,-0.063112446,-0.888938196,-0.0197879,-0.712348097,-0.166921425,-0.418074772,-1.09627503,-0.117343743,1,Done,tetracene_a=7.3_b=5.9_theta=25.5_R3=-0.2_R4=1.9_cx=2.0_cy=0.6_cz=13.1.log
2,0.6,13.2,7.3,5.9,25.5,-0.2,1.9,-4.166887911,-1.678176348,-1.589057378,-0.059883279,-0.850785588,-0.01817771,-0.68526602,-0.160275467,-0.404961068,-1.053772523,-0.107205691,1,Done,tetracene_a=7.3_b=5.9_theta=25.5_R3=-0.2_R4=1.9_cx=2.0_cy=0.6_cz=13.2.log
2,0.7,13,7.3,5.9,25.5,-0.2,1.9,-4.415760887,-1.859984821,-1.40718992,-0.064181723,-0.940779307,-0.020520832,-0.785801908,-0.169850014,-0.437750976,-1.14555088,-0.123379761,1,Done,tetracene_a=7.3_b=5.9_theta=25.5_R3=-0.2_R4=1.9_cx=2.0_cy=0.7_cz=13.0.log
2,0.7,13.1,7.3,5.9,25.5,-0.2,1.9,-4.352363866,-1.771776995,-1.509701209,-0.060958204,-0.930243414,-0.018883031,-0.756465815,-0.16316766,-0.424214958,-1.128211524,-0.112755389,1,Done,tetracene_a=7.3_b=5.9_theta=25.5_R3=-0.2_R4=1.9_cx=2.0_cy=0.7_cz=13.1.log
2,0.7,13.2,7.3,5.9,25.5,-0.2,1.9,-4.20697074,-1.667706972,-1.525921087,-0.057887798,-0.903821478,-0.017354417,-0.72758404,-0.156689247,-0.410970104,-1.086070463,-0.10310303,1,Done,tetracene_a=7.3_b=5.9_theta=25.5_R3=-0.2_R4=1.9_cx=2.0_cy=0.7_cz=13.2.log
2,0.8,13,7.3,5.9,25.5,-0.2,1.9,-4.388954287,-1.859554349,-1.254431396,-0.061952807,-0.937934177,-0.019567017,-0.834582025,-0.165924939,-0.443763777,-1.176863002,-0.118391684,1,Done,tetracene_a=7.3_b=5.9_theta=25.5_R3=-0.2_R4=1.9_cx=2.0_cy=0.8_cz=13.0.log
2,0.8,13.1,7.3,5.9,25.5,-0.2,1.9,-4.356732904,-1.763119867,-1.39681718,-0.058883028,-0.953311937,-0.018015812,-0.803486394,-0.159422053,-0.43012673,-1.162102084,-0.108264928,1,Done,tetracene_a=7.3_b=5.9_theta=25.5_R3=-0.2_R4=1.9_cx=2.0_cy=0.8_cz=13.1.log
2,0.8,13.2,7.3,5.9,25.5,-0.2,1.9,-4.233483665,-1.654201701,-1.44393314,-0.055958832,-0.945941205,-0.016572539,-0.772791115,-0.153115578,-0.416773944,-1.11979285,-0.099102027,1,Done,tetracene_a=7.3_b=5.9_theta=25.5_R3=-0.2_R4=1.9_cx=2.0_cy=0.8_cz=13.2.log
2,0.6,12.9,7.3,5.9,25.5,-0.2,1.9,-4.398498715,-1.9057303,-1.353091028,-0.070050196,-0.933855362,-0.023357177,-0.767858887,-0.180844617,-0.445198892,-1.104624678,-0.140859052,2,Done,tetracene_a=7.3_b=5.9_theta=25.5_R3=-0.2_R4=1.9_cx=2.0_cy=0.6_cz=12.9.log
2,0.7,12.9,7.3,5.9,25.5,-0.2,1.9,-4.362896935,-1.923094756,-1.18443893,-0.067564002,-0.932486135,-0.022266565,-0.815565962,-0.176733172,-0.451561844,-1.126811549,-0.135082195,2,Done,tetracene_a=7.3_b=5.9_theta=25.5_R3=-0.2_R4=1.9_cx=2.0_cy=0.7_cz=12.9.log
2,0.8,12.9,7.3,5.9,25.5,-0.2,1.9,-4.294733033,-1.93555334,-0.981576242,-0.065170679,-0.898054661,-0.021221133,-0.866086792,-0.172619843,-0.457666261,-1.151121287,-0.129494219,2,Done,tetracene_a=7.3_b=5.9_theta=25.5_R3=-0.2_R4=1.9_cx=2.0_cy=0.8_cz=12.9.log
,,,,,,,,,,,,,,,,,,,,,
,,,,,,,,,,,,,,,,,,,,,
,,,,,,,,,,,,,,,,,,,,,
,,,,,,,,,,,,,,,,,,,,,
-0.1,1.9,13.3,7.3,5.9,25.5,0,0,-3.115437803,-0.359120208,-0.771163354,-0.070106672,-0.731017774,-0.073176451,-0.714964814,-0.202772954,-0.722648046,-0.639331033,-0.190911132,1,Done,tetracene_a=7.3_b=5.9_theta=25.5_R3=0.0_R4=0.0_cx=-0.1_cy=1.9_cz=13.3.log
-0.1,1.9,13.4,7.3,5.9,25.5,0,0,-3.183611744,-0.680001211,-0.96386791,-0.066601401,-0.668187708,-0.069584584,-0.655607388,-0.191236183,-0.667743431,-0.592244566,-0.180462463,1,Done,tetracene_a=7.3_b=5.9_theta=25.5_R3=0.0_R4=0.0_cx=-0.1_cy=1.9_cz=13.4.log
-0.1,1.9,13.5,7.3,5.9,25.5,0,0,-3.132054895,-0.851637747,-1.047064441,-0.063246733,-0.608338314,-0.066148339,-0.597562713,-0.180298056,-0.616126968,-0.548071627,-0.1705591,1,Done,tetracene_a=7.3_b=5.9_theta=25.5_R3=0.0_R4=0.0_cx=-0.1_cy=1.9_cz=13.5.log
-0.1,2,13.3,7.3,5.9,25.5,0,0,-3.121902411,-0.334866946,-0.75583454,-0.066656622,-0.765975102,-0.069607174,-0.742723346,-0.193299435,-0.73118532,-0.647180556,-0.182405234,1,Done,tetracene_a=7.3_b=5.9_theta=25.5_R3=0.0_R4=0.0_cx=-0.1_cy=2.0_cz=13.3.log
-0.1,2,13.4,7.3,5.9,25.5,0,0,-3.179007703,-0.644681184,-0.935258474,-0.063364705,-0.702674403,-0.06623619,-0.685537105,-0.182415902,-0.675709043,-0.599442733,-0.172563995,1,Done,tetracene_a=7.3_b=5.9_theta=25.5_R3=0.0_R4=0.0_cx=-0.1_cy=2.0_cz=13.4.log
-0.1,2,13.5,7.3,5.9,25.5,0,0,-3.122811673,-0.812994426,-1.013648279,-0.060217115,-0.64101778,-0.063009534,-0.627732139,-0.172105285,-0.623507114,-0.554667384,-0.163222254,1,Done,tetracene_a=7.3_b=5.9_theta=25.5_R3=0.0_R4=0.0_cx=-0.1_cy=2.0_cz=13.5.log
-0.1,2.1,13.3,7.3,5.9,25.5,0,0,-3.121508962,-0.31315761,-0.736062955,-0.063399845,-0.797398292,-0.066237446,-0.763829017,-0.184186108,-0.738749325,-0.654262006,-0.17426894,1,Done,tetracene_a=7.3_b=5.9_theta=25.5_R3=0.0_R4=0.0_cx=-0.1_cy=2.1_cz=13.3.log
-0.1,2.1,13.4,7.3,5.9,25.5,0,0,-3.171764982,-0.61279238,-0.905248436,-0.060313751,-0.735332533,-0.06307354,-0.711445738,-0.173942007,-0.682799278,-0.605929304,-0.164991204,1,Done,tetracene_a=7.3_b=5.9_theta=25.5_R3=0.0_R4=0.0_cx=-0.1_cy=2.1_cz=13.4.log
-0.1,2.1,13.5,7.3,5.9,25.5,0,0,-3.113410318,-0.777822491,-0.980426644,-0.057356924,-0.673215318,-0.060048942,-0.65576552,-0.16423882,-0.630114794,-0.560602374,-0.156136411,1,Done,tetracene_a=7.3_b=5.9_theta=25.5_R3=0.0_R4=0.0_cx=-0.1_cy=2.1_cz=13.5.log
-0.1,1.8,13.3,7.3,5.9,25.5,0,0,-3.094443201,-0.376229896,-0.773027059,-0.07374623,-0.693931933,-0.076951551,-0.682568983,-0.21258972,-0.713169508,-0.630705908,-0.199750238,1,Done,tetracene_a=7.3_b=5.9_theta=25.5_R3=0.0_R4=0.0_cx=-0.1_cy=1.8_cz=13.3.log
-0.1,1.8,13.4,7.3,5.9,25.5,0,0,-3.17944445,-0.711098097,-0.983869164,-0.070011291,-0.633023303,-0.073127505,-0.623111155,-0.200380886,-0.658935701,-0.584322252,-0.188685354,1,Done,tetracene_a=7.3_b=5.9_theta=25.5_R3=0.0_R4=0.0_cx=-0.1_cy=1.8_cz=13.4.log
-0.1,1.8,13.5,7.3,5.9,25.5,0,0,-3.13751235,-0.888928156,-1.076072973,-0.066443269,-0.575927423,-0.069465357,-0.566483398,-0.188803954,-0.608017657,-0.540839574,-0.178190877,1,Done,tetracene_a=7.3_b=5.9_theta=25.5_R3=0.0_R4=0.0_cx=-0.1_cy=1.8_cz=13.5.log
0,2,13.4,7.3,5.9,25.5,0,0,-3.185349947,-0.796385491,-0.796385491,-0.064838098,-0.695704022,-0.064838098,-0.695704022,-0.17743912,-0.636772048,-0.636772048,-0.17743912,2,Done,tetracene_a=7.3_b=5.9_theta=25.5_R3=0.0_R4=0.0_cx=0.0_cy=2.0_cz=13.4.log
0,1.9,13.3,7.3,5.9,25.5,0,0,-3.123018751,-0.572799913,-0.572793638,-0.071685487,-0.724637253,-0.071685487,-0.724637253,-0.196806589,-0.680143029,-0.680143029,-0.196806589,1,Done,tetracene_a=7.3_b=5.9_theta=25.5_R3=0.0_R4=0.0_cx=0.0_cy=1.9_cz=13.3.log
0,1.9,13.4,7.3,5.9,25.5,0,0,-3.188947462,-0.827737146,-0.827730871,-0.068132526,-0.663199004,-0.068132526,-0.663199004,-0.185809476,-0.629131486,-0.629131486,-0.185809476,1,Done,tetracene_a=7.3_b=5.9_theta=25.5_R3=0.0_R4=0.0_cx=0.0_cy=1.9_cz=13.4.log
0,1.9,13.5,7.3,5.9,25.5,0,0,-3.13570261,-0.953673383,-0.953668363,-0.064732676,-0.603945744,-0.064732676,-0.603945744,-0.175388418,-0.581288241,-0.581288241,-0.175388418,1,Done,tetracene_a=7.3_b=5.9_theta=25.5_R3=0.0_R4=0.0_cx=0.0_cy=1.9_cz=13.5.log
0,2,13.3,7.3,5.9,25.5,0,0,-3.131011346,-0.554049914,-0.554049914,-0.068168921,-0.756364158,-0.068168921,-0.756364158,-0.187808723,-0.688405453,-0.688405453,-0.187808723,1,Done,tetracene_a=7.3_b=5.9_theta=25.5_R3=0.0_R4=0.0_cx=0.0_cy=2.0_cz=13.3.log
0,2,13.5,7.3,5.9,25.5,0,0,-3.127017872,-0.917974339,-0.917968064,-0.061644072,-0.635616174,-0.061644072,-0.635616174,-0.167615451,-0.588277447,-0.588278075,-0.167615451,1,Done,tetracene_a=7.3_b=5.9_theta=25.5_R3=0.0_R4=0.0_cx=0.0_cy=2.0_cz=13.5.log
0,2.1,13.3,7.3,5.9,25.5,0,0,-3.131807028,-0.533955789,-0.533950769,-0.064851903,-0.783082279,-0.064851903,-0.783082279,-0.179166028,-0.695793756,-0.695793756,-0.179166028,1,Done,tetracene_a=7.3_b=5.9_theta=25.5_R3=0.0_R4=0.0_cx=0.0_cy=2.1_cz=13.3.log
0,2.1,13.4,7.3,5.9,25.5,0,0,-3.17896817,-0.765780573,-0.765780573,-0.061728159,-0.725328769,-0.061728159,-0.725328769,-0.169414522,-0.643650812,-0.643650812,-0.169414522,1,Done,tetracene_a=7.3_b=5.9_theta=25.5_R3=0.0_R4=0.0_cx=0.0_cy=2.1_cz=13.4.log
0,2.1,13.5,7.3,5.9,25.5,0,0,-3.11822332,-0.883950747,-0.883952002,-0.058731171,-0.666003973,-0.058731171,-0.666003973,-0.160177575,-0.594590825,-0.594590825,-0.160177575,1,Done,tetracene_a=7.3_b=5.9_theta=25.5_R3=0.0_R4=0.0_cx=0.0_cy=2.1_cz=13.5.log
0,1.8,13.3,7.3,5.9,25.5,0,0,-3.100170484,-0.580838316,-0.580838316,-0.075397837,-0.689582034,-0.075397837,-0.689582034,-0.206132642,-0.671043506,-0.671043506,-0.206132642,1,Done,tetracene_a=7.3_b=5.9_theta=25.5_R3=0.0_R4=0.0_cx=0.0_cy=1.8_cz=13.3.log
0,1.8,13.4,7.3,5.9,25.5,0,0,-3.183581623,-0.852366913,-0.852366913,-0.071610186,-0.629106385,-0.071610186,-0.629106385,-0.19450049,-0.62074858,-0.62074858,-0.19450049,1,Done,tetracene_a=7.3_b=5.9_theta=25.5_R3=0.0_R4=0.0_cx=0.0_cy=1.8_cz=13.4.log
0,1.8,13.5,7.3,5.9,25.5,0,0,-3.140496787,-0.986293862,-0.986293862,-0.067994474,-0.572065727,-0.067994474,-0.572065727,-0.183465099,-0.573606263,-0.573606263,-0.183465099,1,Done,tetracene_a=7.3_b=5.9_theta=25.5_R3=0.0_R4=0.0_cx=0.0_cy=1.8_cz=13.5.log
0.1,1.9,13.3,7.3,5.9,25.5,0,0,-3.115437803,-0.771163354,-0.359120208,-0.073176451,-0.714964814,-0.070106672,-0.731017774,-0.190911132,-0.639331033,-0.722648046,-0.202772954,1,Done,tetracene_a=7.3_b=5.9_theta=25.5_R3=0.0_R4=0.0_cx=0.1_cy=1.9_cz=13.3.log
0.1,1.9,13.4,7.3,5.9,25.5,0,0,-3.183611744,-0.963874185,-0.679994936,-0.069584584,-0.655607388,-0.066601401,-0.668187708,-0.180462463,-0.592244566,-0.667743431,-0.191236183,1,Done,tetracene_a=7.3_b=5.9_theta=25.5_R3=0.0_R4=0.0_cx=0.1_cy=1.9_cz=13.4.log
0.1,1.9,13.5,7.3,5.9,25.5,0,0,-3.132057405,-1.047069461,-0.851637747,-0.066148339,-0.597562713,-0.063246733,-0.608338314,-0.1705591,-0.548071627,-0.616126968,-0.180298056,1,Done,tetracene_a=7.3_b=5.9_theta=25.5_R3=0.0_R4=0.0_cx=0.1_cy=1.9_cz=13.5.log
0.1,2,13.3,7.3,5.9,25.5,0,0,-3.121902411,-0.75583454,-0.334866946,-0.069607174,-0.742723346,-0.066656622,-0.765975102,-0.182405234,-0.647180556,-0.73118532,-0.193299435,1,Done,tetracene_a=7.3_b=5.9_theta=25.5_R3=0.0_R4=0.0_cx=0.1_cy=2.0_cz=13.3.log
0.1,2,13.4,7.3,5.9,25.5,0,0,-3.179011468,-0.935264749,-0.644682439,-0.06623619,-0.685537105,-0.063364705,-0.702674403,-0.172563995,-0.599442733,-0.675709043,-0.182415902,1,Done,tetracene_a=7.3_b=5.9_theta=25.5_R3=0.0_R4=0.0_cx=0.1_cy=2.0_cz=13.4.log
0.1,2,13.5,7.3,5.9,25.5,0,0,-3.122811673,-1.013648279,-0.812994426,-0.063009534,-0.627732139,-0.060217115,-0.64101778,-0.163222254,-0.554667384,-0.623507114,-0.172105285,1,Done,tetracene_a=7.3_b=5.9_theta=25.5_R3=0.0_R4=0.0_cx=0.1_cy=2.0_cz=13.5.log
0.1,2.1,13.3,7.3,5.9,25.5,0,0,-3.121508962,-0.736062955,-0.31315761,-0.066237446,-0.763829017,-0.063399845,-0.797398292,-0.17426894,-0.654262006,-0.738749325,-0.184186108,1,Done,tetracene_a=7.3_b=5.9_theta=25.5_R3=0.0_R4=0.0_cx=0.1_cy=2.1_cz=13.3.log
0.1,2.1,13.4,7.3,5.9,25.5,0,0,-3.17176561,-0.905248436,-0.612793635,-0.06307354,-0.711445738,-0.060313751,-0.735332533,-0.164991204,-0.605929304,-0.682799278,-0.173942007,1,Done,tetracene_a=7.3_b=5.9_theta=25.5_R3=0.0_R4=0.0_cx=0.1_cy=2.1_cz=13.4.log
0.1,2.1,13.5,7.3,5.9,25.5,0,0,-3.113412828,-0.980431664,-0.777822491,-0.060048942,-0.65576552,-0.057356924,-0.673215318,-0.156136411,-0.560602374,-0.630114794,-0.16423882,1,Done,tetracene_a=7.3_b=5.9_theta=25.5_R3=0.0_R4=0.0_cx=0.1_cy=2.1_cz=13.5.log
0.1,1.8,13.3,7.3,5.9,25.5,0,0,-3.094443201,-0.773027059,-0.376229896,-0.076951551,-0.682568983,-0.07374623,-0.693931933,-0.199750238,-0.630705908,-0.713169508,-0.21258972,1,Done,tetracene_a=7.3_b=5.9_theta=25.5_R3=0.0_R4=0.0_cx=0.1_cy=1.8_cz=13.3.log
0.1,1.8,13.4,7.3,5.9,25.5,0,0,-3.179443823,-0.983867909,-0.711098097,-0.073127505,-0.623111155,-0.070011291,-0.633023303,-0.188685354,-0.584322252,-0.658935701,-0.200380886,1,Done,tetracene_a=7.3_b=5.9_theta=25.5_R3=0.0_R4=0.0_cx=0.1_cy=1.8_cz=13.4.log
0.1,1.8,13.5,7.3,5.9,25.5,0,0,-3.13751235,-1.076072973,-0.888928156,-0.069465357,-0.566483398,-0.066443269,-0.575927423,-0.178190877,-0.540839574,-0.608017657,-0.188803954,1,Done,tetracene_a=7.3_b=5.9_theta=25.5_R3=0.0_R4=0.0_cx=0.1_cy=1.8_cz=13.5.log
,,,,,,,,,,,,,,,,,,,,,
,,,,,,,,,,,,,,,,,,,,,
,,,,,,,,,,,,,,,,,,,,,
,,,,,,,,,,,,,,,,,,,,,
1.8,-0.1,12.8,7.3,5.9,25.5,0,0,-4.193757576,-0.828456272,-0.980596699,-0.276521067,-0.163888042,-0.192867709,-0.248396068,-0.22310616,-0.214128375,-1.199044226,-1.212115886,1,Done,tetracene_a=7.3_b=5.9_theta=25.5_R3=0.0_R4=0.0_cx=1.8_cy=-0.1_cz=12.8.log
1.8,-0.1,12.9,7.3,5.9,25.5,0,0,-4.442069244,-1.218879189,-1.309096302,-0.262569009,-0.151706817,-0.177715852,-0.236295166,-0.213771322,-0.205197025,-1.154142747,-1.190826982,1,Done,tetracene_a=7.3_b=5.9_theta=25.5_R3=0.0_R4=0.0_cx=1.8_cy=-0.1_cz=12.9.log
1.8,-0.1,13,7.3,5.9,25.5,0,0,-4.515309073,-1.451163311,-1.500304874,-0.249147825,-0.140495724,-0.163677198,-0.22467368,-0.204698155,-0.1965468,-1.098354598,-1.150978214,1,Done,tetracene_a=7.3_b=5.9_theta=25.5_R3=0.0_R4=0.0_cx=1.8_cy=-0.1_cz=13.0.log
1.8,0,12.8,7.3,5.9,25.5,0,0,-4.198724631,-0.905598587,-0.905598587,-0.261982915,-0.177532619,-0.177532619,-0.261982915,-0.218640172,-0.218640172,-1.208165083,-1.208165083,1,Done,tetracene_a=7.3_b=5.9_theta=25.5_R3=0.0_R4=0.0_cx=1.8_cy=0.0_cz=12.8.log
1.8,0,12.9,7.3,5.9,25.5,0,0,-4.444530338,-1.263985863,-1.263985863,-0.248973378,-0.163894317,-0.163894317,-0.248973378,-0.209506136,-0.209506136,-1.174332254,-1.174332254,1,Done,tetracene_a=7.3_b=5.9_theta=25.5_R3=0.0_R4=0.0_cx=1.8_cy=0.0_cz=12.9.log
1.8,0,13,7.3,5.9,25.5,0,0,-4.516167193,-1.475059519,-1.475058891,-0.236512284,-0.151345372,-0.151345372,-0.236512284,-0.200637537,-0.200637537,-1.125987629,-1.125987629,1,Done,tetracene_a=7.3_b=5.9_theta=25.5_R3=0.0_R4=0.0_cx=1.8_cy=0.0_cz=13.0.log
1.8,0.1,12.8,7.3,5.9,25.5,0,0,-4.193757262,-0.980597327,-0.828456272,-0.248396068,-0.192867709,-0.163888042,-0.276521067,-0.214128375,-0.22310616,-1.212115886,-1.199043598,1,Done,tetracene_a=7.3_b=5.9_theta=25.5_R3=0.0_R4=0.0_cx=1.8_cy=0.1_cz=12.8.log
1.8,0.1,12.9,7.3,5.9,25.5,0,0,-4.442067989,-1.309096302,-1.218879189,-0.236295166,-0.177715852,-0.151706817,-0.262569009,-0.205196397,-0.213771322,-1.190826982,-1.15414212,1,Done,tetracene_a=7.3_b=5.9_theta=25.5_R3=0.0_R4=0.0_cx=1.8_cy=0.1_cz=12.9.log
1.8,0.1,13,7.3,5.9,25.5,0,0,-4.515308446,-1.500304874,-1.451163311,-0.22467368,-0.163677198,-0.140495724,-0.249147825,-0.1965468,-0.204698155,-1.150978214,-1.098353971,1,Done,tetracene_a=7.3_b=5.9_theta=25.5_R3=0.0_R4=0.0_cx=1.8_cy=0.1_cz=13.0.log
1.8,-0.1,13.1,7.3,5.9,25.5,0,0,-4.459895548,-1.565780522,-1.590179366,-0.236327796,-0.130079058,-0.150770573,-0.213519063,-0.195899837,-0.188177071,-1.03490267,-1.097587781,1,Done,tetracene_a=7.3_b=5.9_theta=25.5_R3=0.0_R4=0.0_cx=1.8_cy=-0.1_cz=13.1.log
1.8,0,13.1,7.3,5.9,25.5,0,0,-4.459997832,-1.577081977,-1.577075702,-0.224580809,-0.139854409,-0.139854409,-0.224580809,-0.192053201,-0.192053201,-1.067188687,-1.067188687,1,Done,tetracene_a=7.3_b=5.9_theta=25.5_R3=0.0_R4=0.0_cx=1.8_cy=0.0_cz=13.1.log
1.8,0.1,13.1,7.3,5.9,25.5,0,0,-4.459895548,-1.590179366,-1.565780522,-0.213519063,-0.150770573,-0.130079058,-0.236327796,-0.188177071,-0.195899837,-1.097587781,-1.03490267,1,Done,tetracene_a=7.3_b=5.9_theta=25.5_R3=0.0_R4=0.0_cx=1.8_cy=0.1_cz=13.1.log
1.9,0,12.9,7.3,5.9,25.5,0,0,-4.609286227,-1.568783785,-1.568783785,-0.244327294,-0.156868715,-0.156868715,-0.244327294,-0.198952673,-0.198952673,-1.12070023,-1.120700857,1,Done,tetracene_a=7.3_b=5.9_theta=25.5_R3=0.0_R4=0.0_cx=1.9_cy=0.0_cz=12.9.log
1.9,-0.1,12.8,7.3,5.9,25.5,0,0,-4.436752351,-1.287763472,-1.408042079,-0.270705304,-0.15689256,-0.184551946,-0.243765045,-0.211539896,-0.203296925,-1.135629947,-1.110425381,1,Done,tetracene_a=7.3_b=5.9_theta=25.5_R3=0.0_R4=0.0_cx=1.9_cy=-0.1_cz=12.8.log
1.9,-0.1,12.9,7.3,5.9,25.5,0,0,-4.604790117,-1.533555374,-1.601479566,-0.257314241,-0.145237189,-0.1700778,-0.232113439,-0.202857668,-0.19501442,-1.11412267,-1.122906555,1,Done,tetracene_a=7.3_b=5.9_theta=25.5_R3=0.0_R4=0.0_cx=1.9_cy=-0.1_cz=12.9.log
1.9,-0.1,13,7.3,5.9,25.5,0,0,-4.620263886,-1.657711992,-1.692380665,-0.244484171,-0.134513044,-0.156664147,-0.22089858,-0.194435229,-0.18699798,-1.076548626,-1.108955752,1,Done,tetracene_a=7.3_b=5.9_theta=25.5_R3=0.0_R4=0.0_cx=1.9_cy=-0.1_cz=13.0.log
1.9,0,12.8,7.3,5.9,25.5,0,0,-4.444519043,-1.350552122,-1.350552122,-0.256790897,-0.169880762,-0.169880762,-0.256790897,-0.207435981,-0.207435981,-1.12621165,-1.12621165,1,Done,tetracene_a=7.3_b=5.9_theta=25.5_R3=0.0_R4=0.0_cx=1.9_cy=0.0_cz=12.8.log
1.9,0,13,7.3,5.9,25.5,0,0,-4.62272749,-1.675494371,-1.675494371,-0.232354403,-0.144908374,-0.144908374,-0.232354403,-0.190724762,-0.190724762,-1.094260723,-1.094260096,1,Done,tetracene_a=7.3_b=5.9_theta=25.5_R3=0.0_R4=0.0_cx=1.9_cy=0.0_cz=13.0.log
1.9,0.1,12.8,7.3,5.9,25.5,0,0,-4.436751724,-1.408042079,-1.287762217,-0.243765045,-0.184551946,-0.15689256,-0.270705304,-0.203296925,-0.211539896,-1.110425381,-1.135629947,1,Done,tetracene_a=7.3_b=5.9_theta=25.5_R3=0.0_R4=0.0_cx=1.9_cy=0.1_cz=12.8.log
1.9,0.1,12.9,7.3,5.9,25.5,0,0,-4.604793254,-1.601485841,-1.533555374,-0.232113439,-0.1700778,-0.145237189,-0.257314241,-0.19501442,-0.202857668,-1.122906555,-1.11412267,1,Done,tetracene_a=7.3_b=5.9_theta=25.5_R3=0.0_R4=0.0_cx=1.9_cy=0.1_cz=12.9.log
1.9,0.1,13,7.3,5.9,25.5,0,0,-4.620267024,-1.69238694,-1.657711992,-0.22089858,-0.156664147,-0.134513044,-0.244484171,-0.18699798,-0.194435229,-1.108955752,-1.076548626,1,Done,tetracene_a=7.3_b=5.9_theta=25.5_R3=0.0_R4=0.0_cx=1.9_cy=0.1_cz=13.0.log
1.9,-0.1,13.1,7.3,5.9,25.5,0,0,-4.524634813,-1.693217763,-1.708947556,-0.23219125,-0.124524339,-0.14434487,-0.210126744,-0.186281991,-0.179224386,-1.027040597,-1.075411578,1,Done,tetracene_a=7.3_b=5.9_theta=25.5_R3=0.0_R4=0.0_cx=1.9_cy=-0.1_cz=13.1.log
1.9,0,13.1,7.3,5.9,25.5,0,0,-4.526144288,-1.701203455,-1.701203455,-0.220850889,-0.13394201,-0.13394201,-0.220850889,-0.18276668,-0.182767307,-1.052307287,-1.05230666,1,Done,tetracene_a=7.3_b=5.9_theta=25.5_R3=0.0_R4=0.0_cx=1.9_cy=0.0_cz=13.1.log
1.9,0.1,13.1,7.3,5.9,25.5,0,0,-4.524635127,-1.708948184,-1.693217763,-0.210126744,-0.14434487,-0.124524339,-0.23219125,-0.179224386,-0.186281991,-1.075411578,-1.027040597,1,Done,tetracene_a=7.3_b=5.9_theta=25.5_R3=0.0_R4=0.0_cx=1.9_cy=0.1_cz=13.1.log
2,-0.1,12.8,7.3,5.9,25.5,0,0,-4.479041192,-1.621011442,-1.709997381,-0.2648042,-0.150131768,-0.176511033,-0.238967731,-0.20062436,-0.193128753,-1.039248177,-0.965328126,1,Done,tetracene_a=7.3_b=5.9_theta=25.5_R3=0.0_R4=0.0_cx=2.0_cy=-0.1_cz=12.8.log
2,-0.1,12.9,7.3,5.9,25.5,0,0,-4.612297646,-1.750981314,-1.79812614,-0.252019311,-0.13900225,-0.162702048,-0.227750989,-0.192592859,-0.185433597,-1.047678146,-1.021302018,1,Done,tetracene_a=7.3_b=5.9_theta=25.5_R3=0.0_R4=0.0_cx=2.0_cy=-0.1_cz=12.9.log
2,-0.1,13,7.3,5.9,25.5,0,0,-4.604597471,-1.789615849,-1.811518458,-0.239730155,-0.128734931,-0.149907119,-0.216949032,-0.184788517,-0.177959953,-1.033236631,-1.040384597,1,Done,tetracene_a=7.3_b=5.9_theta=25.5_R3=0.0_R4=0.0_cx=2.0_cy=-0.1_cz=13.0.log
2,0,12.8,7.3,5.9,25.5,0,0,-4.489298157,-1.668921831,-1.668921831,-0.251521068,-0.16251505,-0.16251505,-0.251521068,-0.196895068,-0.196895068,-1.006275036,-1.006275036,1,Done,tetracene_a=7.3_b=5.9_theta=25.5_R3=0.0_R4=0.0_cx=2.0_cy=0.0_cz=12.8.log
2,0,12.9,7.3,5.9,25.5,0,0,-4.618696994,-1.776597527,-1.776589997,-0.239558218,-0.150111687,-0.150111687,-0.239558218,-0.18903174,-0.18903174,-1.037184924,-1.037184924,1,Done,tetracene_a=7.3_b=5.9_theta=25.5_R3=0.0_R4=0.0_cx=2.0_cy=0.0_cz=12.9.log
2,0,13,7.3,5.9,25.5,0,0,-4.608464816,-1.801790798,-1.801790798,-0.228030859,-0.138728656,-0.138728656,-0.228030859,-0.181398081,-0.181398081,-1.03855917,-1.03855917,1,Done,tetracene_a=7.3_b=5.9_theta=25.5_R3=0.0_R4=0.0_cx=2.0_cy=0.0_cz=13.0.log
2,0.1,12.8,7.3,5.9,25.5,0,0,-4.479041819,-1.709997381,-1.621011442,-0.238967731,-0.176511033,-0.150131768,-0.2648042,-0.193128753,-0.20062436,-0.965328126,-1.039248804,1,Done,tetracene_a=7.3_b=5.9_theta=25.5_R3=0.0_R4=0.0_cx=2.0_cy=0.1_cz=12.8.log
2,0.1,12.9,7.3,5.9,25.5,0,0,-4.612297646,-1.79812614,-1.750981314,-0.227750989,-0.162702048,-0.13900225,-0.252019311,-0.185433597,-0.192592859,-1.021302018,-1.047678146,1,Done,tetracene_a=7.3_b=5.9_theta=25.5_R3=0.0_R4=0.0_cx=2.0_cy=0.1_cz=12.9.log
2,0.1,13,7.3,5.9,25.5,0,0,-4.604596844,-1.811518458,-1.789615849,-0.216949032,-0.149907119,-0.128734931,-0.239730155,-0.177959953,-0.184788517,-1.04038397,-1.033236631,1,Done,tetracene_a=7.3_b=5.9_theta=25.5_R3=0.0_R4=0.0_cx=2.0_cy=0.1_cz=13.0.log
2,-0.1,13.1,7.3,5.9,25.5,0,0,-4.495769039,-1.764089998,-1.772412035,-0.227912887,-0.119169169,-0.138185232,-0.206552447,-0.177223257,-0.170700918,-1.001792105,-1.031891877,1,Done,tetracene_a=7.3_b=5.9_theta=25.5_R3=0.0_R4=0.0_cx=2.0_cy=-0.1_cz=13.1.log
2,0,13.1,7.3,5.9,25.5,0,0,-4.49830418,-1.769102547,-1.769102547,-0.216940247,-0.128260534,-0.128260534,-0.216940247,-0.173983423,-0.173983423,-1.018017003,-1.018017003,1,Done,tetracene_a=7.3_b=5.9_theta=25.5_R3=0.0_R4=0.0_cx=2.0_cy=0.0_cz=13.1.log
2,0.1,13.1,7.3,5.9,25.5,0,0,-4.495772177,-1.77241329,-1.764088742,-0.206552447,-0.138191507,-0.119169169,-0.227912887,-0.170700918,-0.177223257,-1.031891877,-1.001792105,1,Done,tetracene_a=7.3_b=5.9_theta=25.5_R3=0.0_R4=0.0_cx=2.0_cy=0.1_cz=13.1.log
,,,,,,,,,,,,,,,,,,,,,
,,,,,,,,,,,,,,,,,,,,,
,,,,,,,,,,,,,,,,,,,,,
,,,,,,,,,,,,,,,,,,,,,
1,0,13.7,7.3,5.9,25.5,2.3,0,-5.660116355,-0.965193211,-0.965193211,-0.170109176,-0.119058727,-0.119058727,-0.170109176,-0.055414153,-0.055414153,-2.147463467,-2.147463467,2,Done,tetracene_a=7.3_b=5.9_theta=25.5_R3=2.3_R4=0.0_cx=1.0_cy=0.0_cz=13.7.log
1,-0.1,13.7,7.3,5.9,25.5,2.3,0,-5.647355939,-0.964448984,-0.973342056,-0.179131515,-0.111940254,-0.126710584,-0.1615901,-0.05633471,-0.054479163,-2.133597379,-2.14436294,2,Done,tetracene_a=7.3_b=5.9_theta=25.5_R3=2.3_R4=0.0_cx=1.0_cy=-0.1_cz=13.7.log
1,0.1,13.7,7.3,5.9,25.5,2.3,0,-5.647355939,-0.973342056,-0.964448984,-0.1615901,-0.126710584,-0.111940254,-0.179131515,-0.054479163,-0.05633471,-2.14436294,-2.133597379,2,Done,tetracene_a=7.3_b=5.9_theta=25.5_R3=2.3_R4=0.0_cx=1.0_cy=0.1_cz=13.7.log
1,0,13.6,7.3,5.9,25.5,2.3,0,-5.635320924,-0.862747184,-0.862747184,-0.181160882,-0.129067512,-0.129067512,-0.181160882,-0.058709836,-0.058709836,-2.172462838,-2.172462838,2,Done,tetracene_a=7.3_b=5.9_theta=25.5_R3=2.3_R4=0.0_cx=1.0_cy=0.0_cz=13.6.log
1,-0.1,13.6,7.3,5.9,25.5,2.3,0,-5.620776498,-0.863345828,-0.873451249,-0.191010279,-0.12112951,-0.137506266,-0.171907619,-0.059701929,-0.057701427,-2.172722,-2.151475766,2,Done,tetracene_a=7.3_b=5.9_theta=25.5_R3=2.3_R4=0.0_cx=1.0_cy=-0.1_cz=13.6.log
1,0.1,13.6,7.3,5.9,25.5,2.3,0,-5.620776498,-0.873457524,-0.863339553,-0.171907619,-0.137506266,-0.12112951,-0.191010279,-0.057701427,-0.059701929,-2.151475766,-2.172722,2,Done,tetracene_a=7.3_b=5.9_theta=25.5_R3=2.3_R4=0.0_cx=1.0_cy=0.1_cz=13.6.log
1.1,0,13.7,7.3,5.9,25.5,2.3,0,-5.604250394,-1.044523026,-1.044523026,-0.169961083,-0.114756519,-0.114756519,-0.169961083,-0.054398214,-0.054398214,-2.083106669,-2.083106669,2,Done,tetracene_a=7.3_b=5.9_theta=25.5_R3=0.0_R4=2.3_cx=1.1_cy=0.0_cz=13.7.log
1,0,13.8,7.3,5.9,25.5,2.3,0,-5.591729687,-1.001074233,-1.001074233,-0.159647329,-0.109772834,-0.109772834,-0.159647329,-0.052316136,-0.052316136,-2.108301823,-2.108301195,2,Done,tetracene_a=7.3_b=5.9_theta=25.5_R3=2.3_R4=0.0_cx=1.0_cy=0.0_cz=13.8.log
1.1,0.1,13.7,7.3,5.9,25.5,2.3,0,-5.583309758,-1.051567453,-1.043138738,-0.161598885,-0.122163647,-0.107866459,-0.178856665,-0.053493345,-0.055283004,-2.03566754,-2.106269945,2,Done,tetracene_a=7.3_b=5.9_theta=25.5_R3=2.3_R4=0.0_cx=1.1_cy=0.1_cz=13.7.log
1.1,-0.1,13.7,7.3,5.9,25.5,2.3,0,-5.583307248,-1.043138738,-1.051567453,-0.178856665,-0.107866459,-0.122157372,-0.161598885,-0.055283004,-0.053493345,-2.106270573,-2.03566754,2,Done,tetracene_a=7.3_b=5.9_theta=25.5_R3=2.3_R4=0.0_cx=1.1_cy=-0.1_cz=13.7.log
1,0.1,13.8,7.3,5.9,25.5,2.3,0,-5.580579462,-1.007251442,-0.999208018,-0.151868715,-0.116656619,-0.103463849,-0.167935481,-0.05144327,-0.05317206,-2.119865577,-2.082906493,2,Done,tetracene_a=7.3_b=5.9_theta=25.5_R3=2.3_R4=0.0_cx=1.0_cy=0.1_cz=13.8.log
1,-0.1,13.8,7.3,5.9,25.5,2.3,0,-5.580578835,-0.999208018,-1.007251442,-0.167935481,-0.103463849,-0.116656619,-0.151868715,-0.05317206,-0.05144327,-2.082905866,-2.119865577,2,Done,tetracene_a=7.3_b=5.9_theta=25.5_R3=2.3_R4=0.0_cx=1.0_cy=-0.1_cz=13.8.log
0.9,0,13.7,7.3,5.9,25.5,2.3,0,-5.579919322,-0.876075496,-0.876075496,-0.169987439,-0.123337091,-0.123337091,-0.169987439,-0.056430719,-0.056430719,-2.148828929,-2.148828929,2,Done,tetracene_a=7.3_b=5.9_theta=25.5_R3=2.3_R4=0.0_cx=0.9_cy=0.0_cz=13.7.log
0.9,0.1,13.7,7.3,5.9,25.5,2.3,0,-5.573825886,-0.88526789,-0.876089301,-0.161365452,-0.131224891,-0.115993969,-0.179121475,-0.055456196,-0.057383279,-2.175611683,-2.110843238,2,Done,tetracene_a=7.3_b=5.9_theta=25.5_R3=2.3_R4=0.0_cx=0.9_cy=0.1_cz=13.7.log
0.9,-0.1,13.7,7.3,5.9,25.5,2.3,0,-5.573825572,-0.876089301,-0.885267263,-0.179121475,-0.115993969,-0.131224891,-0.161365452,-0.057383279,-0.055456196,-2.110843238,-2.175611683,2,Done,tetracene_a=7.3_b=5.9_theta=25.5_R3=2.3_R4=0.0_cx=0.9_cy=-0.1_cz=13.7.log
0.3,1.4,13.5,7.3,5.9,25.5,2.1,1.9,-5.568005416,-1.155381452,-0.777700753,-0.030071534,-1.695173084,-0.024631022,-1.777455961,-0.057079565,-0.389993072,-2.116175191,-0.274550685,2,Done,tetracene_a=7.3_b=5.9_theta=25.5_R3=2.1_R4=1.9_cx=0.3_cy=1.4_cz=13.5.log
0.2,1.4,13.5,7.3,5.9,25.5,2.1,1.9,-5.563353058,-1.09440254,-0.835976352,-0.029211845,-1.730589749,-0.025573542,-1.78618337,-0.057764805,-0.411404969,-2.078192011,-0.265022573,2,Done,tetracene_a=7.3_b=5.9_theta=25.5_R3=2.1_R4=1.9_cx=0.2_cy=1.4_cz=13.5.log
1.1,0,13.8,7.3,5.9,25.5,2.3,0,-5.562574945,-1.049461529,-1.049461529,-0.15968749,-0.10575677,-0.10575677,-0.15968749,-0.051392442,-0.051392442,-2.072442136,-2.072442136,2,Done,tetracene_a=7.3_b=5.9_theta=25.5_R3=2.3_R4=0.0_cx=1.1_cy=0.0_cz=13.8.log
0.2,1.5,13.5,7.3,5.9,25.5,2.1,1.9,-5.559839629,-1.144201734,-0.853034584,-0.02821787,-1.665687644,-0.024695029,-1.814977293,-0.056099394,-0.418389782,-2.067101399,-0.252841977,2,Done,tetracene_a=7.3_b=5.9_theta=25.5_R3=2.1_R4=1.9_cx=0.2_cy=1.5_cz=13.5.log
0.9,0,13.6,7.3,5.9,25.5,2.3,0,-5.558541938,-0.730112905,-0.73010663,-0.181217358,-0.133635785,-0.133635785,-0.181217358,-0.059843119,-0.059843119,-2.196946395,-2.196946395,2,Done,tetracene_a=7.3_b=5.9_theta=25.5_R3=2.3_R4=0.0_cx=0.9_cy=0.0_cz=13.6.log
0.9,-0.1,13.6,7.3,5.9,25.5,2.3,0,-5.552049092,-0.731799652,-0.742267774,-0.191208572,-0.125449289,-0.142334328,-0.171841103,-0.060879138,-0.058792039,-2.167589595,-2.212337961,2,Done,tetracene_a=7.3_b=5.9_theta=25.5_R3=2.3_R4=0.0_cx=0.9_cy=-0.1_cz=13.6.log
0.9,0.1,13.6,7.3,5.9,25.5,2.3,0,-5.552049092,-0.742267774,-0.731799652,-0.171841103,-0.142334328,-0.125449289,-0.191208572,-0.058792039,-0.060879138,-2.212337961,-2.167589595,2,Done,tetracene_a=7.3_b=5.9_theta=25.5_R3=2.3_R4=0.0_cx=0.9_cy=0.1_cz=13.6.log
1.1,0,13.6,7.3,5.9,25.5,2.3,0,-5.550394349,-0.983081011,-0.983081011,-0.180828302,-0.124455313,-0.124455313,-0.180828302,-0.05757467,-0.05757467,-2.073439877,-2.073440505,2,Done,tetracene_a=7.3_b=5.9_theta=25.5_R3=2.3_R4=0.0_cx=1.1_cy=0.0_cz=13.6.log
1.1,-0.1,13.8,7.3,5.9,25.5,2.3,0,-5.54453215,-1.047107112,-1.054812934,-0.16785516,-0.099656118,-0.112409631,-0.152043163,-0.0522195,-0.050552206,-2.077757774,-2.047060612,2,Done,tetracene_a=7.3_b=5.9_theta=25.5_R3=2.3_R4=0.0_cx=1.1_cy=-0.1_cz=13.8.log
1.1,0.1,13.8,7.3,5.9,25.5,2.3,0,-5.54453215,-1.054812934,-1.047107112,-0.152043163,-0.112409631,-0.099656118,-0.16785516,-0.050552206,-0.0522195,-2.047060612,-2.077757774,2,Done,tetracene_a=7.3_b=5.9_theta=25.5_R3=2.3_R4=0.0_cx=1.1_cy=0.1_cz=13.8.log
0.1,1.5,13.5,7.3,5.9,25.5,2.1,1.9,-5.533553236,-1.07554712,-0.92776977,-0.027358181,-1.718806366,-0.025599898,-1.794502897,-0.056701176,-0.441788375,-2.006018948,-0.24425262,2,Done,tetracene_a=7.3_b=5.9_theta=25.5_R3=2.1_R4=1.9_cx=0.1_cy=1.5_cz=13.5.log
0.3,1.5,13.5,7.3,5.9,25.5,2.1,1.9,-5.52806817,-1.206705495,-0.7806375,-0.029047438,-1.604425098,-0.023783884,-1.823277996,-0.055461216,-0.396368574,-2.0806393,-0.261660375,2,Done,tetracene_a=7.3_b=5.9_theta=25.5_R3=2.1_R4=1.9_cx=0.3_cy=1.5_cz=13.5.log
1.1,-0.1,13.6,7.3,5.9,25.5,2.3,0,-5.526104692,-0.982778551,-0.992317959,-0.190514546,-0.116768316,-0.132626749,-0.171715601,-0.058525348,-0.056606422,-2.117853153,-1.999758908,2,Done,tetracene_a=7.3_b=5.9_theta=25.5_R3=2.3_R4=0.0_cx=1.1_cy=-0.1_cz=13.6.log
1.1,0.1,13.6,7.3,5.9,25.5,2.3,0,-5.526104064,-0.992317959,-0.982778551,-0.171715601,-0.132626749,-0.116768316,-0.190514546,-0.056606422,-0.058525348,-1.999758908,-2.117852525,2,Done,tetracene_a=7.3_b=5.9_theta=25.5_R3=2.3_R4=0.0_cx=1.1_cy=0.1_cz=13.6.log
0.1,1.4,13.5,7.3,5.9,25.5,2.1,1.9,-5.513701956,-1.030011229,-0.898759983,-0.028325801,-1.75798056,-0.026503512,-1.785993862,-0.058409258,-0.434149068,-2.001666539,-0.255689617,2,Done,tetracene_a=7.3_b=5.9_theta=25.5_R3=2.1_R4=1.9_cx=0.1_cy=1.4_cz=13.5.log
0.3,1.3,13.5,7.3,5.9,25.5,2.1,1.9,-5.512979692,-1.078025784,-0.750884741,-0.031132026,-1.701898737,-0.025515812,-1.704901999,-0.058717366,-0.383359037,-2.136881138,-0.287842602,2,Done,tetracene_a=7.3_b=5.9_theta=25.5_R3=2.1_R4=1.9_cx=0.3_cy=1.3_cz=13.5.log
0.3,1.4,13.6,7.3,5.9,25.5,2.1,1.9,-5.512113729,-1.18316634,-0.935463043,-0.028349647,-1.634848038,-0.023118723,-1.700193164,-0.053786392,-0.3625119,-2.085883401,-0.257362559,2,Done,tetracene_a=7.3_b=5.9_theta=25.5_R3=2.1_R4=1.9_cx=0.3_cy=1.4_cz=13.6.log
0.4,1.4,13.5,7.3,5.9,25.5,2.1,1.9,-5.5061596,-1.211326479,-0.725633739,-0.030907378,-1.65269254,-0.023683482,-1.760407769,-0.056357928,-0.369725127,-2.093515805,-0.284235047,2,Done,tetracene_a=7.3_b=5.9_theta=25.5_R3=2.1_R4=1.9_cx=0.4_cy=1.4_cz=13.5.log
0.9,0,13.8,7.3,5.9,25.5,2.3,0,-5.505622765,-0.944146526,-0.944146526,-0.15938001,-0.113775093,-0.113775093,-0.15938001,-0.053221633,-0.053221006,-2.090939249,-2.090939249,2,Done,tetracene_a=7.3_b=5.9_theta=25.5_R3=2.3_R4=0.0_cx=0.9_cy=0.0_cz=13.8.log
0.2,1.4,13.4,7.3,5.9,25.5,2.1,1.9,-5.501333734,-0.944246928,-0.555883499,-0.030997739,-1.783151241,-0.027216364,-1.857034269,-0.061351025,-0.443421156,-2.115068263,-0.28222827,1,Done,tetracene_a=7.3_b=5.9_theta=25.5_R3=1.9_R4=2.1_cx=0.2_cy=1.4_cz=13.4.log
0.9,-0.1,13.8,7.3,5.9,25.5,2.3,0,-5.499915562,-0.942858875,-0.951086787,-0.167753503,-0.107265305,-0.120878506,-0.151475894,-0.054108932,-0.052320529,-2.046087344,-2.126739322,2,Done,tetracene_a=7.3_b=5.9_theta=25.5_R3=2.3_R4=0.0_cx=0.9_cy=-0.1_cz=13.8.log
0.9,0.1,13.8,7.3,5.9,25.5,2.3,0,-5.499915562,-0.951086787,-0.942858875,-0.151475894,-0.120878506,-0.107265305,-0.167753503,-0.052320529,-0.054108932,-2.126739322,-2.046087344,2,Done,tetracene_a=7.3_b=5.9_theta=25.5_R3=2.3_R4=0.0_cx=0.9_cy=0.1_cz=13.8.log
0.4,1.3,13.5,7.3,5.9,25.5,2.1,1.9,-5.4982125,-1.136145761,-0.715796892,-0.031994225,-1.676276248,-0.024536896,-1.68140928,-0.057956824,-0.363592472,-2.145203176,-0.298380377,2,Done,tetracene_a=7.3_b=5.9_theta=25.5_R3=2.1_R4=1.9_cx=0.4_cy=1.3_cz=13.5.log
0.2,1.5,13.6,7.3,5.9,25.5,2.1,1.9,-5.490922716,-1.171084262,-0.977220068,-0.026602659,-1.625395227,-0.02321285,-1.749804105,-0.052841362,-0.387920407,-2.026024594,-0.237476767,2,Done,tetracene_a=7.3_b=5.9_theta=25.5_R3=2.1_R4=1.9_cx=0.2_cy=1.5_cz=13.6.log
0.2,1.5,13.4,7.3,5.9,25.5,2.1,1.9,-5.490438906,-1.02721379,-0.59426201,-0.029918422,-1.68519191,-0.026263804,-1.871389187,-0.059553837,-0.451218596,-2.093452426,-0.269094486,2,Done,tetracene_a=7.3_b=5.9_theta=25.5_R3=2.1_R4=1.9_cx=0.2_cy=1.5_cz=13.4.log
0.2,1.4,13.6,7.3,5.9,25.5,2.1,1.9,-5.488173595,-1.146060419,-0.976607618,-0.027520079,-1.665250897,-0.024023593,-1.710075192,-0.054387547,-0.381658485,-2.028624996,-0.248733669,2,Done,tetracene_a=7.3_b=5.9_theta=25.5_R3=2.1_R4=1.9_cx=0.2_cy=1.4_cz=13.6.log
0.1,1.5,13.4,7.3,5.9,25.5,2.1,1.9,-5.486407781,-0.921984128,-0.702604122,-0.029032378,-1.750529506,-0.027200048,-1.844401237,-0.06023594,-0.477479889,-2.051229788,-0.259586454,2,Done,tetracene_a=7.3_b=5.9_theta=25.5_R3=2.1_R4=1.9_cx=0.1_cy=1.5_cz=13.4.log
0.3,1.5,13.6,7.3,5.9,25.5,2.1,1.9,-5.485493499,-1.209130194,-0.925756718,-0.027407127,-1.573418574,-0.022339356,-1.754305862,-0.052280368,-0.368276206,-2.063334456,-0.245423553,2,Done,tetracene_a=7.3_b=5.9_theta=25.5_R3=2.1_R4=1.9_cx=0.3_cy=1.5_cz=13.6.log
0.4,1.4,13.6,7.3,5.9,25.5,2.1,1.9,-5.481549599,-1.216428135,-0.897385736,-0.02916039,-1.598615611,-0.022207579,-1.682481067,-0.053149469,-0.344326032,-2.09480973,-0.266125108,2,Done,tetracene_a=7.3_b=5.9_theta=25.5_R3=2.1_R4=1.9_cx=0.4_cy=1.4_cz=13.6.log
0.3,1.4,13.4,7.3,5.9,25.5,2.1,1.9,-5.47971978,-1.040450486,-0.47191011,-0.031888803,-1.739000893,-0.026236193,-1.85022202,-0.06057856,-0.419413251,-2.127179834,-0.292693882,2,Done,tetracene_a=7.3_b=5.9_theta=25.5_R3=2.1_R4=1.9_cx=0.3_cy=1.4_cz=13.4.log
0.2,1.3,13.5,7.3,5.9,25.5,2.1,1.9,-5.475452398,-1.018113012,-0.794074999,-0.030240962,-1.720588494,-0.026483432,-1.722051848,-0.05944716,-0.404167896,-2.078472507,-0.277588461,2,Done,tetracene_a=7.3_b=5.9_theta=25.5_R3=2.1_R4=1.9_cx=0.2_cy=1.3_cz=13.5.log
0.1,1.4,13.4,7.3,5.9,25.5,2.1,1.9,-5.46777701,-0.844811693,-0.647772298,-0.030080319,-1.81729406,-0.028189004,-1.854172823,-0.062087722,-0.469017917,-2.053562243,-0.271949029,2,Done,tetracene_a=7.3_b=5.9_theta=25.5_R3=2.1_R4=1.9_cx=0.1_cy=1.4_cz=13.4.log
0.4,1.3,13.6,7.3,5.9,25.5,2.1,1.9,-5.467652135,-1.17251373,-0.900196981,-0.030159386,-1.603788803,-0.022985691,-1.601454466,-0.05462851,-0.338741193,-2.129585707,-0.279147196,2,Done,tetracene_a=7.3_b=5.9_theta=25.5_R3=2.1_R4=1.9_cx=0.4_cy=1.3_cz=13.6.log
0.3,1.3,13.6,7.3,5.9,25.5,2.1,1.9,-5.459866618,-1.13675319,-0.925678906,-0.029323542,-1.62617836,-0.023921936,-1.624393721,-0.055308731,-0.356496589,-2.095259655,-0.269676815,2,Done,tetracene_a=7.3_b=5.9_theta=25.5_R3=2.1_R4=1.9_cx=0.3_cy=1.3_cz=13.6.log
0.3,1.5,13.4,7.3,5.9,25.5,2.1,1.9,-5.423228192,-1.125670109,-0.490760511,-0.030783131,-1.60925818,-0.025309988,-1.884901988,-0.05882969,-0.426497839,-2.075742212,-0.278816498,2,Done,tetracene_a=7.3_b=5.9_theta=25.5_R3=2.1_R4=1.9_cx=0.3_cy=1.5_cz=13.4.log
0.3,1.3,13.4,7.3,5.9,25.5,2.1,1.9,-5.422648373,-0.923160081,-0.424190485,-0.033040912,-1.768055861,-0.027208833,-1.78274587,-0.062342491,-0.412073894,-2.161972753,-0.307058213,2,Done,tetracene_a=7.3_b=5.9_theta=25.5_R3=2.1_R4=1.9_cx=0.3_cy=1.3_cz=13.4.log
0.4,1.5,13.5,7.3,5.9,25.5,2.1,1.9,-5.414316295,-1.261439427,-0.712674402,-0.029864456,-1.53676195,-0.022861444,-1.819727544,-0.054783506,-0.375595483,-2.02166591,-0.270606785,2,Done,tetracene_a=7.3_b=5.9_theta=25.5_R3=2.1_R4=1.9_cx=0.4_cy=1.5_cz=13.5.log
0.4,1.5,13.6,7.3,5.9,25.5,2.1,1.9,-5.412460748,-1.241039077,-0.876280064,-0.028192769,-1.516502162,-0.021460842,-1.747809878,-0.051680469,-0.34965673,-2.041957701,-0.253523453,2,Done,tetracene_a=7.3_b=5.9_theta=25.5_R3=2.1_R4=1.9_cx=0.4_cy=1.5_cz=13.6.log
0.2,1.3,13.6,7.3,5.9,25.5,2.1,1.9,-5.409481331,-1.099811677,-0.955545873,-0.028468874,-1.642575196,-0.024856926,-1.641340256,-0.055949419,-0.375148068,-2.021714228,-0.260370214,2,Done,tetracene_a=7.3_b=5.9_theta=25.5_R3=2.1_R4=1.9_cx=0.2_cy=1.3_cz=13.6.log
0.1,1.3,13.5,7.3,5.9,25.5,2.1,1.9,-5.404900507,-0.95791535,-0.844066211,-0.029324797,-1.73195521,-0.027444777,-1.732477299,-0.060139303,-0.426204165,-1.989441389,-0.267523828,2,Done,tetracene_a=7.3_b=5.9_theta=25.5_R3=2.1_R4=1.9_cx=0.1_cy=1.3_cz=13.5.log
0.2,1.3,13.4,7.3,5.9,25.5,2.1,1.9,-5.402497771,-0.828739907,-0.487345601,-0.032122237,-1.791356562,-0.028219125,-1.79971374,-0.063164529,-0.435322512,-2.124513544,-0.2957486,2,Done,tetracene_a=7.3_b=5.9_theta=25.5_R3=2.1_R4=1.9_cx=0.2_cy=1.3_cz=13.4.log
0.4,1.3,13.4,7.3,5.9,25.5,2.1,1.9,-5.379465017,-1.015706511,-0.374041141,-0.033933231,-1.736071676,-0.026179717,-1.759142709,-0.061480292,-0.390135517,-2.136405486,-0.31890623,2,Done,tetracene_a=7.3_b=5.9_theta=25.5_R3=2.1_R4=1.9_cx=0.4_cy=1.3_cz=13.4.log
0.4,1.4,13.4,7.3,5.9,25.5,2.1,1.9,-5.377773878,-1.130855851,-0.398325778,-0.032756022,-1.685554611,-0.025243472,-1.83450415,-0.05976719,-0.396862424,-2.064083703,-0.303440618,2,Done,tetracene_a=7.3_b=5.9_theta=25.5_R3=2.1_R4=1.9_cx=0.4_cy=1.4_cz=13.4.log
1.2,0,13.8,7.3,5.9,25.5,2.3,0,-5.372776388,-1.087256457,-1.087256457,-0.159533122,-0.101755767,-0.101755767,-0.159533122,-0.050463099,-0.050463099,-1.961652736,-1.961652108,2,Done,tetracene_a=7.3_b=5.9_theta=25.5_R3=2.3_R4=0.0_cx=1.2_cy=0.0_cz=13.8.log
1.2,0,13.7,7.3,5.9,25.5,2.3,0,-5.361162433,-1.111257459,-1.111257459,-0.169580812,-0.11045431,-0.11045431,-0.169580812,-0.053366588,-0.053366588,-1.931568652,-1.931568024,2,Done,tetracene_a=7.3_b=5.9_theta=25.5_R3=2.3_R4=0.0_cx=1.2_cy=0.0_cz=13.7.log
1.2,-0.1,13.8,7.3,5.9,25.5,2.3,0,-5.34640528,-1.084531808,-1.091731858,-0.167531365,-0.095868468,-0.108173939,-0.151985432,-0.051263802,-0.049647336,-2.01196084,-1.883621867,2,Done,tetracene_a=7.3_b=5.9_theta=25.5_R3=2.3_R4=0.0_cx=1.2_cy=-0.1_cz=13.8.log
1.2,0.1,13.8,7.3,5.9,25.5,2.3,0,-5.34640528,-1.091733113,-1.084530553,-0.151985432,-0.108173939,-0.095868468,-0.167531365,-0.049647336,-0.051263802,-1.883621867,-2.01196084,2,Done,tetracene_a=7.3_b=5.9_theta=25.5_R3=2.3_R4=0.0_cx=1.2_cy=0.1_cz=13.8.log
0.1,1.3,13.4,7.3,5.9,25.5,2.1,1.9,-5.342194688,-0.73513173,-0.561729382,-0.031173442,-1.805908519,-0.029224396,-1.809610828,-0.063954564,-0.460162496,-2.046977153,-0.284711327,2,Done,tetracene_a=7.3_b=5.9_theta=25.5_R3=2.1_R4=1.9_cx=0.1_cy=1.3_cz=13.4.log
1.2,-0.1,13.7,7.3,5.9,25.5,2.3,0,-5.330364242,-1.109349829,-1.117177388,-0.178322027,-0.103803959,-0.117604159,-0.161385532,-0.054221884,-0.052493094,-2.007770328,-1.822057489,2,Done,tetracene_a=7.3_b=5.9_theta=25.5_R3=2.3_R4=0.0_cx=1.2_cy=-0.1_cz=13.7.log
1.2,0.1,13.7,7.3,5.9,25.5,2.3,0,-5.330359222,-1.117177388,-1.109349829,-0.161385532,-0.117604159,-0.103803959,-0.178322027,-0.052493094,-0.054221884,-1.822058116,-2.007764681,2,Done,tetracene_a=7.3_b=5.9_theta=25.5_R3=2.3_R4=0.0_cx=1.2_cy=0.1_cz=13.7.log
0.4,1.5,13.4,7.3,5.9,25.5,2.1,1.9,-5.257536059,-1.21485936,-0.395204543,-0.031623994,-1.524525505,-0.024349898,-1.885480552,-0.058067893,-0.403322012,-1.969453313,-0.288670915,2,Done,tetracene_a=7.3_b=5.9_theta=25.5_R3=2.1_R4=1.9_cx=0.4_cy=1.5_cz=13.4.log
0.1,1.5,13.3,7.3,5.9,25.5,2.1,1.9,-5.248940427,-0.622218836,-0.300453043,-0.030799446,-1.757114596,-0.028894325,-1.878687129,-0.064009785,-0.51581322,-2.08424811,-0.275785625,2,Done,tetracene_a=7.3_b=5.9_theta=25.5_R3=2.1_R4=1.9_cx=0.1_cy=1.5_cz=13.3.log
1.2,0,13.6,7.3,5.9,25.5,2.3,0,-5.245604584,-1.087986878,-1.087986878,-0.180230912,-0.119828055,-0.119828055,-0.180230912,-0.056434484,-0.056434484,-1.872348023,-1.872341748,2,Done,tetracene_a=7.3_b=5.9_theta=25.5_R3=2.3_R4=0.0_cx=1.2_cy=0.0_cz=13.6.log
0.2,1.4,13.3,7.3,5.9,25.5,2.1,1.9,-5.243075719,-0.65231547,-0.078931973,-0.032891564,-1.814712484,-0.028968372,-1.920210721,-0.065163776,-0.477857023,-2.135688242,-0.300351386,2,Done,tetracene_a=7.3_b=5.9_theta=25.5_R3=2.1_R4=1.9_cx=0.2_cy=1.4_cz=13.3.log
0.1,1.4,13.3,7.3,5.9,25.5,2.1,1.9,-5.231784931,-0.502905339,-0.212550187,-0.031941514,-1.860436628,-0.029973643,-1.912619104,-0.066005894,-0.506498462,-2.09496849,-0.289098877,2,Done,tetracene_a=7.3_b=5.9_theta=25.5_R3=2.1_R4=1.9_cx=0.1_cy=1.4_cz=13.3.log
0.2,1.5,13.3,7.3,5.9,25.5,2.1,1.9,-5.222613872,-0.779507982,-0.143701045,-0.031720631,-1.672842514,-0.02792043,-1.915382659,-0.063226025,-0.486507248,-2.101094243,-0.286248727,2,Done,tetracene_a=7.3_b=5.9_theta=25.5_R3=2.1_R4=1.9_cx=0.2_cy=1.5_cz=13.3.log
1.2,0.1,13.6,7.3,5.9,25.5,2.3,0,-5.20956041,-1.095741647,-1.086967802,-0.171296425,-0.127737191,-0.112409631,-0.189738944,-0.055501377,-0.057346884,-1.725901621,-1.978864708,2,Done,tetracene_a=7.3_b=5.9_theta=25.5_R3=2.3_R4=0.0_cx=1.2_cy=0.1_cz=13.6.log
1.2,-0.1,13.6,7.3,5.9,25.5,2.3,0,-5.209559782,-1.086967802,-1.095741647,-0.189738944,-0.112409631,-0.127737191,-0.171296425,-0.057346884,-0.055501377,-1.978864708,-1.725900994,2,Done,tetracene_a=7.3_b=5.9_theta=25.5_R3=2.3_R4=0.0_cx=1.2_cy=-0.1_cz=13.6.log
1.5,-0.8,13.3,7.3,5.9,25.5,2.1,1.9,-5.192425621,-1.097403293,-1.508827715,-0.08910391,-0.277540143,-0.038187749,-0.330233413,-0.077592239,-0.152621727,-1.969884412,-1.321679132,2,Done,tetracene_a=7.3_b=5.9_theta=25.5_R3=2.1_R4=1.9_cx=1.5_cy=-0.8_cz=13.3.log
0.3,1.4,13.3,7.3,5.9,25.5,2.1,1.9,-5.186833252,-0.799283332,0.042184987,-0.033807729,-1.755855811,-0.027944275,-1.916739335,-0.064284634,-0.450928686,-2.114036009,-0.311861175,2,Done,tetracene_a=7.3_b=5.9_theta=25.5_R3=2.1_R4=1.9_cx=0.3_cy=1.4_cz=13.3.log
1.6,-0.9,13.3,7.3,5.9,25.5,2.1,1.9,-5.186396505,-1.118531555,-1.582363102,-0.092463598,-0.244382515,-0.038192769,-0.305228394,-0.0762638,-0.142793038,-1.907359316,-1.369399385,2,Done,tetracene_a=7.3_b=5.9_theta=25.5_R3=2.1_R4=1.9_cx=1.6_cy=-0.9_cz=13.3.log
1.5,-0.9,13.3,7.3,5.9,25.5,2.1,1.9,-5.179593042,-1.00684607,-1.544092522,-0.092080817,-0.254070014,-0.039814255,-0.311150833,-0.078510914,-0.148660884,-1.973946912,-1.354447077,2,Done,tetracene_a=7.3_b=5.9_theta=25.5_R3=2.1_R4=1.9_cx=1.5_cy=-0.9_cz=13.3.log
1.6,-0.8,13.3,7.3,5.9,25.5,2.1,1.9,-5.159606848,-1.213403537,-1.56468238,-0.089515556,-0.267033115,-0.036597638,-0.323702289,-0.075384659,-0.146506015,-1.853156884,-1.337092033,2,Done,tetracene_a=7.3_b=5.9_theta=25.5_R3=2.1_R4=1.9_cx=1.6_cy=-0.8_cz=13.3.log
1.6,-1,13.3,7.3,5.9,25.5,2.1,1.9,-5.151607978,-1.001529805,-1.593449948,-0.095503257,-0.224489192,-0.03983308,-0.288054701,-0.077110311,-0.139102652,-1.916213482,-1.397751542,2,Done,tetracene_a=7.3_b=5.9_theta=25.5_R3=2.1_R4=1.9_cx=1.6_cy=-1.0_cz=13.3.log
1.5,-0.7,13.3,7.3,5.9,25.5,2.1,1.9,-5.150590785,-1.164494153,-1.468441171,-0.086223639,-0.303476386,-0.036627759,-0.3507555,-0.076630894,-0.156591983,-1.92521323,-1.287145374,2,Done,tetracene_a=7.3_b=5.9_theta=25.5_R3=2.1_R4=1.9_cx=1.5_cy=-0.7_cz=13.3.log
1.5,-0.9,13.2,7.3,5.9,25.5,2.1,1.9,-5.131913578,-0.714627213,-1.556975302,-0.098707323,-0.270578547,-0.043852909,-0.323726134,-0.082932977,-0.155736687,-1.952189885,-1.436820315,2,Done,tetracene_a=7.3_b=5.9_theta=25.5_R3=1.9_R4=2.1_cx=1.5_cy=-0.9_cz=13.2.log
1.6,-0.9,13.2,7.3,5.9,25.5,2.1,1.9,-5.13131556,-0.899894521,-1.632635438,-0.098990957,-0.260361429,-0.042095881,-0.317350633,-0.08049008,-0.149474137,-1.841379149,-1.434307765,2,Done,tetracene_a=7.3_b=5.9_theta=25.5_R3=2.1_R4=1.9_cx=1.6_cy=-0.9_cz=13.2.log
0.2,1.3,13.3,7.3,5.9,25.5,2.1,1.9,-5.129798241,-0.483082298,0.024717619,-0.034107679,-1.84925942,-0.030057729,-1.872838735,-0.067126627,-0.468840959,-2.156640801,-0.314875733,2,Done,tetracene_a=7.3_b=5.9_theta=25.5_R3=2.1_R4=1.9_cx=0.2_cy=1.3_cz=13.3.log
1.5,-0.8,13.4,7.3,5.9,25.5,2.1,1.9,-5.128017995,-1.221649018,-1.474839263,-0.083245476,-0.260127995,-0.034664907,-0.317168654,-0.073447536,-0.145589223,-1.981175827,-1.231957752,2,Done,tetracene_a=7.3_b=5.9_theta=25.5_R3=2.1_R4=1.9_cx=1.5_cy=-0.8_cz=13.4.log
0.3,1.3,13.3,7.3,5.9,25.5,2.1,1.9,-5.127175249,-0.627679428,0.116462091,-0.035058984,-1.817129653,-0.029001002,-1.85676946,-0.06618348,-0.442750976,-2.166187738,-0.327464838,2,Done,tetracene_a=7.3_b=5.9_theta=25.5_R3=2.1_R4=1.9_cx=0.3_cy=1.3_cz=13.3.log
1.5,-0.8,13.2,7.3,5.9,25.5,2.1,1.9,-5.121458633,-0.836355368,-1.496736852,-0.09540411,-0.295918656,-0.042059485,-0.343673422,-0.081954061,-0.159918413,-1.919216745,-1.405295467,2,Done,tetracene_a=7.3_b=5.9_theta=25.5_R3=2.1_R4=1.9_cx=1.5_cy=-0.8_cz=13.2.log
1.4,-0.8,13.3,7.3,5.9,25.5,2.1,1.9,-5.120730722,-0.95476274,-1.421884949,-0.088581822,-0.287882763,-0.039877005,-0.336518553,-0.079824292,-0.158952048,-2.025080192,-1.292120274,2,Done,tetracene_a=7.3_b=5.9_theta=25.5_R3=2.1_R4=1.9_cx=1.4_cy=-0.8_cz=13.3.log
1.5,-1,13.3,7.3,5.9,25.5,2.1,1.9,-5.118383206,-0.892161087,-1.572039307,-0.095150596,-0.233429955,-0.041483431,-0.293313234,-0.079394448,-0.144712591,-1.946547315,-1.383940047,2,Done,tetracene_a=7.3_b=5.9_theta=25.5_R3=2.1_R4=1.9_cx=1.5_cy=-1.0_cz=13.3.log
1.5,-0.7,13.4,7.3,5.9,25.5,2.1,1.9,-5.114165085,-1.270889728,-1.453162558,-0.08062625,-0.284268305,-0.033293171,-0.33665535,-0.072555216,-0.14934738,-1.964295808,-1.198519,2,Done,tetracene_a=7.3_b=5.9_theta=25.5_R3=2.1_R4=1.9_cx=1.5_cy=-0.7_cz=13.4.log
1.4,-0.7,13.3,7.3,5.9,25.5,2.1,1.9,-5.112788327,-1.012533821,-1.361267483,-0.085685235,-0.314711325,-0.038279365,-0.357948019,-0.078824041,-0.163173935,-2.027922184,-1.257655542,2,Done,tetracene_a=7.3_b=5.9_theta=25.5_R3=2.1_R4=1.9_cx=1.4_cy=-0.7_cz=13.3.log
1.6,-1,13.2,7.3,5.9,25.5,2.1,1.9,-5.112399899,-0.745210796,-1.66163393,-0.102374491,-0.238511531,-0.04391566,-0.29935239,-0.08139244,-0.14557479,-1.882720763,-1.457212507,2,Done,tetracene_a=7.3_b=5.9_theta=25.5_R3=2.1_R4=1.9_cx=1.6_cy=-1.0_cz=13.2.log
0.3,1.5,13.3,7.3,5.9,25.5,2.1,1.9,-5.109141239,-0.929494168,0.004721385,-0.03261295,-1.574521737,-0.026927709,-1.936492095,-0.062407125,-0.45883845,-2.043331947,-0.296900081,2,Done,tetracene_a=7.3_b=5.9_theta=25.5_R3=2.1_R4=1.9_cx=0.3_cy=1.5_cz=13.3.log
1.6,-0.9,13.4,7.3,5.9,25.5,2.1,1.9,-5.108787951,-1.214126428,-1.503375908,-0.086386792,-0.229464092,-0.034619727,-0.293473877,-0.072255266,-0.136357923,-1.930412778,-1.289038572,2,Done,tetracene_a=7.3_b=5.9_theta=25.5_R3=2.1_R4=1.9_cx=1.6_cy=-0.9_cz=13.4.log
1.6,-0.8,13.4,7.3,5.9,25.5,2.1,1.9,-5.106602334,-1.285578482,-1.499170336,-0.083708579,-0.250195767,-0.033202809,-0.311078042,-0.071433856,-0.139867586,-1.907432734,-1.256401149,2,Done,tetracene_a=7.3_b=5.9_theta=25.5_R3=2.1_R4=1.9_cx=1.6_cy=-0.8_cz=13.4.log
1.5,-0.9,13.4,7.3,5.9,25.5,2.1,1.9,-5.095684915,-1.153246663,-1.491687907,-0.085924944,-0.238639543,-0.03611069,-0.298920664,-0.074308479,-0.141833575,-1.963091616,-1.264186039,2,Done,tetracene_a=7.3_b=5.9_theta=25.5_R3=2.1_R4=1.9_cx=1.5_cy=-0.9_cz=13.4.log
1.4,-0.9,13.3,7.3,5.9,25.5,2.1,1.9,-5.08665034,-0.872811189,-1.477494885,-0.091583829,-0.263633266,-0.041534887,-0.316776461,-0.080786265,-0.154730161,-1.99424184,-1.324974815,2,Done,tetracene_a=7.3_b=5.9_theta=25.5_R3=2.1_R4=1.9_cx=1.4_cy=-0.9_cz=13.3.log
0.1,1.3,13.3,7.3,5.9,25.5,2.1,1.9,-5.083779167,-0.341524827,-0.084131521,-0.033132528,-1.870156758,-0.031101906,-1.881051586,-0.068035262,-0.496736916,-2.095657496,-0.30279993,2,Done,tetracene_a=7.3_b=5.9_theta=25.5_R3=2.1_R4=1.9_cx=0.1_cy=1.3_cz=13.3.log
1.5,-1,13.2,7.3,5.9,25.5,2.1,1.9,-5.082532305,-0.56256146,-1.608792568,-0.102119722,-0.247940496,-0.045709083,-0.305018806,-0.083876752,-0.15157755,-1.947892069,-1.463114866,2,Done,tetracene_a=7.3_b=5.9_theta=25.5_R3=2.1_R4=1.9_cx=1.5_cy=-1.0_cz=13.2.log
1.4,-0.7,13.4,7.3,5.9,25.5,2.1,1.9,-5.082006766,-1.178540336,-1.389369263,-0.080056471,-0.294897069,-0.034814255,-0.343296916,-0.074557601,-0.155506391,-2.025718997,-1.165736622,2,Done,tetracene_a=7.3_b=5.9_theta=25.5_R3=2.1_R4=1.9_cx=1.4_cy=-0.7_cz=13.4.log
1.6,-0.8,13.2,7.3,5.9,25.5,2.1,1.9,-5.074945709,-1.026445717,-1.595849546,-0.095720375,-0.284826789,-0.040335088,-0.336641545,-0.079554463,-0.153384779,-1.747021725,-1.405075211,2,Done,tetracene_a=7.3_b=5.9_theta=25.5_R3=2.1_R4=1.9_cx=1.6_cy=-0.8_cz=13.2.log
1.4,-0.8,13.4,7.3,5.9,25.5,2.1,1.9,-5.066755449,-1.137001684,-1.426311405,-0.082660637,-0.269937232,-0.036214857,-0.322954297,-0.075493218,-0.151501622,-2.00364696,-1.198573593,2,Done,tetracene_a=7.3_b=5.9_theta=25.5_R3=2.1_R4=1.9_cx=1.4_cy=-0.8_cz=13.4.log
1.6,-0.7,13.3,7.3,5.9,25.5,2.1,1.9,-5.062778918,-1.286001424,-1.541878666,-0.086640306,-0.29207202,-0.035074044,-0.343345862,-0.074477907,-0.150228404,-1.742612213,-1.302954234,2,Done,tetracene_a=7.3_b=5.9_theta=25.5_R3=2.1_R4=1.9_cx=1.6_cy=-0.7_cz=13.3.log
1.5,-0.7,13.2,7.3,5.9,25.5,2.1,1.9,-5.046151158,-0.929351095,-1.430986354,-0.092206319,-0.323678443,-0.040311242,-0.36524094,-0.08093624,-0.164106415,-1.839172196,-1.371049109,2,Done,tetracene_a=7.3_b=5.9_theta=25.5_R3=2.1_R4=1.9_cx=1.5_cy=-0.7_cz=13.2.log
1.6,-0.7,13.4,7.3,5.9,25.5,2.1,1.9,-5.044914336,-1.339120145,-1.490519483,-0.081083077,-0.273491448,-0.031866213,-0.329859417,-0.070581697,-0.143395448,-1.835407764,-1.222559535,2,Done,tetracene_a=7.3_b=5.9_theta=25.5_R3=2.1_R4=1.9_cx=1.6_cy=-0.7_cz=13.4.log
1.4,-0.8,13.2,7.3,5.9,25.5,2.1,1.9,-5.036438558,-0.614090071,-1.357474813,-0.094967363,-0.306817249,-0.043888049,-0.350525831,-0.084390682,-0.166675441,-2.017238199,-1.384252547,2,Done,tetracene_a=7.3_b=5.9_theta=25.5_R3=2.1_R4=1.9_cx=1.4_cy=-0.8_cz=13.2.log
1.4,-0.9,13.2,7.3,5.9,25.5,2.1,1.9,-5.022099327,-0.502354386,-1.444934646,-0.098291911,-0.280641297,-0.045725399,-0.329766545,-0.085421054,-0.16222765,-2.0064695,-1.417124031,2,Done,tetracene_a=7.3_b=5.9_theta=25.5_R3=2.1_R4=1.9_cx=1.4_cy=-0.9_cz=13.2.log
1.4,-0.9,13.4,7.3,5.9,25.5,2.1,1.9,-5.016437305,-1.075452994,-1.458466272,-0.085352655,-0.247729653,-0.037693271,-0.304136527,-0.076393067,-0.147506266,-1.957821787,-1.230300499,2,Done,tetracene_a=7.3_b=5.9_theta=25.5_R3=2.1_R4=1.9_cx=1.4_cy=-0.9_cz=13.4.log
1.4,-1,13.3,7.3,5.9,25.5,2.1,1.9,-5.014215292,-0.765240915,-1.525346288,-0.094672434,-0.242284121,-0.043242969,-0.298333314,-0.081703057,-0.150529609,-1.94227711,-1.355145496,2,Done,tetracene_a=7.3_b=5.9_theta=25.5_R3=2.1_R4=1.9_cx=1.4_cy=-1.0_cz=13.3.log
1.4,-0.7,13.2,7.3,5.9,25.5,2.1,1.9,-4.999946655,-0.695722847,-1.264453985,-0.091741962,-0.335553442,-0.042100901,-0.372988806,-0.083323288,-0.171134527,-1.995155495,-1.349052374,2,Done,tetracene_a=7.3_b=5.9_theta=25.5_R3=2.1_R4=1.9_cx=1.4_cy=-0.7_cz=13.2.log
1.4,-1,13.2,7.3,5.9,25.5,2.1,1.9,-4.959815508,-0.358407357,-1.52327174,-0.101710586,-0.257245842,-0.047617969,-0.310463083,-0.086408127,-0.157791782,-1.970360692,-1.445896619,2,Done,tetracene_a=7.3_b=5.9_theta=25.5_R3=2.1_R4=1.9_cx=1.4_cy=-1.0_cz=13.2.log
1.6,-0.7,13.2,7.3,5.9,25.5,2.1,1.9,-4.936316828,-1.125639988,-1.553541567,-0.092560235,-0.311613936,-0.0386132,-0.357250228,-0.078581195,-0.157314247,-1.588077208,-1.372734601,2,Done,tetracene_a=7.3_b=5.9_theta=25.5_R3=2.1_R4=1.9_cx=1.6_cy=-0.7_cz=13.2.log
1.5,-0.9,13.1,7.3,5.9,25.5,2.1,1.9,-4.90398312,-0.225171923,-1.515156781,-0.105828307,-0.288084821,-0.048268069,-0.336626484,-0.087597886,-0.163078554,-1.890010547,-1.503727941,2,Done,tetracene_a=7.3_b=5.9_theta=25.5_R3=2.1_R4=1.9_cx=1.5_cy=-0.9_cz=13.1.log
1.6,-0.9,13.1,7.3,5.9,25.5,2.1,1.9,-4.892790852,-0.509963572,-1.642105819,-0.106011539,-0.277309219,-0.046352909,-0.329819256,-0.084934106,-0.156392435,-1.721811511,-1.473871643,2,Done,tetracene_a=7.3_b=5.9_theta=25.5_R3=2.1_R4=1.9_cx=1.6_cy=-0.9_cz=13.1.log
1.6,-1,13.1,7.3,5.9,25.5,2.1,1.9,-4.892177147,-0.305178193,-1.695893466,-0.109750244,-0.253561731,-0.048473893,-0.31094752,-0.085892314,-0.152289774,-1.805673203,-1.486419333,2,Done,tetracene_a=7.3_b=5.9_theta=25.5_R3=2.1_R4=1.9_cx=1.6_cy=-1.0_cz=13.1.log
1.5,-1,13.1,7.3,5.9,25.5,2.1,1.9,-4.867682294,-0.022207579,-1.599479064,-0.109582071,-0.263497724,-0.050449294,-0.317075783,-0.08860755,-0.158697279,-1.916291293,-1.522940415,2,Done,tetracene_a=7.3_b=5.9_theta=25.5_R3=2.1_R4=1.9_cx=1.5_cy=-1.0_cz=13.1.log
1.5,-0.8,13.1,7.3,5.9,25.5,2.1,1.9,-4.866102851,-0.389876983,-1.420735351,-0.102173688,-0.315219608,-0.046266312,-0.357523823,-0.086548689,-0.167475516,-1.819586354,-1.476594409,2,Done,tetracene_a=7.3_b=5.9_theta=25.5_R3=2.1_R4=1.9_cx=1.5_cy=-0.8_cz=13.1.log
1.6,-0.8,13.1,7.3,5.9,25.5,2.1,1.9,-4.80192207,-0.679516774,-1.579189156,-0.102393317,-0.303510272,-0.044396332,-0.349915264,-0.08393762,-0.160514548,-1.576044076,-1.451965269,2,Done,tetracene_a=7.3_b=5.9_theta=25.5_R3=2.1_R4=1.9_cx=1.6_cy=-0.8_cz=13.1.log
1.4,-0.9,13.1,7.3,5.9,25.5,2.1,1.9,-4.774182049,0.090469372,-1.340439171,-0.105484431,-0.298665895,-0.050302457,-0.343126233,-0.090321279,-0.170001872,-1.988562875,-1.501521616,2,Done,tetracene_a=7.3_b=5.9_theta=25.5_R3=2.1_R4=1.9_cx=1.4_cy=-0.9_cz=13.1.log
1.4,-0.8,13.1,7.3,5.9,25.5,2.1,1.9,-4.763883355,-0.061922687,-1.208931901,-0.101817263,-0.326705551,-0.048242969,-0.364946011,-0.089221254,-0.174696274,-1.972945406,-1.47073723,2,Done,tetracene_a=7.3_b=5.9_theta=25.5_R3=2.1_R4=1.9_cx=1.4_cy=-0.8_cz=13.1.log
1.4,-1,13.1,7.3,5.9,25.5,2.1,1.9,-4.723492419,0.284530604,-1.460524505,-0.109253256,-0.273268055,-0.052550197,-0.322955552,-0.091391184,-0.165326295,-1.973807605,-1.525956855,2,Done,tetracene_a=7.3_b=5.9_theta=25.5_R3=2.1_R4=1.9_cx=1.4_cy=-1.0_cz=13.1.log
-1.9,0.7,13,7.3,5.9,25.5,2.1,1.9,-4.434714199,-1.226133205,-1.826745616,-0.021623995,-0.82265808,-0.064116462,-0.968609376,-0.123054711,-1.198048367,-0.470544021,-0.178123734,2,Done,tetracene_a=7.3_b=5.9_theta=25.5_R3=2.1_R4=1.9_cx=-1.9_cy=0.7_cz=13.0.log
-1.9,0.6,13,7.3,5.9,25.5,2.1,1.9,-4.430229699,-1.362729581,-1.805126014,-0.022643071,-0.773444981,-0.066455819,-0.949091305,-0.128082949,-1.166506577,-0.463530342,-0.182364446,2,Done,tetracene_a=7.3_b=5.9_theta=25.5_R3=2.1_R4=1.9_cx=-1.9_cy=0.6_cz=13.0.log
-2,0.6,13,7.3,5.9,25.5,2.1,1.9,-4.416702152,-1.531195936,-1.856198425,-0.021513553,-0.739883236,-0.066494724,-0.917698234,-0.128473887,-1.116462027,-0.431494701,-0.173779482,2,Done,tetracene_a=7.3_b=5.9_theta=25.5_R3=2.1_R4=1.9_cx=-2.0_cy=0.6_cz=13.0.log
-2,0.7,13,7.3,5.9,25.5,2.1,1.9,-4.41575775,-1.407183645,-1.859984821,-0.020520832,-0.785801908,-0.064181723,-0.940779307,-0.123379761,-1.14555088,-0.437750976,-0.169850014,2,Done,tetracene_a=7.3_b=5.9_theta=25.5_R3=2.1_R4=1.9_cx=-2.0_cy=0.7_cz=13.0.log
-1.9,0.8,13,7.3,5.9,25.5,2.1,1.9,-4.410062469,-1.058040846,-1.843973276,-0.020643824,-0.874657324,-0.061872486,-0.960577248,-0.118127502,-1.23086463,-0.477317992,-0.173869843,2,Done,tetracene_a=7.3_b=5.9_theta=25.5_R3=2.1_R4=1.9_cx=-1.9_cy=0.8_cz=13.0.log
-1.9,0.8,13.1,7.3,5.9,25.5,2.1,1.9,-4.404305692,-1.283098562,-1.77270822,-0.019026103,-0.84148589,-0.058763801,-0.980833271,-0.108112443,-1.189052384,-0.462260262,-0.16692268,2,Done,tetracene_a=7.3_b=5.9_theta=25.5_R3=2.1_R4=1.9_cx=-1.9_cy=0.8_cz=13.1.log
-1.8,0.8,13.1,7.3,5.9,25.5,2.1,1.9,-4.40231774,-1.127590289,-1.750282267,-0.02008534,-0.880947484,-0.058581824,-1.012696974,-0.107890932,-1.197285315,-0.497262769,-0.174786635,2,Done,tetracene_a=7.3_b=5.9_theta=25.5_R3=2.1_R4=1.9_cx=-1.8_cy=0.8_cz=13.1.log
-1.9,0.7,13.1,7.3,5.9,25.5,2.1,1.9,-4.399694749,-1.408229077,-1.76923558,-0.019919677,-0.791364156,-0.060857175,-0.961185932,-0.112532623,-1.155149901,-0.455638149,-0.170978277,1,Done,tetracene_a=7.3_b=5.9_theta=25.5_R3=1.9_R4=2.1_cx=-1.9_cy=0.7_cz=13.1.log
-2,0.6,12.9,7.3,5.9,25.5,2.1,1.9,-4.398498715,-1.353091028,-1.9057303,-0.023357177,-0.767858887,-0.070050196,-0.933855362,-0.140859052,-1.104624678,-0.445198892,-0.180844617,2,Done,tetracene_a=7.3_b=5.9_theta=25.5_R3=2.1_R4=1.9_cx=-2.0_cy=0.6_cz=12.9.log
-1.8,0.7,13.1,7.3,5.9,25.5,2.1,1.9,-4.392159608,-1.260968795,-1.729672329,-0.02100778,-0.827474847,-0.060685237,-0.995011231,-0.112214476,-1.163683409,-0.489695626,-0.179155987,2,Done,tetracene_a=7.3_b=5.9_theta=25.5_R3=2.1_R4=1.9_cx=-1.8_cy=0.7_cz=13.1.log
-2,0.8,13,7.3,5.9,25.5,2.1,1.9,-4.38895366,-1.254431396,-1.859554349,-0.019567017,-0.834582025,-0.061952807,-0.937934177,-0.118391057,-1.176863002,-0.443763777,-0.165924939,2,Done,tetracene_a=7.3_b=5.9_theta=25.5_R3=2.1_R4=1.9_cx=-2.0_cy=0.8_cz=13.0.log
-1.8,0.7,13,7.3,5.9,25.5,2.1,1.9,-4.379141913,-0.98331319,-1.742983071,-0.022784888,-0.860809433,-0.063987195,-1.000525789,-0.122602904,-1.226507828,-0.506054812,-0.186774586,2,Done,tetracene_a=7.3_b=5.9_theta=25.5_R3=2.1_R4=1.9_cx=-1.8_cy=0.7_cz=13.0.log
-1.9,0.6,13.1,7.3,5.9,25.5,2.1,1.9,-4.37249972,-1.507127163,-1.761819666,-0.020853412,-0.744029822,-0.06302585,-0.921736889,-0.11704693,-1.122334266,-0.448789504,-0.175032619,2,Done,tetracene_a=7.3_b=5.9_theta=25.5_R3=2.1_R4=1.9_cx=-1.9_cy=0.6_cz=13.1.log
-1.9,0.6,12.9,7.3,5.9,25.5,2.1,1.9,-4.367623967,-1.07837217,-1.803515196,-0.024565761,-0.803380973,-0.070058981,-0.962674386,-0.140235307,-1.187555145,-0.478632625,-0.189917157,2,Done,tetracene_a=7.3_b=5.9_theta=25.5_R3=2.1_R4=1.9_cx=-1.9_cy=0.6_cz=12.9.log
-1.8,0.6,13,7.3,5.9,25.5,2.1,1.9,-4.364470102,-1.12824541,-1.698239098,-0.023836595,-0.808427408,-0.066341612,-0.983083521,-0.12755333,-1.193365888,-0.498124968,-0.191339094,2,Done,tetracene_a=7.3_b=5.9_theta=25.5_R3=2.1_R4=1.9_cx=-1.8_cy=0.6_cz=13.0.log
-2,0.7,12.9,7.3,5.9,25.5,2.1,1.9,-4.362893797,-1.184432655,-1.923094756,-0.022266565,-0.815565962,-0.067564002,-0.932486135,-0.135082195,-1.126811549,-0.451561844,-0.176733172,2,Done,tetracene_a=7.3_b=5.9_theta=25.5_R3=2.1_R4=1.9_cx=-2.0_cy=0.7_cz=12.9.log
-1.8,0.8,13,7.3,5.9,25.5,2.1,1.9,-4.362553687,-0.804443975,-1.783687135,-0.021772087,-0.91649216,-0.061723139,-0.989191704,-0.117747859,-1.260175622,-0.513767537,-0.182207569,2,Done,tetracene_a=7.3_b=5.9_theta=25.5_R3=2.1_R4=1.9_cx=-1.8_cy=0.8_cz=13.0.log
-1.8,0.6,13.1,7.3,5.9,25.5,2.1,1.9,-4.357289819,-1.366026519,-1.705173711,-0.02197038,-0.777009237,-0.062867717,-0.956362891,-0.116645951,-1.130493151,-0.481923915,-0.183521575,2,Done,tetracene_a=7.3_b=5.9_theta=25.5_R3=2.1_R4=1.9_cx=-1.8_cy=0.6_cz=13.1.log
-2,0.8,13.1,7.3,5.9,25.5,2.1,1.9,-4.356726629,-1.39681718,-1.763119867,-0.018015812,-0.803486394,-0.058883028,-0.953311937,-0.108264928,-1.162095809,-0.43012673,-0.159422053,2,Done,tetracene_a=7.3_b=5.9_theta=25.5_R3=2.1_R4=1.9_cx=-2.0_cy=0.8_cz=13.1.log
-2,0.7,13.1,7.3,5.9,25.5,2.1,1.9,-4.352364179,-1.509701209,-1.771776995,-0.018883031,-0.756465815,-0.060958831,-0.930243414,-0.112755389,-1.128211524,-0.424214958,-0.16316766,2,Done,tetracene_a=7.3_b=5.9_theta=25.5_R3=2.1_R4=1.9_cx=-2.0_cy=0.7_cz=13.1.log
-1.9,0.7,12.9,7.3,5.9,25.5,2.1,1.9,-4.340829291,-0.893657071,-1.845299832,-0.023441264,-0.854403811,-0.067550196,-0.956036585,-0.134610935,-1.214749546,-0.485795024,-0.185479406,2,Done,tetracene_a=7.3_b=5.9_theta=25.5_R3=2.1_R4=1.9_cx=-1.9_cy=0.7_cz=12.9.log
-2,0.6,13.1,7.3,5.9,25.5,2.1,1.9,-4.328600376,-1.598871635,-1.776912537,-0.0197879,-0.712348097,-0.063112446,-0.888938196,-0.117343743,-1.09627503,-0.418074772,-0.166921425,2,Done,tetracene_a=7.3_b=5.9_theta=25.5_R3=2.1_R4=1.9_cx=-2.0_cy=0.6_cz=13.1.log
-1.8,0.8,13.2,7.3,5.9,25.5,2.1,1.9,-4.326700275,-1.300547106,-1.682631669,-0.018516565,-0.846015257,-0.055587346,-1.010956261,-0.099061866,-1.121895009,-0.481022183,-0.167594116,2,Done,tetracene_a=7.3_b=5.9_theta=25.5_R3=2.1_R4=1.9_cx=-1.8_cy=0.8_cz=13.2.log
-1.9,0.8,13.2,7.3,5.9,25.5,2.1,1.9,-4.297102511,-1.386638967,-1.679405013,-0.017517569,-0.808801404,-0.055800699,-0.976945219,-0.099099517,-1.127708261,-0.447561467,-0.16017883,2,Done,tetracene_a=7.3_b=5.9_theta=25.5_R3=2.1_R4=1.9_cx=-1.9_cy=0.8_cz=13.2.log
-1.8,0.7,13.2,7.3,5.9,25.5,2.1,1.9,-4.297025327,-1.398944439,-1.676244873,-0.019347388,-0.794667369,-0.057537647,-0.971216052,-0.102882147,-1.089782812,-0.473614428,-0.171767057,2,Done,tetracene_a=7.3_b=5.9_theta=25.5_R3=2.1_R4=1.9_cx=-1.8_cy=0.7_cz=13.2.log
-2,0.8,12.9,7.3,5.9,25.5,2.1,1.9,-4.294734288,-0.981576242,-1.93555334,-0.021221133,-0.866086792,-0.065170679,-0.898055916,-0.129494219,-1.151121287,-0.457666888,-0.172619843,2,Done,tetracene_a=7.3_b=5.9_theta=25.5_R3=2.1_R4=1.9_cx=-2.0_cy=0.8_cz=12.9.log
-1.9,0.8,12.9,7.3,5.9,25.5,2.1,1.9,-4.277869016,-0.671362909,-1.882274603,-0.022364456,-0.908370926,-0.065130518,-0.914447733,-0.12913089,-1.243029539,-0.492695124,-0.18103789,2,Done,tetracene_a=7.3_b=5.9_theta=25.5_R3=2.1_R4=1.9_cx=-1.9_cy=0.8_cz=12.9.log
-1.9,0.7,13.2,7.3,5.9,25.5,2.1,1.9,-4.27115309,-1.478477566,-1.684905766,-0.018324547,-0.760553415,-0.057744725,-0.936504709,-0.103015179,-1.094733866,-0.441097487,-0.164051194,2,Done,tetracene_a=7.3_b=5.9_theta=25.5_R3=2.1_R4=1.9_cx=-1.9_cy=0.7_cz=13.2.log
-1.8,0.6,13.2,7.3,5.9,25.5,2.1,1.9,-4.248763534,-1.474019735,-1.666185887,-0.020220882,-0.746177161,-0.059565759,-0.918360885,-0.10680534,-1.057726463,-0.466034734,-0.175931841,2,Done,tetracene_a=7.3_b=5.9_theta=25.5_R3=2.1_R4=1.9_cx=-1.8_cy=0.6_cz=13.2.log
-1.8,0.6,12.9,7.3,5.9,25.5,2.1,1.9,-4.233585321,-0.720550908,-1.627314153,-0.025837097,-0.840360137,-0.069989955,-0.995144264,-0.139537516,-1.240456748,-0.514593968,-0.199398833,2,Done,tetracene_a=7.3_b=5.9_theta=25.5_R3=2.1_R4=1.9_cx=-1.8_cy=0.6_cz=12.9.log
-2,0.8,13.2,7.3,5.9,25.5,2.1,1.9,-4.233483665,-1.44393314,-1.654201701,-0.016572539,-0.772791115,-0.055958832,-0.945941205,-0.099102027,-1.11979285,-0.416773944,-0.153115578,2,Done,tetracene_a=7.3_b=5.9_theta=25.5_R3=2.1_R4=1.9_cx=-2.0_cy=0.8_cz=13.2.log
-1.9,0.6,13.2,7.3,5.9,25.5,2.1,1.9,-4.22882252,-1.549043576,-1.687006669,-0.019171686,-0.715141771,-0.059762797,-0.883925646,-0.107037518,-1.062432788,-0.43440572,-0.167920421,2,Done,tetracene_a=7.3_b=5.9_theta=25.5_R3=2.1_R4=1.9_cx=-1.9_cy=0.6_cz=13.2.log
-1.8,0.7,12.9,7.3,5.9,25.5,2.1,1.9,-4.221052692,-0.524555689,-1.70026219,-0.024679968,-0.894682423,-0.067459835,-0.985146774,-0.134030488,-1.271312042,-0.522689475,-0.194627247,2,Done,tetracene_a=7.3_b=5.9_theta=25.5_R3=2.1_R4=1.9_cx=-1.8_cy=0.7_cz=12.9.log
-2,0.7,13.2,7.3,5.9,25.5,2.1,1.9,-4.20696823,-1.525921087,-1.667706972,-0.017354417,-0.72757902,-0.057887798,-0.903821478,-0.10310303,-1.086070463,-0.410970104,-0.156689247,2,Done,tetracene_a=7.3_b=5.9_theta=25.5_R3=2.1_R4=1.9_cx=-2.0_cy=0.7_cz=13.2.log
-1.8,0.8,12.9,7.3,5.9,25.5,2.1,1.9,-4.169787007,-0.287636779,-1.768876644,-0.023569276,-0.952674387,-0.065025096,-0.938642008,-0.128633275,-1.302515604,-0.530576648,-0.189849385,2,Done,tetracene_a=7.3_b=5.9_theta=25.5_R3=2.1_R4=1.9_cx=-1.8_cy=0.8_cz=12.9.log
-2,0.6,13.2,7.3,5.9,25.5,2.1,1.9,-4.166885401,-1.589052358,-1.678176348,-0.01817771,-0.68526602,-0.059883279,-0.850785588,-0.107205691,-1.053772523,-0.404961068,-0.160275467,2,Done,tetracene_a=7.3_b=5.9_theta=25.5_R3=2.1_R4=1.9_cx=-2.0_cy=0.6_cz=13.2.log
