cx,cy,cz,A2,a,b,theta,R3,R4,E,E_i01,E_i02,E_ip1,E_ip2,E_ip3,E_ip4,E_it1,E_it2,E_it3,E_it4,machine_type,status,file_name
1.6,-1,18.2,-0.4,7.3,5.9,25.5,2.2,2.1,-5.12866433,-1.136370409,-1.610592266,-0.080835838,-0.27169928,-0.030936243,-0.299736426,-0.073826552,-0.14774723,-1.866377892,-1.325627425,1,Done,hexacene_a=7.3_b=5.9_theta=25.5_R3=2.2_R4=2.1_A2=-0.4_cx=1.6_cy=-1_cz=18.2.log
1.5,-1.1,18.1,-0.4,7.3,5.9,25.5,2.2,2.1,-5.041161198,-0.59455945,-1.693749892,-0.088836591,-0.274466599,-0.037518823,-0.299090091,-0.081030366,-0.156551195,-1.895199427,-1.414269488,1,Done,hexacene_a=7.3_b=5.9_theta=25.5_R3=2.2_R4=2.1_A2=-0.4_cx=1.5_cy=-1.1_cz=18.1.log
1.5,-1.1,18.2,-0.4,7.3,5.9,25.5,2.2,2.1,-5.059801383,-0.915135484,-1.613886694,-0.082749743,-0.258101138,-0.033741213,-0.287951789,-0.076669172,-0.149560733,-1.909958462,-1.327829985,1,Done,hexacene_a=7.3_b=5.9_theta=25.5_R3=2.2_R4=2.1_A2=-0.4_cx=1.5_cy=-1.1_cz=18.2.log
1.5,-1.1,18.3,-0.4,7.3,5.9,25.5,2.2,2.1,-4.958483618,-1.08212217,-1.514846791,-0.077095879,-0.242783619,-0.030271082,-0.277089591,-0.072527606,-0.142815001,-1.896542298,-1.234494148,1,Done,hexacene_a=7.3_b=5.9_theta=25.5_R3=2.2_R4=2.1_A2=-0.4_cx=1.5_cy=-1.1_cz=18.3.log
1.5,-1,18.1,-0.4,7.3,5.9,25.5,2.2,2.1,-5.102020256,-0.736633989,-1.665204462,-0.086069272,-0.300690242,-0.035962598,-0.317131004,-0.080183228,-0.160924939,-1.898462479,-1.391603827,1,Done,hexacene_a=7.3_b=5.9_theta=25.5_R3=2.2_R4=2.1_A2=-0.4_cx=1.5_cy=-1_cz=18.1.log
1.5,-1,18.2,-0.4,7.3,5.9,25.5,2.2,2.1,-5.134302508,-1.022345567,-1.604756424,-0.080264804,-0.282492452,-0.03232304,-0.305233414,-0.075872234,-0.15371485,-1.939112577,-1.301894997,1,Done,hexacene_a=7.3_b=5.9_theta=25.5_R3=2.2_R4=2.1_A2=-0.4_cx=1.5_cy=-1_cz=18.2.log
1.5,-1,18.3,-0.4,7.3,5.9,25.5,2.2,2.1,-5.043806153,-1.164219303,-1.518379672,-0.074836842,-0.265192001,-0.029003512,-0.29363703,-0.071780869,-0.146755764,-1.944835468,-1.207799872,1,Done,hexacene_a=7.3_b=5.9_theta=25.5_R3=2.2_R4=2.1_A2=-0.4_cx=1.5_cy=-1_cz=18.3.log
1.5,-0.9,18.1,-0.4,7.3,5.9,25.5,2.2,2.1,-5.10241245,-0.849159082,-1.623431121,-0.083396079,-0.329474126,-0.034450299,-0.33638301,-0.079292164,-0.165336335,-1.867074429,-1.362562664,1,Done,hexacene_a=7.3_b=5.9_theta=25.5_R3=2.2_R4=2.1_A2=-0.4_cx=1.5_cy=-0.9_cz=18.1.log
1.5,-0.9,18.2,-0.4,7.3,5.9,25.5,2.2,2.1,-5.161266613,-1.105898523,-1.585240862,-0.077830065,-0.309412631,-0.030961344,-0.323682208,-0.075037646,-0.157900341,-1.939890689,-1.271925119,1,Done,hexacene_a=7.3_b=5.9_theta=25.5_R3=2.2_R4=2.1_A2=-0.4_cx=1.5_cy=-0.9_cz=18.2.log
1.5,-0.9,18.3,-0.4,7.3,5.9,25.5,2.2,2.1,-5.091904794,-1.227302883,-1.514313407,-0.072628008,-0.290336327,-0.027817518,-0.311301436,-0.071009032,-0.150721627,-1.969873117,-1.17845123,1,Done,hexacene_a=7.3_b=5.9_theta=25.5_R3=2.2_R4=2.1_A2=-0.4_cx=1.5_cy=-0.9_cz=18.3.log
1.6,-1.1,18.1,-0.4,7.3,5.9,25.5,2.2,2.1,-5.054053391,-0.778683434,-1.705333726,-0.089332324,-0.264006007,-0.035993974,-0.293806457,-0.078752505,-0.150451798,-1.818379653,-1.422891475,1,Done,hexacene_a=7.3_b=5.9_theta=25.5_R3=2.2_R4=2.1_A2=-0.4_cx=1.6_cy=-1.1_cz=18.1.log
1.6,-1.1,18.2,-0.4,7.3,5.9,25.5,2.2,2.1,-5.079429896,-1.025778047,-1.606601303,-0.083320778,-0.248167655,-0.032341865,-0.28301956,-0.074585839,-0.143844117,-1.871059117,-1.350326219,1,Done,hexacene_a=7.3_b=5.9_theta=25.5_R3=2.2_R4=2.1_A2=-0.4_cx=1.6_cy=-1.1_cz=18.2.log
1.6,-1.1,18.3,-0.4,7.3,5.9,25.5,2.2,2.1,-4.984155052,-1.142469806,-1.49626622,-0.077704563,-0.233345869,-0.028978412,-0.272527593,-0.070619975,-0.137474891,-1.886633916,-1.26378004,1,Done,hexacene_a=7.3_b=5.9_theta=25.5_R3=2.2_R4=2.1_A2=-0.4_cx=1.6_cy=-1.1_cz=18.3.log
1.6,-1,18.1,-0.4,7.3,5.9,25.5,2.2,2.1,-5.084562927,-0.92464226,-1.69617208,-0.08659638,-0.289326036,-0.034456574,-0.311226135,-0.077943017,-0.154561988,-1.777484826,-1.403363364,1,Done,hexacene_a=7.3_b=5.9_theta=25.5_R3=2.2_R4=2.1_A2=-0.4_cx=1.6_cy=-1_cz=18.1.log
1.6,-1,18.3,-0.4,7.3,5.9,25.5,2.2,2.1,-5.048073221,-1.226775775,-1.508126159,-0.075439252,-0.254957313,-0.027729667,-0.288535373,-0.069917164,-0.141170925,-1.909023472,-1.237179891,1,Done,hexacene_a=7.3_b=5.9_theta=25.5_R3=2.2_R4=2.1_A2=-0.4_cx=1.6_cy=-1_cz=18.3.log
1.6,-0.9,18.1,-0.4,7.3,5.9,25.5,2.2,2.1,-5.0397493,-1.043034572,-1.676110585,-0.083910637,-0.317087078,-0.032956825,-0.329850631,-0.077095879,-0.158684729,-1.686583727,-1.375909801,1,Done,hexacene_a=7.3_b=5.9_theta=25.5_R3=2.2_R4=2.1_A2=-0.4_cx=1.6_cy=-0.9_cz=18.1.log
1.6,-0.9,18.2,-0.4,7.3,5.9,25.5,2.2,2.1,-5.118071961,-1.225087773,-1.606526002,-0.078388549,-0.297671919,-0.029587097,-0.317582811,-0.073023339,-0.151662892,-1.820149231,-1.295814425,1,Done,hexacene_a=7.3_b=5.9_theta=25.5_R3=2.2_R4=2.1_A2=-0.4_cx=1.6_cy=-0.9_cz=18.2.log
1.6,-0.9,18.3,-0.4,7.3,5.9,25.5,2.2,2.1,-5.064573597,-1.293624415,-1.514213006,-0.073217867,-0.27921685,-0.026562498,-0.305628745,-0.069170427,-0.144885784,-1.896874878,-1.207410816,1,Done,hexacene_a=7.3_b=5.9_theta=25.5_R3=2.2_R4=2.1_A2=-0.4_cx=1.6_cy=-0.9_cz=18.3.log
1.7,-1.1,18.1,-0.4,7.3,5.9,25.5,2.2,2.1,-4.969876062,-0.936351597,-1.695500645,-0.08972138,-0.253432464,-0.034588351,-0.288303195,-0.076518569,-0.144572029,-1.690455464,-1.409381185,1,Done,hexacene_a=7.3_b=5.9_theta=25.5_R3=2.2_R4=2.1_A2=-0.4_cx=1.7_cy=-1.1_cz=18.1.log
1.7,-1.1,18.2,-0.4,7.3,5.9,25.5,2.2,2.1,-5.026697093,-1.116697971,-1.58443765,-0.083760035,-0.23815887,-0.031049195,-0.277930454,-0.072527606,-0.13834713,-1.791459474,-1.358345797,1,Done,hexacene_a=7.3_b=5.9_theta=25.5_R3=2.2_R4=2.1_A2=-0.4_cx=1.7_cy=-1.1_cz=18.2.log
1.7,-1.1,18.3,-0.4,7.3,5.9,25.5,2.2,2.1,-4.956400285,-1.189288327,-1.467513711,-0.078194021,-0.223870467,-0.027792418,-0.267821268,-0.06874372,-0.132354409,-1.843756157,-1.284305892,1,Done,hexacene_a=7.3_b=5.9_theta=25.5_R3=2.2_R4=2.1_A2=-0.4_cx=1.7_cy=-1.1_cz=18.3.log
1.7,-1,18.1,-0.4,7.3,5.9,25.5,2.2,2.1,-4.948546998,-1.080848325,-1.700966257,-0.086991711,-0.277836328,-0.033057227,-0.305107912,-0.075734182,-0.14841239,-1.588698442,-1.393298104,1,Done,hexacene_a=7.3_b=5.9_theta=25.5_R3=2.2_R4=2.1_A2=-0.4_cx=1.7_cy=-1_cz=18.1.log
1.7,-1,18.2,-0.4,7.3,5.9,25.5,2.2,2.1,-5.03293768,-1.226072964,-1.597860088,-0.081275095,-0.260811981,-0.029643572,-0.294019811,-0.071799694,-0.141992963,-1.739275742,-1.335027525,1,Done,hexacene_a=7.3_b=5.9_theta=25.5_R3=2.2_R4=2.1_A2=-0.4_cx=1.7_cy=-1_cz=18.2.log
1.7,-1,18.3,-0.4,7.3,5.9,25.5,2.2,2.1,-4.984227216,-1.271931394,-1.485222043,-0.075922435,-0.244653599,-0.026556223,-0.283232914,-0.06806601,-0.135799439,-1.828846519,-1.257755943,1,Done,hexacene_a=7.3_b=5.9_theta=25.5_R3=2.2_R4=2.1_A2=-0.4_cx=1.7_cy=-1_cz=18.3.log
1.7,-0.9,18.1,-0.4,7.3,5.9,25.5,2.2,2.1,-4.833681292,-1.200313678,-1.698129911,-0.084318519,-0.304574529,-0.031563753,-0.323048423,-0.074930969,-0.152284127,-1.41750744,-1.36798435,1,Done,hexacene_a=7.3_b=5.9_theta=25.5_R3=2.2_R4=2.1_A2=-0.4_cx=1.7_cy=-0.9_cz=18.1.log
1.7,-0.9,18.2,-0.4,7.3,5.9,25.5,2.2,2.1,-4.963092679,-1.31560609,-1.605258431,-0.078834081,-0.285830805,-0.028306976,-0.311219859,-0.071046682,-0.145657621,-1.628338249,-1.305522005,1,Done,hexacene_a=7.3_b=5.9_theta=25.5_R3=2.2_R4=2.1_A2=-0.4_cx=1.7_cy=-0.9_cz=18.2.log
1.7,-0.9,18.3,-0.4,7.3,5.9,25.5,2.2,2.1,-4.950539341,-1.338899262,-1.498569181,-0.073688499,-0.268015796,-0.02539533,-0.299698776,-0.067356923,-0.139275844,-1.764363592,-1.22740956,1,Done,hexacene_a=7.3_b=5.9_theta=25.5_R3=2.2_R4=2.1_A2=-0.4_cx=1.7_cy=-0.9_cz=18.3.log
1.4,-1,18.1,-0.4,7.3,5.9,25.5,2.2,2.1,-5.019866646,-0.520224615,-1.605195681,-0.085454312,-0.31184737,-0.037581574,-0.322753493,-0.082454814,-0.167526345,-1.964250627,-1.364106338,1,Done,hexacene_a=7.3_b=5.9_theta=25.5_R3=2.2_R4=2.1_A2=-0.4_cx=1.4_cy=-1.0_cz=18.1.log
1.4,-1,18.2,-0.4,7.3,5.9,25.5,2.2,2.1,-5.063440941,-0.884701248,-1.577095783,-0.079587093,-0.293097371,-0.033829064,-0.310441747,-0.077949292,-0.159889548,-1.967664282,-1.268561666,1,Done,hexacene_a=7.3_b=5.9_theta=25.5_R3=2.2_R4=2.1_A2=-0.4_cx=1.4_cy=-1.0_cz=18.2.log
1.4,-1,18.3,-0.4,7.3,5.9,25.5,2.2,2.1,-4.981183793,-1.083571718,-1.513133688,-0.074134032,-0.275276087,-0.030384034,-0.298468856,-0.073675949,-0.152528856,-1.944942145,-1.172552636,1,Done,hexacene_a=7.3_b=5.9_theta=25.5_R3=2.2_R4=2.1_A2=-0.4_cx=1.4_cy=-1.0_cz=18.3.log
1.4,-0.9,18.1,-0.4,7.3,5.9,25.5,2.2,2.1,-5.044339536,-0.621649057,-1.537776006,-0.082749744,-0.341603894,-0.036050449,-0.342708311,-0.081532374,-0.172238945,-1.975301078,-1.333998409,1,Done,hexacene_a=7.3_b=5.9_theta=25.5_R3=2.2_R4=2.1_A2=-0.4_cx=1.4_cy=-0.9_cz=18.1.log
1.4,-0.9,18.2,-0.4,7.3,5.9,25.5,2.2,2.1,-5.10998022,-0.958866656,-1.538591769,-0.077164905,-0.32095254,-0.032435992,-0.329511776,-0.077083329,-0.164351144,-2.001229791,-1.238554138,1,Done,hexacene_a=7.3_b=5.9_theta=25.5_R3=2.2_R4=2.1_A2=-0.4_cx=1.4_cy=-0.9_cz=18.2.log
1.4,-0.9,18.3,-0.4,7.3,5.9,25.5,2.2,2.1,-5.04548788,-1.139125178,-1.495751661,-0.071931471,-0.301280101,-0.02917294,-0.316691747,-0.072866461,-0.156758273,-1.995237071,-1.143649525,1,Done,hexacene_a=7.3_b=5.9_theta=25.5_R3=2.2_R4=2.1_A2=-0.4_cx=1.4_cy=-0.9_cz=18.3.log
1.4,-0.8,18.1,-0.4,7.3,5.9,25.5,2.2,2.1,-5.016682034,-0.693982134,-1.457523752,-0.080139302,-0.374855649,-0.034563251,-0.364162878,-0.080553459,-0.17698292,-1.955584714,-1.300947457,1,Done,hexacene_a=7.3_b=5.9_theta=25.5_R3=2.2_R4=2.1_A2=-0.4_cx=1.4_cy=-0.8_cz=18.1.log
1.4,-0.8,18.2,-0.4,7.3,5.9,25.5,2.2,2.1,-5.113999422,-1.009594564,-1.489394985,-0.074792917,-0.351593853,-0.031105671,-0.350018803,-0.076167164,-0.168844116,-2.009199169,-1.206538578,1,Done,hexacene_a=7.3_b=5.9_theta=25.5_R3=2.2_R4=2.1_A2=-0.4_cx=1.4_cy=-0.8_cz=18.2.log
1.4,-0.8,18.3,-0.4,7.3,5.9,25.5,2.2,2.1,-5.074914962,-1.175207003,-1.469484093,-0.069766562,-0.329800431,-0.028043422,-0.336251233,-0.072019323,-0.161000241,-2.024215483,-1.113403543,1,Done,hexacene_a=7.3_b=5.9_theta=25.5_R3=2.2_R4=2.1_A2=-0.4_cx=1.4_cy=-0.8_cz=18.3.log
1.5,-0.8,18.1,-0.4,7.3,5.9,25.5,2.2,2.1,-5.037104346,-0.933854107,-1.570218273,-0.080779362,-0.361684214,-0.032981926,-0.35705319,-0.078363449,-0.169766555,-1.790857064,-1.329831742,2,Done,hexacene_a=7.3_b=5.9_theta=25.5_R3=2.2_R4=2.1_A2=-0.4_cx=1.5_cy=-0.8_cz=18.1.log
1.5,-0.8,18.2,-0.4,7.3,5.9,25.5,2.2,2.1,-5.133926002,-1.16655364,-1.556275001,-0.075451802,-0.339056203,-0.029668673,-0.343417398,-0.074171682,-0.162104658,-1.902886424,-1.239551879,2,Done,hexacene_a=7.3_b=5.9_theta=25.5_R3=2.2_R4=2.1_A2=-0.4_cx=1.5_cy=-0.8_cz=18.2.log
1.5,-0.8,18.3,-0.4,7.3,5.9,25.5,2.2,2.1,-5.095283936,-1.271623915,-1.502867625,-0.070444273,-0.317890291,-0.026706825,-0.330139286,-0.070193268,-0.15470004,-1.963102284,-1.147452236,2,Done,hexacene_a=7.3_b=5.9_theta=25.5_R3=2.2_R4=2.1_A2=-0.4_cx=1.5_cy=-0.8_cz=18.3.log
1.6,-0.8,18.1,-0.4,7.3,5.9,25.5,2.2,2.1,-4.911749811,-1.134795359,-1.646115607,-0.081287645,-0.348224124,-0.031513552,-0.349686223,-0.076217365,-0.16283257,-1.532925354,-1.343963267,2,Done,hexacene_a=7.3_b=5.9_theta=25.5_R3=2.2_R4=2.1_A2=-0.4_cx=1.6_cy=-0.8_cz=18.1.log
1.6,-0.8,18.2,-0.4,7.3,5.9,25.5,2.2,2.1,-5.038055024,-1.291911313,-1.594622137,-0.075997736,-0.3262801,-0.028319526,-0.336564988,-0.072195026,-0.155603655,-1.720174338,-1.263234106,2,Done,hexacene_a=7.3_b=5.9_theta=25.5_R3=2.2_R4=2.1_A2=-0.4_cx=1.6_cy=-0.8_cz=18.2.log
1.6,-0.8,18.3,-0.4,7.3,5.9,25.5,2.2,2.1,-5.023349327,-1.342865125,-1.514520485,-0.071034132,-0.305791898,-0.025470631,-0.323826536,-0.068392315,-0.148625743,-1.838805103,-1.175771762,2,Done,hexacene_a=7.3_b=5.9_theta=25.5_R3=2.2_R4=2.1_A2=-0.4_cx=1.6_cy=-0.8_cz=18.3.log
,,,,,,,,,,,,,,,,,,,,,,
,,,,,,,,,,,,,,,,,,,,,,
1.5,-0.9,18.2,-0.3,7.3,5.9,25.5,2.2,2.1,-5.144116764,-1.078865393,-1.576223544,-0.078212847,-0.303877993,-0.030785641,-0.32756022,-0.075025096,-0.157900341,-1.941961472,-1.271467037,1,Done,hexacene_a=7.3_b=5.9_theta=25.5_R3=2.2_R4=2.1_A2=-0.3_cx=1.5_cy=-0.9_cz=18.2.log
1.5,-0.8,18.2,-0.3,7.3,5.9,25.5,2.2,2.1,-5.119217167,-1.147282808,-1.54495472,-0.075828308,-0.332868954,-0.029499245,-0.347621715,-0.074159132,-0.162110933,-1.904819155,-1.239100071,2,Done,hexacene_a=7.3_b=5.9_theta=25.5_R3=2.2_R4=2.1_A2=-0.3_cx=1.5_cy=-0.8_cz=18.2.log
1.5,-1,18.2,-0.3,7.3,5.9,25.5,2.2,2.1,-5.114601831,-0.987054405,-1.598449948,-0.080666411,-0.277466097,-0.032128512,-0.308860422,-0.075859684,-0.153721125,-1.941227285,-1.30148084,1,Done,hexacene_a=7.3_b=5.9_theta=25.5_R3=2.2_R4=2.1_A2=-0.3_cx=1.5_cy=-1_cz=18.2.log
1.6,-1,18.2,-0.3,7.3,5.9,25.5,2.2,2.1,-5.111878438,-1.100865893,-1.608596785,-0.081231169,-0.266842352,-0.03073544,-0.303244208,-0.073814001,-0.147747229,-1.869251888,-1.325307395,1,Done,hexacene_a=7.3_b=5.9_theta=25.5_R3=2.2_R4=2.1_A2=-0.3_cx=1.6_cy=-1_cz=18.2.log
1.6,-0.9,18.2,-0.3,7.3,5.9,25.5,2.2,2.1,-5.103824347,-1.19726398,-1.602359335,-0.07878388,-0.292344359,-0.029405119,-0.321347871,-0.073010788,-0.151681717,-1.822973026,-1.295406544,1,Done,hexacene_a=7.3_b=5.9_theta=25.5_R3=2.2_R4=2.1_A2=-0.3_cx=1.6_cy=-0.9_cz=18.2.log
1.4,-0.8,18.2,-0.3,7.3,5.9,25.5,2.2,2.1,-5.096705246,-0.992507467,-1.472069434,-0.075156873,-0.345193251,-0.030955068,-0.354398823,-0.076160889,-0.168850391,-2.010498114,-1.206055395,1,Done,hexacene_a=7.3_b=5.9_theta=25.5_R3=2.2_R4=2.1_A2=-0.3_cx=1.4_cy=-0.8_cz=18.2.log
1.4,-0.9,18.2,-0.3,7.3,5.9,25.5,2.2,2.1,-5.090185417,-0.933803906,-1.523788808,-0.077541411,-0.315204548,-0.032254014,-0.333546665,-0.077058228,-0.164363694,-2.002641689,-1.23805213,1,Done,hexacene_a=7.3_b=5.9_theta=25.5_R3=2.2_R4=2.1_A2=-0.3_cx=1.4_cy=-0.9_cz=18.2.log
1.5,-0.8,18.3,-0.3,7.3,5.9,25.5,2.2,2.1,-5.085723821,-1.258603082,-1.49689373,-0.070783128,-0.31217995,-0.026581324,-0.334180451,-0.070174443,-0.154712591,-1.964156501,-1.147069455,2,Done,hexacene_a=7.3_b=5.9_theta=25.5_R3=2.2_R4=2.1_A2=-0.3_cx=1.5_cy=-0.8_cz=18.3.log
1.5,-0.9,18.3,-0.3,7.3,5.9,25.5,2.2,2.1,-5.080393124,-1.208044602,-1.510222042,-0.072966863,-0.285146819,-0.027660641,-0.315028845,-0.070983931,-0.150715352,-1.971115587,-1.178043348,1,Done,hexacene_a=7.3_b=5.9_theta=25.5_R3=2.2_R4=2.1_A2=-0.3_cx=1.5_cy=-0.9_cz=18.3.log
1.5,-0.9,18.1,-0.3,7.3,5.9,25.5,2.2,2.1,-5.077381075,-0.811100601,-1.607611594,-0.083822786,-0.323544156,-0.034249496,-0.34045555,-0.079279613,-0.165348885,-1.870293555,-1.362066931,1,Done,hexacene_a=7.3_b=5.9_theta=25.5_R3=2.2_R4=2.1_A2=-0.3_cx=1.5_cy=-0.9_cz=18.1.log
1.5,-1,18.1,-0.3,7.3,5.9,25.5,2.2,2.1,-5.073631703,-0.688121191,-1.652754663,-0.086514804,-0.295312481,-0.035749245,-0.320914889,-0.080170678,-0.16093749,-1.901612579,-1.391227321,1,Done,hexacene_a=7.3_b=5.9_theta=25.5_R3=2.2_R4=2.1_A2=-0.3_cx=1.5_cy=-1_cz=18.1.log
1.4,-0.8,18.3,-0.3,7.3,5.9,25.5,2.2,2.1,-5.063610369,-1.164131452,-1.458979575,-0.070105417,-0.323883011,-0.02790537,-0.340436725,-0.072006772,-0.161012791,-2.024855543,-1.113014487,1,Done,hexacene_a=7.3_b=5.9_theta=25.5_R3=2.2_R4=2.1_A2=-0.3_cx=1.4_cy=-0.8_cz=18.3.log
1.6,-1,18.1,-0.3,7.3,5.9,25.5,2.2,2.1,-5.060494782,-0.876185938,-1.689802854,-0.087048187,-0.284130253,-0.034236945,-0.314897068,-0.077936742,-0.154568263,-1.781701693,-1.40313746,1,Done,hexacene_a=7.3_b=5.9_theta=25.5_R3=2.2_R4=2.1_A2=-0.3_cx=1.6_cy=-1_cz=18.1.log
1.6,-1.1,18.2,-0.3,7.3,5.9,25.5,2.2,2.1,-5.060193577,-0.982555158,-1.606789556,-0.083722384,-0.243894312,-0.032134787,-0.286301438,-0.074579564,-0.143844117,-1.873876637,-1.350194442,1,Done,hexacene_a=7.3_b=5.9_theta=25.5_R3=2.2_R4=2.1_A2=-0.3_cx=1.6_cy=-1.1_cz=18.2.log
1.6,-0.9,18.3,-0.3,7.3,5.9,25.5,2.2,2.1,-5.054988382,-1.273713523,-1.513428618,-0.073550447,-0.27422187,-0.026399346,-0.309243203,-0.069157877,-0.144898334,-1.898619357,-1.20703431,1,Done,hexacene_a=7.3_b=5.9_theta=25.5_R3=2.2_R4=2.1_A2=-0.3_cx=1.6_cy=-0.9_cz=18.3.log
1.4,-1,18.2,-0.3,7.3,5.9,25.5,2.2,2.1,-5.041038835,-0.850953761,-1.565449197,-0.079969874,-0.287895313,-0.033628261,-0.314181707,-0.077936742,-0.159889548,-1.96910128,-1.268072208,1,Done,hexacene_a=7.3_b=5.9_theta=25.5_R3=2.2_R4=2.1_A2=-0.3_cx=1.4_cy=-1.0_cz=18.2.log
1.5,-1.1,18.2,-0.3,7.3,5.9,25.5,2.2,2.1,-5.037487127,-0.87129136,-1.610479315,-0.083145075,-0.253670917,-0.033546685,-0.291327793,-0.076656622,-0.149554458,-1.91201042,-1.327535056,1,Done,hexacene_a=7.3_b=5.9_theta=25.5_R3=2.2_R4=2.1_A2=-0.3_cx=1.5_cy=-1.1_cz=18.2.log
1.6,-1,18.3,-0.3,7.3,5.9,25.5,2.2,2.1,-5.036489386,-1.200796861,-1.50887917,-0.075778108,-0.250451791,-0.027560239,-0.291905102,-0.069898339,-0.141170925,-1.910893452,-1.236841035,1,Done,hexacene_a=7.3_b=5.9_theta=25.5_R3=2.2_R4=2.1_A2=-0.3_cx=1.6_cy=-1_cz=18.3.log
1.4,-0.9,18.3,-0.3,7.3,5.9,25.5,2.2,2.1,-5.032206631,-1.121592549,-1.487430879,-0.072264052,-0.29590234,-0.029016063,-0.320557208,-0.072847636,-0.156758273,-1.996008908,-1.143210268,1,Done,hexacene_a=7.3_b=5.9_theta=25.5_R3=2.2_R4=2.1_A2=-0.3_cx=1.4_cy=-0.9_cz=18.3.log
1.5,-1,18.3,-0.3,7.3,5.9,25.5,2.2,2.1,-5.0302739,-1.138397267,-1.516321439,-0.075181973,-0.260517052,-0.028834085,-0.29713226,-0.071768319,-0.146755764,-1.946159514,-1.207398266,1,Done,hexacene_a=7.3_b=5.9_theta=25.5_R3=2.2_R4=2.1_A2=-0.3_cx=1.5_cy=-1_cz=18.3.log
1.6,-1.1,18.1,-0.3,7.3,5.9,25.5,2.2,2.1,-5.026703368,-0.720143026,-1.702001648,-0.089790406,-0.259343608,-0.035761795,-0.297207561,-0.07874623,-0.150451798,-1.822408267,-1.422973051,1,Done,hexacene_a=7.3_b=5.9_theta=25.5_R3=2.2_R4=2.1_A2=-0.3_cx=1.6_cy=-1.1_cz=18.1.log
1.6,-0.8,18.2,-0.3,7.3,5.9,25.5,2.2,2.1,-5.026173122,-1.271523513,-1.588485089,-0.076374242,-0.320306204,-0.028143824,-0.340618703,-0.072182475,-0.15562248,-1.722841255,-1.262801124,2,Done,hexacene_a=7.3_b=5.9_theta=25.5_R3=2.2_R4=2.1_A2=-0.3_cx=1.6_cy=-0.8_cz=18.2.log
1.7,-1,18.2,-0.3,7.3,5.9,25.5,2.2,2.1,-5.019308163,-1.191660315,-1.599033532,-0.081670427,-0.256143307,-0.029436494,-0.297402089,-0.071793419,-0.141999238,-1.743015702,-1.334826722,1,Done,hexacene_a=7.3_b=5.9_theta=25.5_R3=2.2_R4=2.1_A2=-0.3_cx=1.7_cy=-1_cz=18.2.log
1.6,-0.9,18.1,-0.3,7.3,5.9,25.5,2.2,2.1,-5.018906556,-1.00433603,-1.666898739,-0.084356169,-0.311376737,-0.032749747,-0.333753744,-0.077077053,-0.158697279,-1.690894721,-1.37550192,1,Done,hexacene_a=7.3_b=5.9_theta=25.5_R3=2.2_R4=2.1_A2=-0.3_cx=1.6_cy=-0.9_cz=18.1.log
1.6,-0.8,18.3,-0.3,7.3,5.9,25.5,2.2,2.1,-5.015615267,-1.328796351,-1.512255174,-0.071372987,-0.300294911,-0.025345129,-0.327679447,-0.068379765,-0.148638294,-1.840329952,-1.175395256,2,Done,hexacene_a=7.3_b=5.9_theta=25.5_R3=2.2_R4=2.1_A2=-0.3_cx=1.6_cy=-0.8_cz=18.3.log
1.4,-0.9,18.1,-0.3,7.3,5.9,25.5,2.2,2.1,-5.015555653,-0.585793135,-1.514275756,-0.083176451,-0.335473121,-0.035855921,-0.346931454,-0.081519824,-0.172251495,-1.977585215,-1.3334462,1,Done,hexacene_a=7.3_b=5.9_theta=25.5_R3=2.2_R4=2.1_A2=-0.3_cx=1.4_cy=-0.9_cz=18.1.log
1.5,-0.8,18.1,-0.3,7.3,5.9,25.5,2.2,2.1,-5.015160322,-0.905390253,-1.551662802,-0.081206069,-0.354900831,-0.032781122,-0.36144576,-0.078357174,-0.169785381,-1.79402599,-1.329298359,2,Done,hexacene_a=7.3_b=5.9_theta=25.5_R3=2.2_R4=2.1_A2=-0.3_cx=1.5_cy=-0.8_cz=18.1.log
1.7,-1.1,18.2,-0.3,7.3,5.9,25.5,2.2,2.1,-5.010799127,-1.075470564,-1.587198694,-0.084167916,-0.234054955,-0.030823291,-0.281080554,-0.072521331,-0.13834713,-1.795130407,-1.358402272,1,Done,hexacene_a=7.3_b=5.9_theta=25.5_R3=2.2_R4=2.1_A2=-0.3_cx=1.7_cy=-1.1_cz=18.2.log
1.5,-1.1,18.1,-0.3,7.3,5.9,25.5,2.2,2.1,-5.009349579,-0.535015026,-1.685090254,-0.089300948,-0.269634772,-0.037292919,-0.302616698,-0.081024091,-0.15654492,-1.8982052,-1.41410006,1,Done,hexacene_a=7.3_b=5.9_theta=25.5_R3=2.2_R4=2.1_A2=-0.3_cx=1.5_cy=-1.1_cz=18.1.log
1.4,-0.8,18.1,-0.3,7.3,5.9,25.5,2.2,2.1,-4.991139239,-0.668172648,-1.43101773,-0.080566009,-0.367846362,-0.034368723,-0.368743701,-0.080547184,-0.177008021,-1.957837475,-1.300388973,1,Done,hexacene_a=7.3_b=5.9_theta=25.5_R3=2.2_R4=2.1_A2=-0.3_cx=1.4_cy=-0.8_cz=18.1.log
1.4,-1,18.1,-0.3,7.3,5.9,25.5,2.2,2.1,-4.98757812,-0.473255492,-1.585516967,-0.085887294,-0.306275081,-0.037380771,-0.326662881,-0.082448539,-0.167538895,-1.966490838,-1.363610605,1,Done,hexacene_a=7.3_b=5.9_theta=25.5_R3=2.2_R4=2.1_A2=-0.3_cx=1.4_cy=-1.0_cz=18.1.log
1.7,-1,18.3,-0.3,7.3,5.9,25.5,2.2,2.1,-4.974852217,-1.246893746,-1.488008188,-0.076280115,-0.24032378,-0.02638052,-0.28647714,-0.068059735,-0.135805714,-1.831318909,-1.257486114,1,Done,hexacene_a=7.3_b=5.9_theta=25.5_R3=2.2_R4=2.1_A2=-0.3_cx=1.7_cy=-1_cz=18.3.log
1.6,-1.1,18.3,-0.3,7.3,5.9,25.5,2.2,2.1,-4.970704375,-1.110573473,-1.498537806,-0.078055969,-0.229474132,-0.028790159,-0.275671418,-0.0706137,-0.137468616,-1.888541546,-1.263529036,1,Done,hexacene_a=7.3_b=5.9_theta=25.5_R3=2.2_R4=2.1_A2=-0.3_cx=1.6_cy=-1.1_cz=18.3.log
1.4,-1,18.3,-0.3,7.3,5.9,25.5,2.2,2.1,-4.965907061,-1.059080003,-1.507366871,-0.074479162,-0.270450535,-0.030214606,-0.302058214,-0.073663399,-0.15252258,-1.945795558,-1.172100829,1,Done,hexacene_a=7.3_b=5.9_theta=25.5_R3=2.2_R4=2.1_A2=-0.3_cx=1.4_cy=-1.0_cz=18.3.log
1.7,-0.9,18.2,-0.3,7.3,5.9,25.5,2.2,2.1,-4.951891626,-1.288227829,-1.604825449,-0.079223138,-0.280704048,-0.028131273,-0.314853142,-0.071027857,-0.145670171,-1.632034283,-1.305176874,1,Done,hexacene_a=7.3_b=5.9_theta=25.5_R3=2.2_R4=2.1_A2=-0.3_cx=1.7_cy=-0.9_cz=18.2.log
1.7,-1.1,18.1,-0.3,7.3,5.9,25.5,2.2,2.1,-4.947339041,-0.880471831,-1.69615953,-0.090179462,-0.248945767,-0.034349897,-0.291572522,-0.076506019,-0.144578304,-1.695670072,-1.409745141,1,Done,hexacene_a=7.3_b=5.9_theta=25.5_R3=2.2_R4=2.1_A2=-0.3_cx=1.7_cy=-1.1_cz=18.1.log
1.7,-1.1,18.3,-0.3,7.3,5.9,25.5,2.2,2.1,-4.945327871,-1.159029795,-1.471397998,-0.078545427,-0.220155608,-0.02759789,-0.270827041,-0.068737445,-0.132348134,-1.846272472,-1.28419294,1,Done,hexacene_a=7.3_b=5.9_theta=25.5_R3=2.2_R4=2.1_A2=-0.3_cx=1.7_cy=-1.1_cz=18.3.log
1.7,-0.9,18.3,-0.3,7.3,5.9,25.5,2.2,2.1,-4.943012359,-1.31934605,-1.500213258,-0.074052455,-0.263202795,-0.025244727,-0.303187732,-0.067344373,-0.139282119,-1.766685379,-1.22707698,1,Done,hexacene_a=7.3_b=5.9_theta=25.5_R3=2.2_R4=2.1_A2=-0.3_cx=1.7_cy=-0.9_cz=18.3.log
1.5,-1.1,18.3,-0.3,7.3,5.9,25.5,2.2,2.1,-4.942968434,-1.049755204,-1.514840515,-0.077441009,-0.23876128,-0.030089105,-0.280346368,-0.072521331,-0.142802451,-1.89788517,-1.234142742,1,Done,hexacene_a=7.3_b=5.9_theta=25.5_R3=2.2_R4=2.1_A2=-0.3_cx=1.5_cy=-1.1_cz=18.3.log
1.7,-1,18.1,-0.3,7.3,5.9,25.5,2.2,2.1,-4.929122425,-1.033948227,-1.699391206,-0.087443518,-0.272841348,-0.032825048,-0.308628243,-0.075734182,-0.14842494,-1.59418288,-1.393241628,1,Done,hexacene_a=7.3_b=5.9_theta=25.5_R3=2.2_R4=2.1_A2=-0.3_cx=1.7_cy=-1_cz=18.1.log
1.6,-0.8,18.1,-0.3,7.3,5.9,25.5,2.2,2.1,-4.893887739,-1.105271014,-1.634469022,-0.081714352,-0.341666645,-0.031312749,-0.353921915,-0.076198539,-0.162851395,-1.537186147,-1.34347381,2,Done,hexacene_a=7.3_b=5.9_theta=25.5_R3=2.2_R4=2.1_A2=-0.3_cx=1.6_cy=-0.8_cz=18.1.log
1.7,-0.9,18.1,-0.3,7.3,5.9,25.5,2.2,2.1,-4.81735662,-1.162336773,-1.694308375,-0.084757776,-0.299083816,-0.0313504,-0.326844859,-0.074924694,-0.152296677,-1.423117379,-1.36767687,1,Done,hexacene_a=7.3_b=5.9_theta=25.5_R3=2.2_R4=2.1_A2=-0.3_cx=1.7_cy=-0.9_cz=18.1.log
,,,,,,,,,,,,,,,,,,,,,,
,,,,,,,,,,,,,,,,,,,,,,
1.6,-1,18.2,-0.2,7.3,5.9,25.5,2.2,2.1,-5.093454744,-1.06269446,-1.605961242,-0.081620226,-0.262085827,-0.030534637,-0.306814739,-0.073801451,-0.147747229,-1.872113334,-1.324937164,2,Done,hexacene_a=7.3_b=5.9_theta=25.5_R3=2.2_R4=2.1_A2=-0.2_cx=1.6_cy=-1_cz=18.2.log
1.5,-1.1,18.1,-0.2,7.3,5.9,25.5,2.2,2.1,-4.975043607,-0.471561215,-1.675338748,-0.089759031,-0.264928447,-0.037060741,-0.306180954,-0.081011541,-0.15654492,-1.901179597,-1.413892982,2,Done,hexacene_a=7.3_b=5.9_theta=25.5_R3=2.2_R4=2.1_A2=-0.2_cx=1.5_cy=-1.1_cz=18.1.log
1.5,-1.1,18.2,-0.2,7.3,5.9,25.5,2.2,2.1,-5.013296617,-0.824454013,-1.606249897,-0.083546682,-0.249378749,-0.033339606,-0.294760272,-0.076644071,-0.149548183,-1.914049827,-1.327189925,2,Done,hexacene_a=7.3_b=5.9_theta=25.5_R3=2.2_R4=2.1_A2=-0.2_cx=1.5_cy=-1.1_cz=18.2.log
1.5,-1.1,18.3,-0.2,7.3,5.9,25.5,2.2,2.1,-4.926053902,-1.015129202,-1.514238106,-0.077792415,-0.234883268,-0.029900851,-0.283628245,-0.072502505,-0.142802451,-1.899209216,-1.233753686,2,Done,hexacene_a=7.3_b=5.9_theta=25.5_R3=2.2_R4=2.1_A2=-0.2_cx=1.5_cy=-1.1_cz=18.3.log
1.5,-1,18.1,-0.2,7.3,5.9,25.5,2.2,2.1,-5.042893126,-0.635880984,-1.639300849,-0.086966611,-0.290035122,-0.035535891,-0.324748975,-0.080164403,-0.160931215,-1.904762679,-1.390800614,2,Done,hexacene_a=7.3_b=5.9_theta=25.5_R3=2.2_R4=2.1_A2=-0.2_cx=1.5_cy=-1_cz=18.1.log
1.5,-1,18.2,-0.2,7.3,5.9,25.5,2.2,2.1,-5.093046863,-0.948857871,-1.591359085,-0.081049192,-0.272527593,-0.031946534,-0.312550181,-0.075853409,-0.153714849,-1.943316894,-1.301016483,2,Done,hexacene_a=7.3_b=5.9_theta=25.5_R3=2.2_R4=2.1_A2=-0.2_cx=1.5_cy=-1_cz=18.2.log
1.5,-1,18.3,-0.2,7.3,5.9,25.5,2.2,2.1,-5.015326612,-1.110322469,-1.513667072,-0.075520828,-0.255967604,-0.028670932,-0.300658866,-0.071755769,-0.146743214,-1.947464735,-1.206959009,2,Done,hexacene_a=7.3_b=5.9_theta=25.5_R3=2.2_R4=2.1_A2=-0.2_cx=1.5_cy=-1_cz=18.3.log
1.5,-0.9,18.1,-0.2,7.3,5.9,25.5,2.2,2.1,-5.050263231,-0.769597089,-1.590963754,-0.084255768,-0.317739688,-0.034042418,-0.344590841,-0.079273338,-0.165348885,-1.873506406,-1.361539823,2,Done,hexacene_a=7.3_b=5.9_theta=25.5_R3=2.2_R4=2.1_A2=-0.2_cx=1.5_cy=-0.9_cz=18.1.log
1.5,-0.9,18.2,-0.2,7.3,5.9,25.5,2.2,2.1,-5.125288326,-1.049077493,-1.566509689,-0.078595628,-0.298437481,-0.030603663,-0.331519808,-0.075018821,-0.157906616,-1.944032255,-1.270958754,2,Done,hexacene_a=7.3_b=5.9_theta=25.5_R3=2.2_R4=2.1_A2=-0.2_cx=1.5_cy=-0.9_cz=18.2.log
1.5,-0.9,18.3,-0.2,7.3,5.9,25.5,2.2,2.1,-5.067547994,-1.18660886,-1.505547092,-0.073299443,-0.280051438,-0.027522589,-0.318819006,-0.070971381,-0.150721627,-1.972332956,-1.177597816,2,Done,hexacene_a=7.3_b=5.9_theta=25.5_R3=2.2_R4=2.1_A2=-0.2_cx=1.5_cy=-0.9_cz=18.3.log
1.6,-1.1,18.1,-0.2,7.3,5.9,25.5,2.2,2.1,-4.997204123,-0.658063462,-1.697809881,-0.090254763,-0.25480671,-0.035535891,-0.300658866,-0.078739955,-0.150458073,-1.826424331,-1.423016977,2,Done,hexacene_a=7.3_b=5.9_theta=25.5_R3=2.2_R4=2.1_A2=-0.2_cx=1.6_cy=-1.1_cz=18.1.log
1.6,-1.1,18.2,-0.2,7.3,5.9,25.5,2.2,2.1,-5.039306907,-0.936646526,-1.606337749,-0.084130266,-0.239765296,-0.031921434,-0.28961469,-0.074567013,-0.143837842,-1.876669057,-1.350025014,2,Done,hexacene_a=7.3_b=5.9_theta=25.5_R3=2.2_R4=2.1_A2=-0.2_cx=1.6_cy=-1.1_cz=18.2.log
1.6,-1.1,18.3,-0.2,7.3,5.9,25.5,2.2,2.1,-4.956067705,-1.076675383,-1.50037641,-0.078407374,-0.225734172,-0.028608181,-0.278852894,-0.07060115,-0.137468616,-1.890417801,-1.263252931,2,Done,hexacene_a=7.3_b=5.9_theta=25.5_R3=2.2_R4=2.1_A2=-0.2_cx=1.6_cy=-1.1_cz=18.3.log
1.6,-1,18.1,-0.2,7.3,5.9,25.5,2.2,2.1,-5.034299376,-0.824272036,-1.682605314,-0.087487444,-0.279047422,-0.034011042,-0.318605652,-0.077924192,-0.154568263,-1.785924835,-1.402867631,2,Done,hexacene_a=7.3_b=5.9_theta=25.5_R3=2.2_R4=2.1_A2=-0.2_cx=1.6_cy=-1_cz=18.1.log
1.6,-1,18.3,-0.2,7.3,5.9,25.5,2.2,2.1,-5.023700733,-1.172747164,-1.509180375,-0.076135788,-0.246071771,-0.027397087,-0.295325031,-0.069885789,-0.14116465,-1.912757157,-1.236464529,2,Done,hexacene_a=7.3_b=5.9_theta=25.5_R3=2.2_R4=2.1_A2=-0.2_cx=1.6_cy=-1_cz=18.3.log
1.6,-0.9,18.1,-0.2,7.3,5.9,25.5,2.2,2.1,-4.996159319,-0.962399537,-1.656952705,-0.084782876,-0.305791898,-0.032530118,-0.337725882,-0.077070778,-0.158709829,-1.69522454,-1.375062663,2,Done,hexacene_a=7.3_b=5.9_theta=25.5_R3=2.2_R4=2.1_A2=-0.2_cx=1.6_cy=-0.9_cz=18.1.log
1.6,-0.9,18.2,-0.2,7.3,5.9,25.5,2.2,2.1,-5.087992269,-1.16686112,-1.597590259,-0.079166661,-0.287098375,-0.029216866,-0.325163132,-0.072998238,-0.151687992,-1.825803096,-1.294954736,2,Done,hexacene_a=7.3_b=5.9_theta=25.5_R3=2.2_R4=2.1_A2=-0.2_cx=1.6_cy=-0.9_cz=18.2.log
1.6,-0.9,18.3,-0.2,7.3,5.9,25.5,2.2,2.1,-5.044170108,-1.251750673,-1.512198698,-0.073895578,-0.269314742,-0.026255019,-0.312907861,-0.069132777,-0.144892059,-1.900357559,-1.206626429,2,Done,hexacene_a=7.3_b=5.9_theta=25.5_R3=2.2_R4=2.1_A2=-0.2_cx=1.6_cy=-0.9_cz=18.3.log
1.7,-1.1,18.1,-0.2,7.3,5.9,25.5,2.2,2.1,-4.923010478,-0.821485891,-1.69617208,-0.090631269,-0.244590848,-0.034105168,-0.29491715,-0.076506019,-0.144578304,-1.700890956,-1.410083996,2,Done,hexacene_a=7.3_b=5.9_theta=25.5_R3=2.2_R4=2.1_A2=-0.2_cx=1.7_cy=-1.1_cz=18.1.log
1.7,-1.1,18.2,-0.2,7.3,5.9,25.5,2.2,2.1,-4.993542602,-1.031896269,-1.58949538,-0.084582073,-0.230082817,-0.030603663,-0.284268305,-0.07250878,-0.13834713,-1.79877624,-1.358446198,2,Done,hexacene_a=7.3_b=5.9_theta=25.5_R3=2.2_R4=2.1_A2=-0.2_cx=1.7_cy=-1.1_cz=18.2.log
1.7,-1.1,18.3,-0.2,7.3,5.9,25.5,2.2,2.1,-4.933270267,-1.12700796,-1.474962255,-0.078903107,-0.216585076,-0.027415912,-0.273895565,-0.06873117,-0.132341859,-1.848769962,-1.284042337,2,Done,hexacene_a=7.3_b=5.9_theta=25.5_R3=2.2_R4=2.1_A2=-0.2_cx=1.7_cy=-1.1_cz=18.3.log
1.7,-1,18.1,-0.2,7.3,5.9,25.5,2.2,2.1,-4.907859249,-0.98393568,-1.697150996,-0.087882776,-0.26793422,-0.032592869,-0.312198775,-0.075727907,-0.148431215,-1.599679868,-1.393172602,2,Done,hexacene_a=7.3_b=5.9_theta=25.5_R3=2.2_R4=2.1_A2=-0.2_cx=1.7_cy=-1_cz=18.1.log
1.7,-1,18.2,-0.2,7.3,5.9,25.5,2.2,2.1,-5.00427616,-1.154863129,-1.599742619,-0.082078308,-0.251568759,-0.029235691,-0.300840844,-0.071780869,-0.141999238,-1.746743111,-1.334588268,2,Done,hexacene_a=7.3_b=5.9_theta=25.5_R3=2.2_R4=2.1_A2=-0.2_cx=1.7_cy=-1_cz=18.2.log
1.7,-1,18.3,-0.2,7.3,5.9,25.5,2.2,2.1,-4.96441045,-1.219998667,-1.490455477,-0.076637796,-0.236113188,-0.026211093,-0.289771568,-0.068040909,-0.135799439,-1.833785023,-1.257191185,2,Done,hexacene_a=7.3_b=5.9_theta=25.5_R3=2.2_R4=2.1_A2=-0.2_cx=1.7_cy=-1_cz=18.3.log
1.7,-0.9,18.1,-0.2,7.3,5.9,25.5,2.2,2.1,-4.799278056,-1.121354095,-1.68988443,-0.085190758,-0.293706055,-0.031130771,-0.330666395,-0.074912144,-0.152302952,-1.428758694,-1.367338015,2,Done,hexacene_a=7.3_b=5.9_theta=25.5_R3=2.2_R4=2.1_A2=-0.2_cx=1.7_cy=-0.9_cz=18.1.log
1.7,-0.9,18.2,-0.2,7.3,5.9,25.5,2.2,2.1,-4.939335151,-1.25845248,-1.603934385,-0.079618469,-0.275671418,-0.027949295,-0.318549176,-0.071021582,-0.145676446,-1.635755417,-1.304794093,2,Done,hexacene_a=7.3_b=5.9_theta=25.5_R3=2.2_R4=2.1_A2=-0.2_cx=1.7_cy=-0.9_cz=18.2.log
1.7,-0.9,18.3,-0.2,7.3,5.9,25.5,2.2,2.1,-4.934415472,-1.297929134,-1.501505928,-0.074403861,-0.258483919,-0.0251004,-0.306739438,-0.067325548,-0.13928212,-1.769019716,-1.226706749,2,Done,hexacene_a=7.3_b=5.9_theta=25.5_R3=2.2_R4=2.1_A2=-0.2_cx=1.7_cy=-0.9_cz=18.3.log
1.4,-1,18.1,-0.2,7.3,5.9,25.5,2.2,2.1,-4.952732489,-0.42231423,-1.564721285,-0.086339101,-0.300809469,-0.037161142,-0.330628744,-0.082435989,-0.16753262,-1.968705948,-1.363070947,2,Done,hexacene_a=7.3_b=5.9_theta=25.5_R3=2.2_R4=2.1_A2=-0.2_cx=1.4_cy=-1.0_cz=18.1.log
1.4,-1,18.2,-0.2,7.3,5.9,25.5,2.2,2.1,-5.01666007,-0.814131474,-1.552855071,-0.080358931,-0.282793656,-0.033440008,-0.317996968,-0.077917917,-0.159889548,-1.970525727,-1.267538824,2,Done,hexacene_a=7.3_b=5.9_theta=25.5_R3=2.2_R4=2.1_A2=-0.2_cx=1.4_cy=-1.0_cz=18.2.log
1.4,-1,18.3,-0.2,7.3,5.9,25.5,2.2,2.1,-4.949045868,-1.032178649,-1.500834492,-0.074805467,-0.26573166,-0.030057729,-0.305704047,-0.073650849,-0.152516306,-1.946611321,-1.171611371,2,Done,hexacene_a=7.3_b=5.9_theta=25.5_R3=2.2_R4=2.1_A2=-0.2_cx=1.4_cy=-1.0_cz=18.3.log
1.4,-0.9,18.1,-0.2,7.3,5.9,25.5,2.2,2.1,-4.984540971,-0.546303931,-1.489878168,-0.083615707,-0.32946785,-0.035648843,-0.351223622,-0.081500999,-0.172251495,-1.979869351,-1.332850065,2,Done,hexacene_a=7.3_b=5.9_theta=25.5_R3=2.2_R4=2.1_A2=-0.2_cx=1.4_cy=-0.9_cz=18.1.log
1.4,-0.9,18.2,-0.2,7.3,5.9,25.5,2.2,2.1,-5.068642999,-0.905892261,-1.508220285,-0.077917917,-0.309582059,-0.032084586,-0.337663131,-0.077045678,-0.164357419,-2.004047311,-1.237512471,2,Done,hexacene_a=7.3_b=5.9_theta=25.5_R3=2.2_R4=2.1_A2=-0.2_cx=1.4_cy=-0.9_cz=18.2.log
1.4,-0.9,18.3,-0.2,7.3,5.9,25.5,2.2,2.1,-5.017494659,-1.101775783,-1.47843866,-0.072596632,-0.290631257,-0.028884285,-0.324485421,-0.072828811,-0.156751998,-1.996768196,-1.142739636,2,Done,hexacene_a=7.3_b=5.9_theta=25.5_R3=2.2_R4=2.1_A2=-0.2_cx=1.4_cy=-0.9_cz=18.3.log
1.4,-0.8,18.1,-0.2,7.3,5.9,25.5,2.2,2.1,-4.96375784,-0.639156586,-1.403896747,-0.08097389,-0.361037879,-0.034161644,-0.373412376,-0.080534633,-0.177014296,-1.960083961,-1.299805389,2,Done,hexacene_a=7.3_b=5.9_theta=25.5_R3=2.2_R4=2.1_A2=-0.2_cx=1.4_cy=-0.8_cz=18.1.log
1.4,-0.8,18.2,-0.2,7.3,5.9,25.5,2.2,2.1,-5.077961522,-0.972860128,-1.454197949,-0.075527104,-0.338949526,-0.030798191,-0.358879244,-0.076142063,-0.168862941,-2.01180961,-1.205540837,2,Done,hexacene_a=7.3_b=5.9_theta=25.5_R3=2.2_R4=2.1_A2=-0.2_cx=1.4_cy=-0.8_cz=18.2.log
1.4,-0.8,18.3,-0.2,7.3,5.9,25.5,2.2,2.1,-5.051028793,-1.150991392,-1.44799815,-0.070431722,-0.318084819,-0.027786143,-0.344697518,-0.071981672,-0.161006516,-2.025476778,-1.112568955,2,Done,hexacene_a=7.3_b=5.9_theta=25.5_R3=2.2_R4=2.1_A2=-0.2_cx=1.4_cy=-0.8_cz=18.3.log
1.5,-0.8,18.1,-0.2,7.3,5.9,25.5,2.2,2.1,-4.991512607,-0.873839051,-1.532542573,-0.081626501,-0.348318251,-0.032592869,-0.365913631,-0.078344623,-0.169797931,-1.797213741,-1.328739875,2,Done,hexacene_a=7.3_b=5.9_theta=25.5_R3=2.2_R4=2.1_A2=-0.2_cx=1.5_cy=-0.8_cz=18.1.log
1.5,-0.8,18.2,-0.2,7.3,5.9,25.5,2.2,2.1,-5.103058785,-1.125501936,-1.533101056,-0.076192264,-0.326832308,-0.029348643,-0.351913883,-0.074140307,-0.162117208,-1.906758161,-1.238598063,2,Done,hexacene_a=7.3_b=5.9_theta=25.5_R3=2.2_R4=2.1_A2=-0.2_cx=1.5_cy=-0.8_cz=18.2.log
1.5,-0.8,18.3,-0.2,7.3,5.9,25.5,2.2,2.1,-5.074949475,-1.243561667,-1.490455477,-0.071109433,-0.306588836,-0.026455821,-0.338284366,-0.070155618,-0.154718866,-1.965198167,-1.146649023,2,Done,hexacene_a=7.3_b=5.9_theta=25.5_R3=2.2_R4=2.1_A2=-0.2_cx=1.5_cy=-0.8_cz=18.3.log
1.6,-0.8,18.1,-0.2,7.3,5.9,25.5,2.2,2.1,-4.874431791,-1.072765996,-1.622257677,-0.082141059,-0.335316244,-0.031105671,-0.358226634,-0.076185989,-0.16287022,-1.54150969,-1.342959251,2,Done,hexacene_a=7.3_b=5.9_theta=25.5_R3=2.2_R4=2.1_A2=-0.2_cx=1.6_cy=-0.8_cz=18.1.log
1.6,-0.8,18.2,-0.2,7.3,5.9,25.5,2.2,2.1,-5.012929523,-1.2487198,-1.581852308,-0.076757023,-0.314495462,-0.027993221,-0.344741444,-0.072169925,-0.155628755,-1.725533273,-1.262317941,2,Done,hexacene_a=7.3_b=5.9_theta=25.5_R3=2.2_R4=2.1_A2=-0.2_cx=1.6_cy=-0.8_cz=18.2.log
1.6,-0.8,18.3,-0.2,7.3,5.9,25.5,2.2,2.1,-5.006798751,-1.312826221,-1.509588257,-0.071711843,-0.29491715,-0.025213352,-0.33162021,-0.068367214,-0.148638294,-1.841861077,-1.17499365,2,Done,hexacene_a=7.3_b=5.9_theta=25.5_R3=2.2_R4=2.1_A2=-0.2_cx=1.6_cy=-0.8_cz=18.3.log
1.6,-1,18.2,-0.1,7.3,5.9,25.5,2.2,2.1,-5.073443451,-1.021824734,-1.602717016,-0.082015557,-0.257454803,-0.030346384,-0.310435472,-0.073782626,-0.14774723,-1.874968505,-1.324548108,2,Done,hexacene_a=7.3_b=5.9_theta=25.5_R3=2.2_R4=2.1_A2=-0.1_cx=1.6_cy=-1_cz=18.2.log
1.5,-1.1,18.1,-0.1,7.3,5.9,25.5,2.2,2.1,-4.938287209,-0.404154091,-1.66450165,-0.090217113,-0.260360174,-0.036847387,-0.309814237,-0.081005266,-0.156538645,-1.90414772,-1.413648253,2,Done,hexacene_a=7.3_b=5.9_theta=25.5_R3=2.2_R4=2.1_A2=-0.1_cx=1.5_cy=-1.1_cz=18.1.log
1.5,-1.1,18.2,-0.1,7.3,5.9,25.5,2.2,2.1,-4.987204751,-0.774585794,-1.601185892,-0.083935738,-0.245237183,-0.033132528,-0.298242953,-0.076631521,-0.149541908,-1.916064134,-1.326807144,2,Done,hexacene_a=7.3_b=5.9_theta=25.5_R3=2.2_R4=2.1_A2=-0.1_cx=1.5_cy=-1.1_cz=18.2.log
1.5,-1.1,18.3,-0.1,7.3,5.9,25.5,2.2,2.1,-4.907727472,-0.978256715,-1.513052112,-0.07813127,-0.231118208,-0.029737699,-0.286966598,-0.07248368,-0.142789901,-1.900495611,-1.233326979,2,Done,hexacene_a=7.3_b=5.9_theta=25.5_R3=2.2_R4=2.1_A2=-0.1_cx=1.5_cy=-1.1_cz=18.3.log
1.5,-1,18.1,-0.1,7.3,5.9,25.5,2.2,2.1,-5.009782561,-0.57980669,-1.624899494,-0.087412143,-0.284851889,-0.035322538,-0.328633262,-0.080145577,-0.16093749,-1.907900229,-1.390336256,2,Done,hexacene_a=7.3_b=5.9_theta=25.5_R3=2.2_R4=2.1_A2=-0.1_cx=1.5_cy=-1_cz=18.1.log
1.5,-1,18.2,-0.1,7.3,5.9,25.5,2.2,2.1,-5.069637602,-0.90768694,-1.583477559,-0.081431973,-0.267714591,-0.031758281,-0.31629014,-0.075828308,-0.153708574,-1.945400227,-1.30052075,2,Done,hexacene_a=7.3_b=5.9_theta=25.5_R3=2.2_R4=2.1_A2=-0.1_cx=1.5_cy=-1_cz=18.2.log
1.5,-1,18.3,-0.1,7.3,5.9,25.5,2.2,2.1,-4.999011352,-1.079963535,-1.51041657,-0.075872234,-0.251562484,-0.028514054,-0.304254498,-0.071736943,-0.146743214,-1.948757406,-1.206482101,2,Done,hexacene_a=7.3_b=5.9_theta=25.5_R3=2.2_R4=2.1_A2=-0.1_cx=1.5_cy=-1_cz=18.3.log
1.5,-0.9,18.1,-0.1,7.3,5.9,25.5,2.2,2.1,-5.021071466,-0.724548146,-1.573575452,-0.08468875,-0.312048173,-0.033829064,-0.348807709,-0.079260788,-0.165361435,-1.876731808,-1.360968788,2,Done,hexacene_a=7.3_b=5.9_theta=25.5_R3=2.2_R4=2.1_A2=-0.1_cx=1.5_cy=-0.9_cz=18.1.log
1.5,-0.9,18.2,-0.1,7.3,5.9,25.5,2.2,2.1,-5.104775024,-1.016497174,-1.556149499,-0.078978409,-0.293103646,-0.03042796,-0.335548422,-0.07499372,-0.157912891,-1.946084213,-1.270431646,2,Done,hexacene_a=7.3_b=5.9_theta=25.5_R3=2.2_R4=2.1_A2=-0.1_cx=1.5_cy=-0.9_cz=18.2.log
1.5,-0.9,18.3,-0.1,7.3,5.9,25.5,2.2,2.1,-5.05332548,-1.162920357,-1.50035131,-0.073632024,-0.275062733,-0.027384536,-0.322659367,-0.070952556,-0.150721627,-1.973537775,-1.177108358,2,Done,hexacene_a=7.3_b=5.9_theta=25.5_R3=2.2_R4=2.1_A2=-0.1_cx=1.5_cy=-0.9_cz=18.3.log
1.6,-1.1,18.1,-0.1,7.3,5.9,25.5,2.2,2.1,-4.965518006,-0.592432191,-1.692739601,-0.090712846,-0.250407866,-0.035303713,-0.304166647,-0.07873368,-0.150451798,-1.83042157,-1.423029527,2,Done,hexacene_a=7.3_b=5.9_theta=25.5_R3=2.2_R4=2.1_A2=-0.1_cx=1.6_cy=-1.1_cz=18.1.log
1.6,-1.1,18.2,-0.1,7.3,5.9,25.5,2.2,2.1,-5.016813811,-0.888039602,-1.605264707,-0.084525597,-0.235774332,-0.031714356,-0.292990694,-0.074554463,-0.143831567,-1.879455201,-1.349817936,2,Done,hexacene_a=7.3_b=5.9_theta=25.5_R3=2.2_R4=2.1_A2=-0.1_cx=1.6_cy=-1.1_cz=18.2.log
1.6,-1.1,18.3,-0.1,7.3,5.9,25.5,2.2,2.1,-4.940229353,-1.040794361,-1.501763207,-0.07875878,-0.22212599,-0.028419928,-0.282090845,-0.0705886,-0.13744979,-1.892281505,-1.262932901,2,Done,hexacene_a=7.3_b=5.9_theta=25.5_R3=2.2_R4=2.1_A2=-0.1_cx=1.6_cy=-1.1_cz=18.3.log
1.6,-1,18.1,-0.1,7.3,5.9,25.5,2.2,2.1,-5.006023776,-0.768856627,-1.674598286,-0.087932976,-0.274046167,-0.033791414,-0.322370712,-0.077924192,-0.154574538,-1.790154253,-1.402572701,2,Done,hexacene_a=7.3_b=5.9_theta=25.5_R3=2.2_R4=2.1_A2=-0.1_cx=1.6_cy=-1_cz=18.1.log
1.6,-1,18.3,-0.1,7.3,5.9,25.5,2.2,2.1,-5.009682159,-1.142620409,-1.509029773,-0.076487194,-0.241823529,-0.027233934,-0.298801437,-0.069866963,-0.14116465,-1.914595761,-1.236056648,2,Done,hexacene_a=7.3_b=5.9_theta=25.5_R3=2.2_R4=2.1_A2=-0.1_cx=1.6_cy=-1_cz=18.3.log
1.6,-0.9,18.1,-0.1,7.3,5.9,25.5,2.2,2.1,-4.97145425,-0.917130965,-1.646316411,-0.085215858,-0.300301185,-0.03232304,-0.341754496,-0.077064503,-0.158716104,-1.699560634,-1.374592031,2,Done,hexacene_a=7.3_b=5.9_theta=25.5_R3=2.2_R4=2.1_A2=-0.1_cx=1.6_cy=-0.9_cz=18.1.log
1.6,-0.9,18.2,-0.1,7.3,5.9,25.5,2.2,2.1,-5.070632206,-1.133835269,-1.59227525,-0.079549443,-0.281959068,-0.029047438,-0.329028593,-0.072991963,-0.151681717,-1.828633166,-1.294477829,2,Done,hexacene_a=7.3_b=5.9_theta=25.5_R3=2.2_R4=2.1_A2=-0.1_cx=1.6_cy=-0.9_cz=18.2.log
1.6,-0.9,18.3,-0.1,7.3,5.9,25.5,2.2,2.1,-5.032178393,-1.22771704,-1.510529522,-0.074234433,-0.26450174,-0.026123241,-0.316622721,-0.069126502,-0.144904609,-1.902102037,-1.206180897,2,Done,hexacene_a=7.3_b=5.9_theta=25.5_R3=2.2_R4=2.1_A2=-0.1_cx=1.6_cy=-0.9_cz=18.3.log
1.7,-1.1,18.1,-0.1,7.3,5.9,25.5,2.2,2.1,-4.896849587,-0.759368676,-1.69553202,-0.091095627,-0.240367705,-0.033879265,-0.298293154,-0.076499744,-0.144578304,-1.706105564,-1.410397751,2,Done,hexacene_a=7.3_b=5.9_theta=25.5_R3=2.2_R4=2.1_A2=-0.1_cx=1.7_cy=-1.1_cz=18.1.log
1.7,-1.1,18.2,-0.1,7.3,5.9,25.5,2.2,2.1,-4.974962031,-0.985981363,-1.591327709,-0.084983679,-0.226255006,-0.030396584,-0.287518807,-0.072508781,-0.13834713,-1.802428348,-1.358446198,2,Done,hexacene_a=7.3_b=5.9_theta=25.5_R3=2.2_R4=2.1_A2=-0.1_cx=1.7_cy=-1.1_cz=18.2.log
1.7,-1.1,18.3,-0.1,7.3,5.9,25.5,2.2,2.1,-4.920202371,-1.093254197,-1.478200207,-0.079267063,-0.213114946,-0.027221384,-0.277020564,-0.068712345,-0.132335584,-1.851261177,-1.283854084,2,Done,hexacene_a=7.3_b=5.9_theta=25.5_R3=2.2_R4=2.1_A2=-0.1_cx=1.7_cy=-1.1_cz=18.3.log
1.7,-1,18.1,-0.1,7.3,5.9,25.5,2.2,2.1,-4.884779432,-0.930785583,-1.694277,-0.088334583,-0.263121218,-0.032379516,-0.315832058,-0.075715357,-0.14842494,-1.605189405,-1.39308475,2,Done,hexacene_a=7.3_b=5.9_theta=25.5_R3=2.2_R4=2.1_A2=-0.1_cx=1.7_cy=-1_cz=18.1.log
1.7,-1,18.2,-0.1,7.3,5.9,25.5,2.2,2.1,-4.987876187,-1.115656304,-1.599968522,-0.082473639,-0.247107163,-0.029041163,-0.3043298,-0.071774594,-0.141992963,-1.750489346,-1.334330989,2,Done,hexacene_a=7.3_b=5.9_theta=25.5_R3=2.2_R4=2.1_A2=-0.1_cx=1.7_cy=-1_cz=18.2.log
1.7,-1,18.3,-0.1,7.3,5.9,25.5,2.2,2.1,-4.952917604,-1.191252434,-1.49255136,-0.076989202,-0.232034373,-0.026041665,-0.293116196,-0.068028359,-0.135793164,-1.836244862,-1.256858604,2,Done,hexacene_a=7.3_b=5.9_theta=25.5_R3=2.2_R4=2.1_A2=-0.1_cx=1.7_cy=-1_cz=18.3.log
1.7,-0.9,18.1,-0.1,7.3,5.9,25.5,2.2,2.1,-4.779520904,-1.077315443,-1.6848769,-0.085623739,-0.288434972,-0.030923693,-0.334550681,-0.074899593,-0.152315502,-1.434450209,-1.366992885,2,Done,hexacene_a=7.3_b=5.9_theta=25.5_R3=2.2_R4=2.1_A2=-0.1_cx=1.7_cy=-0.9_cz=18.1.log
1.7,-0.9,18.2,-0.1,7.3,5.9,25.5,2.2,2.1,-4.925388741,-1.226273767,-1.602585239,-0.080020075,-0.270714089,-0.027761043,-0.322289136,-0.071009032,-0.145682722,-1.639489102,-1.304386212,2,Done,hexacene_a=7.3_b=5.9_theta=25.5_R3=2.2_R4=2.1_A2=-0.1_cx=1.7_cy=-0.9_cz=18.2.log
1.7,-0.9,18.3,-0.1,7.3,5.9,25.5,2.2,2.1,-4.924761232,-1.274610862,-1.502466018,-0.074748991,-0.253852895,-0.024949798,-0.31033507,-0.067319273,-0.139288395,-1.771360329,-1.226311418,2,Done,hexacene_a=7.3_b=5.9_theta=25.5_R3=2.2_R4=2.1_A2=-0.1_cx=1.7_cy=-0.9_cz=18.3.log
1.4,-1,18.1,-0.1,7.3,5.9,25.5,2.2,2.1,-4.915361131,-0.367300428,-1.542865112,-0.086778358,-0.295463084,-0.036960339,-0.334663633,-0.082410888,-0.167526345,-1.970914784,-1.362493638,2,Done,hexacene_a=7.3_b=5.9_theta=25.5_R3=2.2_R4=2.1_A2=-0.1_cx=1.4_cy=-1.0_cz=18.1.log
1.4,-1,18.2,-0.1,7.3,5.9,25.5,2.2,2.1,-4.990251312,-0.774127712,-1.539376157,-0.080729161,-0.277811227,-0.033251755,-0.321856154,-0.077899091,-0.159883273,-1.9719188,-1.266974066,2,Done,hexacene_a=7.3_b=5.9_theta=25.5_R3=2.2_R4=2.1_A2=-0.1_cx=1.4_cy=-1.0_cz=18.2.log
1.4,-1,18.3,-0.1,7.3,5.9,25.5,2.2,2.1,-4.930637862,-1.002823731,-1.493580477,-0.075144322,-0.261169662,-0.029888301,-0.309400081,-0.073632023,-0.15251003,-1.947408259,-1.171084262,2,Done,hexacene_a=7.3_b=5.9_theta=25.5_R3=2.2_R4=2.1_A2=-0.1_cx=1.4_cy=-1.0_cz=18.3.log
1.4,-0.9,18.1,-0.1,7.3,5.9,25.5,2.2,2.1,-4.951304904,-0.503062217,-1.464689916,-0.084036139,-0.323575532,-0.035441765,-0.355597367,-0.081482174,-0.172251495,-1.982140937,-1.33222883,2,Done,hexacene_a=7.3_b=5.9_theta=25.5_R3=2.2_R4=2.1_A2=-0.1_cx=1.4_cy=-0.9_cz=18.1.log
1.4,-0.9,18.2,-0.1,7.3,5.9,25.5,2.2,2.1,-5.04530904,-0.87505642,-1.491948951,-0.078294423,-0.30404742,-0.031908883,-0.341842348,-0.077026853,-0.164357419,-2.005434109,-1.236941437,2,Done,hexacene_a=7.3_b=5.9_theta=25.5_R3=2.2_R4=2.1_A2=-0.1_cx=1.4_cy=-0.9_cz=18.2.log
1.4,-0.9,18.3,-0.1,7.3,5.9,25.5,2.2,2.1,-5.001311176,-1.07959958,-1.468850308,-0.072935487,-0.285454299,-0.028739958,-0.328476385,-0.072809985,-0.156751998,-1.997496107,-1.142225077,2,Done,hexacene_a=7.3_b=5.9_theta=25.5_R3=2.2_R4=2.1_A2=-0.1_cx=1.4_cy=-0.9_cz=18.3.log
1.4,-0.8,18.1,-0.1,7.3,5.9,25.5,2.2,2.1,-4.9345598,-0.606795895,-1.376280032,-0.081388047,-0.354449024,-0.033973391,-0.378143801,-0.080515808,-0.177020571,-1.962330447,-1.299177879,2,Done,hexacene_a=7.3_b=5.9_theta=25.5_R3=2.2_R4=2.1_A2=-0.1_cx=1.4_cy=-0.8_cz=18.1.log
1.4,-0.8,18.2,-0.1,7.3,5.9,25.5,2.2,2.1,-5.057711775,-0.950545873,-1.435868382,-0.075897334,-0.33286268,-0.030635038,-0.363422416,-0.076123238,-0.168862941,-2.013108556,-1.205001178,2,Done,hexacene_a=7.3_b=5.9_theta=25.5_R3=2.2_R4=2.1_A2=-0.1_cx=1.4_cy=-0.8_cz=18.2.log
1.4,-0.8,18.3,-0.1,7.3,5.9,25.5,2.2,2.1,-5.037229848,-1.135711524,-1.436558643,-0.070758027,-0.312405854,-0.027666916,-0.349064988,-0.071962847,-0.161012791,-2.026072913,-1.112098322,2,Done,hexacene_a=7.3_b=5.9_theta=25.5_R3=2.2_R4=2.1_A2=-0.1_cx=1.4_cy=-0.8_cz=18.3.log
1.5,-0.8,18.1,-0.1,7.3,5.9,25.5,2.2,2.1,-4.96611414,-0.839068721,-1.512920335,-0.082046933,-0.341936474,-0.032392066,-0.370463079,-0.078325798,-0.169810481,-1.800420317,-1.32814374,2,Done,hexacene_a=7.3_b=5.9_theta=25.5_R3=2.2_R4=2.1_A2=-0.1_cx=1.5_cy=-0.8_cz=18.1.log
1.5,-0.8,18.2,-0.1,7.3,5.9,25.5,2.2,2.1,-5.085463404,-1.101123173,-1.520795586,-0.07656877,-0.320958815,-0.02918549,-0.356268802,-0.074121481,-0.162123484,-1.908703442,-1.23806468,2,Done,hexacene_a=7.3_b=5.9_theta=25.5_R3=2.2_R4=2.1_A2=-0.1_cx=1.5_cy=-0.8_cz=18.2.log
1.5,-0.8,18.3,-0.1,7.3,5.9,25.5,2.2,2.1,-5.062979721,-1.226443195,-1.483596793,-0.071448288,-0.301110673,-0.026336595,-0.342451032,-0.070136793,-0.154718866,-1.966239834,-1.146190941,2,Done,hexacene_a=7.3_b=5.9_theta=25.5_R3=2.2_R4=2.1_A2=-0.1_cx=1.5_cy=-0.8_cz=18.3.log
1.6,-0.8,18.1,-0.1,7.3,5.9,25.5,2.2,2.1,-4.853309805,-1.037173629,-1.6095506,-0.082567766,-0.329160371,-0.030917417,-0.362581553,-0.076173439,-0.162882771,-1.54586461,-1.342413318,2,Done,hexacene_a=7.3_b=5.9_theta=25.5_R3=2.2_R4=2.1_A2=-0.1_cx=1.6_cy=-0.8_cz=18.1.log
1.6,-0.8,18.2,-0.1,7.3,5.9,25.5,2.2,2.1,-4.998330503,-1.223412321,-1.574773995,-0.077146079,-0.308829047,-0.027830069,-0.348926936,-0.072157375,-0.155641305,-1.728256667,-1.261815933,2,Done,hexacene_a=7.3_b=5.9_theta=25.5_R3=2.2_R4=2.1_A2=-0.1_cx=1.6_cy=-0.8_cz=18.2.log
1.6,-0.8,18.3,-0.1,7.3,5.9,25.5,2.2,2.1,-4.996877818,-1.294891985,-1.506538558,-0.072044423,-0.289633516,-0.0251004,-0.335629998,-0.068342114,-0.148650844,-1.843411027,-1.174554393,2,Done,hexacene_a=7.3_b=5.9_theta=25.5_R3=2.2_R4=2.1_A2=-0.1_cx=1.6_cy=-0.8_cz=18.3.log
