cx,cy,cz,A2,a,b,theta,R3,R4,E,E_i01,E_i02,E_ip1,E_ip2,E_ip3,E_ip4,E_it1,E_it2,E_it3,E_it4,machine_type,status,file_name
1.6,-1.0,18.2,-0.1,7.3,5.9,25.5,2.2,2.1,-5.073443450732157,-1.0218247338198123,-1.6027170158922672,-0.0820155572146177,-0.2574548029806465,-0.0303463835734874,-0.3104354720562696,-0.0737826258409768,-0.1477472295518964,-1.874968504649587,-1.324548107921146,2,Done,hexacene_a=7.3_b=5.9_theta=25.5_R3=2.2_R4=2.1_A2=-0.1_cx=1.6_cy=-1_cz=18.2.log
1.6,-1.0,18.2,-0.2,7.3,5.9,25.5,2.2,2.1,-5.093454744317569,-1.0626944601535795,-1.6059612424578518,-0.0816202256828546,-0.2620858266018331,-0.0305346366949379,-0.306814739247784,-0.0738014511298388,-0.1477472294354811,-1.872113334131427,-1.3249371642014012,2,Done,hexacene_a=7.3_b=5.9_theta=25.5_R3=2.2_R4=2.1_A2=-0.2_cx=1.6_cy=-1_cz=18.2.log
1.6,-1.0,18.2,-0.3,7.3,5.9,25.5,2.2,2.1,-5.111878437572159,-1.10086589329876,-1.6085967845283449,-0.0812311694025993,-0.2668423522263765,-0.0307354398537427,-0.3032442075200379,-0.0738140012836083,-0.1477472294354811,-1.86925188836176,-1.3253073950763792,1,Done,hexacene_a=7.3_b=5.9_theta=25.5_R3=2.2_R4=2.1_A2=-0.3_cx=1.6_cy=-1_cz=18.2.log
1.6,-1.0,18.2,-0.4,7.3,5.9,25.5,2.2,2.1,-5.12866433034651,-1.1363704092800615,-1.610592266311869,-0.0808358381036669,-0.2716992800123989,-0.0309362430125474,-0.2997364264447242,-0.0738265515537932,-0.1477472295518964,-1.8663778924383223,-1.3256274252198637,1,Done,hexacene_a=7.3_b=5.9_theta=25.5_R3=2.2_R4=2.1_A2=-0.4_cx=1.6_cy=-1_cz=18.2.log
1.5,-1.1,18.1,-0.1,7.3,5.9,25.5,2.2,2.1,-4.9382872093701735,-0.4041540906764567,-1.6645016504917294,-0.0902171127963811,-0.2603601741138845,-0.036847387207672,-0.3098142370581627,-0.0810052659362554,-0.1565386445727199,-1.904147719615139,-1.4136482530739158,2,Done,hexacene_a=7.3_b=5.9_theta=25.5_R3=2.2_R4=2.1_A2=-0.1_cx=1.5_cy=-1.1_cz=18.1.log
1.5,-1.1,18.1,-0.2,7.3,5.9,25.5,2.2,2.1,-4.975043607293628,-0.4715612146537751,-1.6753387483768163,-0.0897590306121856,-0.2649284468498081,-0.0370607406366616,-0.3061809542123228,-0.0810115410713478,-0.1565449197078123,-1.9011795971309768,-1.4138929817127064,2,Done,hexacene_a=7.3_b=5.9_theta=25.5_R3=2.2_R4=2.1_A2=-0.2_cx=1.5_cy=-1.1_cz=18.1.log
1.5,-1.1,18.1,-0.3,7.3,5.9,25.5,2.2,2.1,-5.009349579224363,-0.5350150258745998,-1.6850902535952628,-0.0893009481951594,-0.2696347718592733,-0.0372929193545132,-0.3026166975032538,-0.0810240912251174,-0.1565449198242277,-1.8982051997445524,-1.4141000602394342,1,Done,hexacene_a=7.3_b=5.9_theta=25.5_R3=2.2_R4=2.1_A2=-0.3_cx=1.5_cy=-1.1_cz=18.1.log
1.5,-1.1,18.1,-0.4,7.3,5.9,25.5,2.2,2.1,-5.041161198285408,-0.5945594499353319,-1.6937498915940523,-0.0888365905266255,-0.2744665988720953,-0.0375188228208571,-0.2990900913719088,-0.0810303662437945,-0.1565511948429048,-1.8951994269154968,-1.4142694877227768,1,Done,hexacene_a=7.3_b=5.9_theta=25.5_R3=2.2_R4=2.1_A2=-0.4_cx=1.5_cy=-1.1_cz=18.1.log
1.5,-1.1,18.2,-0.1,7.3,5.9,25.5,2.2,2.1,-4.987204750766978,-0.7745857937261462,-1.6011858915444463,-0.0839357376098632,-0.2452371830586344,-0.0331325279548764,-0.2982429526746273,-0.0766315211076289,-0.1495419081766158,-1.9160641343332827,-1.3268071438651532,2,Done,hexacene_a=7.3_b=5.9_theta=25.5_R3=2.2_R4=2.1_A2=-0.1_cx=1.5_cy=-1.1_cz=18.2.log
1.5,-1.1,18.2,-0.2,7.3,5.9,25.5,2.2,2.1,-5.013296617078595,-0.8244540134910494,-1.60624989727512,-0.0835466815624386,-0.2493787491694092,-0.0333396063651889,-0.2947602721396833,-0.0766440713778138,-0.1495481833117082,-1.914049827377312,-1.327189925010316,2,Done,hexacene_a=7.3_b=5.9_theta=25.5_R3=2.2_R4=2.1_A2=-0.2_cx=1.5_cy=-1.1_cz=18.2.log
1.5,-1.1,18.2,-0.4,7.3,5.9,25.5,2.2,2.1,-5.0598013828275725,-0.9151354837231338,-1.613886693958193,-0.0827497434802353,-0.2581011380534619,-0.0337412126827985,-0.2879517888650298,-0.0766691718017682,-0.1495607333490625,-1.9099584621144456,-1.3278299851808697,1,Done,hexacene_a=7.3_b=5.9_theta=25.5_R3=2.2_R4=2.1_A2=-0.4_cx=1.5_cy=-1.1_cz=18.2.log
1.5,-1.1,18.2,-0.3,7.3,5.9,25.5,2.2,2.1,-5.037487127352506,-0.8712913598865271,-1.610479314578697,-0.0831450750119984,-0.2536709173582494,-0.0335466845426708,-0.2913277926854789,-0.0766566215315833,-0.1495544583303854,-1.9120104198809715,-1.327535055577755,1,Done,hexacene_a=7.3_b=5.9_theta=25.5_R3=2.2_R4=2.1_A2=-0.3_cx=1.5_cy=-1.1_cz=18.2.log
1.5,-1.1,18.3,-0.1,7.3,5.9,25.5,2.2,2.1,-4.907727472251281,-0.9782567147631198,-1.5130521121900529,-0.0781312701292336,-0.2311182080302387,-0.0297376988455653,-0.2869665981270373,-0.0724836800945922,-0.1427899005357176,-1.9004956112476064,-1.2333269793307409,2,Done,hexacene_a=7.3_b=5.9_theta=25.5_R3=2.2_R4=2.1_A2=-0.1_cx=1.5_cy=-1.1_cz=18.3.log
1.5,-1.1,18.3,-0.2,7.3,5.9,25.5,2.2,2.1,-4.926053901552223,-1.015129202278331,-1.5142381058540195,-0.0777924146968871,-0.2348832681309431,-0.0299008514266461,-0.2836282448843121,-0.0725025053834542,-0.1428024508059024,-1.8992092157714069,-1.2337536859558895,2,Done,hexacene_a=7.3_b=5.9_theta=25.5_R3=2.2_R4=2.1_A2=-0.2_cx=1.5_cy=-1.1_cz=18.3.log
1.5,-1.1,18.3,-0.4,7.3,5.9,25.5,2.2,2.1,-4.958483618451282,-1.082122169667855,-1.5148467905819416,-0.0770958787761628,-0.242783618858084,-0.0302710824180394,-0.2770895909052342,-0.0725276058074086,-0.1428150008432567,-1.8965422982582825,-1.2344941479386762,1,Done,hexacene_a=7.3_b=5.9_theta=25.5_R3=2.2_R4=2.1_A2=-0.4_cx=1.5_cy=-1.1_cz=18.3.log
1.5,-1.1,18.3,-0.3,7.3,5.9,25.5,2.2,2.1,-4.942968433606438,-1.0497552040033042,-1.5148405153304338,-0.0774410089943558,-0.2387612797319889,-0.0300891045480966,-0.2803463677410036,-0.0725213307887315,-0.1428024506894871,-1.8978851697174832,-1.2341427422361448,1,Done,hexacene_a=7.3_b=5.9_theta=25.5_R3=2.2_R4=2.1_A2=-0.3_cx=1.5_cy=-1.1_cz=18.3.log
1.5,-1.0,18.1,-0.1,7.3,5.9,25.5,2.2,2.1,-5.009782560868189,-0.5798066898714751,-1.6248994944617152,-0.0874121428932994,-0.2848518893588334,-0.0353225378785282,-0.3286332620773464,-0.0801455772016197,-0.1609374897088855,-1.9079002293292435,-1.3903362563578412,2,Done,hexacene_a=7.3_b=5.9_theta=25.5_R3=2.2_R4=2.1_A2=-0.1_cx=1.5_cy=-1_cz=18.1.log
1.5,-1.0,18.1,-0.2,7.3,5.9,25.5,2.2,2.1,-5.042893126257695,-0.6358809836674482,-1.6393008488230407,-0.0869666107464581,-0.2900351220741868,-0.0355358913075178,-0.3247489749919623,-0.080164402606897,-0.1609312148066237,-1.904762679245323,-1.3908006137935445,2,Done,hexacene_a=7.3_b=5.9_theta=25.5_R3=2.2_R4=2.1_A2=-0.2_cx=1.5_cy=-1_cz=18.1.log
1.5,-1.0,18.1,-0.4,7.3,5.9,25.5,2.2,2.1,-5.1020202556974255,-0.736633989145048,-1.6652044616639614,-0.0860692718997597,-0.3006902418565005,-0.0359625979326665,-0.3171310038305819,-0.0801832276629284,-0.1609249394387006,-1.8984624787699431,-1.3916038266615942,1,Done,hexacene_a=7.3_b=5.9_theta=25.5_R3=2.2_R4=2.1_A2=-0.4_cx=1.5_cy=-1_cz=18.1.log
1.5,-1.0,18.1,-0.3,7.3,5.9,25.5,2.2,2.1,-5.073631703271531,-0.6881211909931153,-1.6527546632569283,-0.0865148035809397,-0.2953124810010195,-0.0357492447365075,-0.3209148889873177,-0.0801706776255741,-0.1609374897088855,-1.9016125791240484,-1.3912273205351084,1,Done,hexacene_a=7.3_b=5.9_theta=25.5_R3=2.2_R4=2.1_A2=-0.3_cx=1.5_cy=-1_cz=18.1.log
1.5,-1.0,18.2,-0.1,7.3,5.9,25.5,2.2,2.1,-5.069637602078728,-0.9076869399286808,-1.583477559266612,-0.0814319725614041,-0.2677145912311971,-0.0317582809366285,-0.3162901403848082,-0.0758283083559945,-0.1537085744785145,-1.9454002268612385,-1.3005207502283156,2,Done,hexacene_a=7.3_b=5.9_theta=25.5_R3=2.2_R4=2.1_A2=-0.1_cx=1.5_cy=-1_cz=18.2.log
1.5,-1.0,18.2,-0.2,7.3,5.9,25.5,2.2,2.1,-5.093046862632036,-0.9488578711170704,-1.5913590849377215,-0.0810491915326565,-0.2725275929551571,-0.0319465340580791,-0.3125501805916428,-0.0758534088963642,-0.1537148494971916,-1.9433168935356664,-1.3010164831066504,2,Done,hexacene_a=7.3_b=5.9_theta=25.5_R3=2.2_R4=2.1_A2=-0.2_cx=1.5_cy=-1_cz=18.2.log
1.5,-1.0,18.2,-0.4,7.3,5.9,25.5,2.2,2.1,-5.134302508202381,-1.0223455671221018,-1.6047564235050231,-0.0802648041862994,-0.2824924518354237,-0.0323230400681495,-0.3052334142848849,-0.0758722340688109,-0.1537148497300222,-1.9391125767724589,-1.301894997130148,1,Done,hexacene_a=7.3_b=5.9_theta=25.5_R3=2.2_R4=2.1_A2=-0.4_cx=1.5_cy=-1_cz=18.2.log
1.5,-1.0,18.3,-0.1,7.3,5.9,25.5,2.2,2.1,-4.9990113518433645,-1.07996353530325,-1.5104165701195598,-0.0758722340688109,-0.251562484074384,-0.028514054371044,-0.3042544983327389,-0.0717369430931285,-0.1467432136414572,-1.948757405509241,-1.206482101464644,2,Done,hexacene_a=7.3_b=5.9_theta=25.5_R3=2.2_R4=2.1_A2=-0.1_cx=1.5_cy=-1_cz=18.3.log
1.5,-1.0,18.3,-0.2,7.3,5.9,25.5,2.2,2.1,-5.015326611814089,-1.1103224691469222,-1.5136670717038214,-0.0755208283662796,-0.255967603996396,-0.0286709319334477,-0.3006588662974536,-0.0717557687312364,-0.1467432135250419,-1.9474647347815333,-1.206959009054117,2,Done,hexacene_a=7.3_b=5.9_theta=25.5_R3=2.2_R4=2.1_A2=-0.2_cx=1.5_cy=-1_cz=18.3.log
1.5,-1.0,18.2,-0.3,7.3,5.9,25.5,2.2,2.1,-5.114601831068285,-0.9870544045697898,-1.5984499480109662,-0.0806664105039089,-0.277466096682474,-0.0321285121608525,-0.308860421879217,-0.0758596836822107,-0.153721124632284,-1.941227285424248,-1.3014808404259384,1,Done,hexacene_a=7.3_b=5.9_theta=25.5_R3=2.2_R4=2.1_A2=-0.3_cx=1.5_cy=-1_cz=18.2.log
1.5,-0.9,18.1,-0.1,7.3,5.9,25.5,2.2,2.1,-5.021071465685964,-0.7245481463614851,-1.5735754515044391,-0.0846887496300041,-0.3120481728110462,-0.0338290641084313,-0.3488077085930854,-0.0792607880430296,-0.1653614351525902,-1.876731807598844,-1.360968788387254,2,Done,hexacene_a=7.3_b=5.9_theta=25.5_R3=2.2_R4=2.1_A2=-0.1_cx=1.5_cy=-0.9_cz=18.1.log
1.5,-0.9,18.1,-0.2,7.3,5.9,25.5,2.2,2.1,-5.050263230805285,-0.7695970893837512,-1.590963753638789,-0.0842557677533477,-0.3177396883256733,-0.0340424175374209,-0.3445908413268626,-0.0792733383132144,-0.1653488848824054,-1.873506406089291,-1.361539822537452,2,Done,hexacene_a=7.3_b=5.9_theta=25.5_R3=2.2_R4=2.1_A2=-0.2_cx=1.5_cy=-0.9_cz=18.1.log
1.5,-1.0,18.3,-0.4,7.3,5.9,25.5,2.2,2.1,-5.043806153233163,-1.1642193030565977,-1.5183796719647944,-0.0748368424829095,-0.2651920013595372,-0.029003512347117,-0.2936370295938104,-0.0717808688059449,-0.1467557635623961,-1.944835467962548,-1.2077998724998906,1,Done,hexacene_a=7.3_b=5.9_theta=25.5_R3=2.2_R4=2.1_A2=-0.4_cx=1.5_cy=-1_cz=18.3.log
1.5,-1.0,18.3,-0.3,7.3,5.9,25.5,2.2,2.1,-5.030273899901658,-1.1383972666226327,-1.5163214390631763,-0.0751819729339331,-0.2605170516762882,-0.0288340845145285,-0.2971322601661086,-0.0717683186521753,-0.1467557635623961,-1.946159514016472,-1.207398266182281,1,Done,hexacene_a=7.3_b=5.9_theta=25.5_R3=2.2_R4=2.1_A2=-0.3_cx=1.5_cy=-1_cz=18.3.log
1.5,-0.9,18.2,-0.1,7.3,5.9,25.5,2.2,2.1,-5.104775024345145,-1.016497174045071,-1.5561494987923652,-0.0789784085936844,-0.2931036457885057,-0.0304279597476124,-0.3355484222993254,-0.0749937201617285,-0.1579128914745524,-1.9460842125117777,-1.2704316455638036,2,Done,hexacene_a=7.3_b=5.9_theta=25.5_R3=2.2_R4=2.1_A2=-0.1_cx=1.5_cy=-0.9_cz=18.2.log
1.5,-0.9,18.2,-0.2,7.3,5.9,25.5,2.2,2.1,-5.125288326176815,-1.049077493138611,-1.5665096887387335,-0.0785956275649368,-0.2984374808147549,-0.0306036625988781,-0.3315198079217225,-0.0750188205856829,-0.15790661633946,-1.944032254978083,-1.27095875388477,2,Done,hexacene_a=7.3_b=5.9_theta=25.5_R3=2.2_R4=2.1_A2=-0.2_cx=1.5_cy=-0.9_cz=18.2.log
1.5,-0.9,18.1,-0.3,7.3,5.9,25.5,2.2,2.1,-5.077381075476296,-0.8111006007529795,-1.6076115937903523,-0.0838227858766913,-0.323544155806303,-0.0342494957149028,-0.3404555504675954,-0.0792796133318916,-0.1653488849988207,-1.870293554966338,-1.3620669309748337,1,Done,hexacene_a=7.3_b=5.9_theta=25.5_R3=2.2_R4=2.1_A2=-0.3_cx=1.5_cy=-0.9_cz=18.1.log
1.5,-0.9,18.1,-0.4,7.3,5.9,25.5,2.2,2.1,-5.102412449661642,-0.8491590821649879,-1.6234311209991574,-0.083396079018712,-0.3294741257559508,-0.0344502988737076,-0.3363830104935914,-0.0792921636020764,-0.1653363347286358,-1.8670744287082923,-1.3625626639695838,1,Done,hexacene_a=7.3_b=5.9_theta=25.5_R3=2.2_R4=2.1_A2=-0.4_cx=1.5_cy=-0.9_cz=18.1.log
1.5,-0.9,18.3,-0.1,7.3,5.9,25.5,2.2,2.1,-5.053325479966588,-1.1629203574266285,-1.5003513095434755,-0.0736320235300809,-0.2750627333298325,-0.0273845363408327,-0.3226593669969588,-0.0709525557467714,-0.1507216269383207,-1.973537775338628,-1.1771083583589643,2,Done,hexacene_a=7.3_b=5.9_theta=25.5_R3=2.2_R4=2.1_A2=-0.1_cx=1.5_cy=-0.9_cz=18.3.log
1.5,-0.9,18.3,-0.2,7.3,5.9,25.5,2.2,2.1,-5.067547993734479,-1.186608859570697,-1.505547092296183,-0.0732994431164115,-0.2800514379050582,-0.0275225886143744,-0.3188190055079758,-0.070971380919218,-0.1507216268219053,-1.972332956152968,-1.1775978163350374,2,Done,hexacene_a=7.3_b=5.9_theta=25.5_R3=2.2_R4=2.1_A2=-0.2_cx=1.5_cy=-0.9_cz=18.3.log
1.5,-0.9,18.2,-0.4,7.3,5.9,25.5,2.2,2.1,-5.161266612587497,-1.1058985234703869,-1.5852408623322845,-0.0778300652746111,-0.3094126307405531,-0.0309613435529172,-0.3236822083126753,-0.0750376459909603,-0.1579003413207829,-1.9398906889837235,-1.2719251194503158,1,Done,hexacene_a=7.3_b=5.9_theta=25.5_R3=2.2_R4=2.1_A2=-0.4_cx=1.5_cy=-0.9_cz=18.2.log
1.5,-0.9,18.2,-0.3,7.3,5.9,25.5,2.2,2.1,-5.144116764422506,-1.0788653928320855,-1.576223543845117,-0.0782128465361893,-0.3038779927883297,-0.0307856407016515,-0.3275602201465517,-0.0750250956043601,-0.1579003412043675,-1.941961472039111,-1.271467037149705,1,Done,hexacene_a=7.3_b=5.9_theta=25.5_R3=2.2_R4=2.1_A2=-0.3_cx=1.5_cy=-0.9_cz=18.2.log
1.6,-1.1,18.1,-0.1,7.3,5.9,25.5,2.2,2.1,-4.965518005657941,-0.5924321911297739,-1.692739600548521,-0.0907128455583006,-0.2504078655038029,-0.0353037125896662,-0.3041666473727673,-0.0787336797220632,-0.150451797642745,-1.830421569640748,-1.4230295273009688,2,Done,hexacene_a=7.3_b=5.9_theta=25.5_R3=2.2_R4=2.1_A2=-0.1_cx=1.6_cy=-1.1_cz=18.1.log
1.6,-1.1,18.1,-0.2,7.3,5.9,25.5,2.2,2.1,-4.997204123181291,-0.6580634617712349,-1.6978098812978717,-0.0902547633741051,-0.2548067104071378,-0.0355358913075178,-0.3006588662974536,-0.078739954973571,-0.1504580727778375,-1.826424330938608,-1.4230169772636143,2,Done,hexacene_a=7.3_b=5.9_theta=25.5_R3=2.2_R4=2.1_A2=-0.2_cx=1.6_cy=-1.1_cz=18.1.log
1.5,-0.9,18.3,-0.3,7.3,5.9,25.5,2.2,2.1,-5.080393123673275,-1.2080446016043425,-1.510222041979432,-0.0729668629355728,-0.2851468189619481,-0.0276606406550854,-0.3150288453325629,-0.0709839311894029,-0.1507153519196435,-1.971115586697124,-1.178043348132633,1,Done,hexacene_a=7.3_b=5.9_theta=25.5_R3=2.2_R4=2.1_A2=-0.3_cx=1.5_cy=-0.9_cz=18.3.log
1.5,-0.9,18.3,-0.4,7.3,5.9,25.5,2.2,2.1,-5.091904794448055,-1.227302883286029,-1.5143134070094677,-0.0726280075032264,-0.2903363269288093,-0.0278175179846584,-0.3113014360424131,-0.0710090316133573,-0.1507216268219053,-1.969873116933741,-1.17845122970175,1,Done,hexacene_a=7.3_b=5.9_theta=25.5_R3=2.2_R4=2.1_A2=-0.4_cx=1.5_cy=-0.9_cz=18.3.log
1.6,-1.1,18.2,-0.1,7.3,5.9,25.5,2.2,2.1,-5.016813810565509,-0.8880396019667387,-1.6052647065371275,-0.0845255968160927,-0.2357743324246257,-0.0317143555730581,-0.2929906940553337,-0.0745544630335643,-0.1438315670238807,-1.87945520109497,-1.3498179357266054,2,Done,hexacene_a=7.3_b=5.9_theta=25.5_R3=2.2_R4=2.1_A2=-0.1_cx=1.6_cy=-1.1_cz=18.2.log
1.6,-1.1,18.2,-0.2,7.3,5.9,25.5,2.2,2.1,-5.039306906517595,-0.936646526446566,-1.6063377487007529,-0.0841302655171603,-0.239765295991674,-0.03192143375054,-0.2896146904677152,-0.0745670133037492,-0.1438378421589732,-1.876669056597165,-1.3500250140205026,2,Done,hexacene_a=7.3_b=5.9_theta=25.5_R3=2.2_R4=2.1_A2=-0.2_cx=1.6_cy=-1.1_cz=18.2.log
1.6,-1.1,18.1,-0.4,7.3,5.9,25.5,2.2,2.1,-5.054053391213529,-0.7786834340076894,-1.7053337262477726,-0.0893323235213756,-0.2640060069970786,-0.035993973724544,-0.2938064571935683,-0.0787525051273405,-0.1504517975263297,-1.818379652686417,-1.422891475027427,1,Done,hexacene_a=7.3_b=5.9_theta=25.5_R3=2.2_R4=2.1_A2=-0.4_cx=1.6_cy=-1.1_cz=18.1.log
1.6,-1.1,18.1,-0.3,7.3,5.9,25.5,2.2,2.1,-5.0267033679410815,-0.7201430262066424,-1.7020016480237246,-0.0897904059384018,-0.2593436078168452,-0.0357617950066924,-0.2972075613215565,-0.0787462299922481,-0.150451797642745,-1.8224082668311887,-1.4229730513179677,1,Done,hexacene_a=7.3_b=5.9_theta=25.5_R3=2.2_R4=2.1_A2=-0.3_cx=1.6_cy=-1.1_cz=18.1.log
1.6,-1.1,18.3,-0.1,7.3,5.9,25.5,2.2,2.1,-4.94022935256362,-1.0407943611498922,-1.501763207139447,-0.078758779913187,-0.2221259898506105,-0.0284199281595647,-0.2820908452849835,-0.0705886000068858,-0.1374497903743758,-1.892281505279243,-1.2629329011542725,2,Done,hexacene_a=7.3_b=5.9_theta=25.5_R3=2.2_R4=2.1_A2=-0.1_cx=1.6_cy=-1.1_cz=18.3.log
1.6,-1.1,18.3,-0.2,7.3,5.9,25.5,2.2,2.1,-4.956067704595625,-1.076675382675603,-1.5003764098510146,-0.0784073744434863,-0.2257341723889112,-0.0286081810481846,-0.2788528937380761,-0.0706011501606553,-0.1374686155468225,-1.890417800634168,-1.2632529311813414,2,Done,hexacene_a=7.3_b=5.9_theta=25.5_R3=2.2_R4=2.1_A2=-0.2_cx=1.6_cy=-1.1_cz=18.3.log
1.6,-1.1,18.2,-0.4,7.3,5.9,25.5,2.2,2.1,-5.079429895733483,-1.0257780468091369,-1.6066013029776514,-0.0833207776304334,-0.2481676547322422,-0.0323418653570115,-0.28301956015639,-0.0745858385926112,-0.1438441171776503,-1.871059117256664,-1.350326218875125,1,Done,hexacene_a=7.3_b=5.9_theta=25.5_R3=2.2_R4=2.1_A2=-0.4_cx=1.6_cy=-1.1_cz=18.2.log
1.6,-1.0,18.1,-0.1,7.3,5.9,25.5,2.2,2.1,-5.006023776018992,-0.7688566274009645,-1.67459828639403,-0.0879329761955887,-0.2740461672656238,-0.0337914135307073,-0.3223707124125212,-0.077924191718921,-0.1545745383482426,-1.790154253016226,-1.4025727013358846,2,Done,hexacene_a=7.3_b=5.9_theta=25.5_R3=2.2_R4=2.1_A2=-0.1_cx=1.6_cy=-1_cz=18.1.log
1.6,-1.1,18.2,-0.3,7.3,5.9,25.5,2.2,2.1,-5.060193576617166,-0.9825551579706372,-1.6067895556334406,-0.0837223841808736,-0.243894311832264,-0.032134786946699,-0.2863014375325292,-0.0745795635739341,-0.1438441171776503,-1.8738766370806843,-1.3501944417366758,1,Done,hexacene_a=7.3_b=5.9_theta=25.5_R3=2.2_R4=2.1_A2=-0.3_cx=1.6_cy=-1.1_cz=18.2.log
1.6,-1.0,18.1,-0.2,7.3,5.9,25.5,2.2,2.1,-5.034299376420677,-0.8242720356211066,-1.6826053140684962,-0.087487444281578,-0.2790474218782037,-0.0340110419783741,-0.3186056523118168,-0.0779241918353363,-0.1545682630967348,-1.785924835363403,-1.402867631055415,2,Done,hexacene_a=7.3_b=5.9_theta=25.5_R3=2.2_R4=2.1_A2=-0.2_cx=1.6_cy=-1_cz=18.1.log
1.6,-1.0,18.3,-0.1,7.3,5.9,25.5,2.2,2.1,-5.00968215893954,-1.142620408674702,-1.509029772831127,-0.0764871938154101,-0.2418235288932919,-0.0272339340299367,-0.2988014365546405,-0.0698669633129611,-0.1411646497435867,-1.914595760870725,-1.2360566476127133,2,Done,hexacene_a=7.3_b=5.9_theta=25.5_R3=2.2_R4=2.1_A2=-0.1_cx=1.6_cy=-1_cz=18.3.log
1.6,-1.1,18.3,-0.4,7.3,5.9,25.5,2.2,2.1,-4.984155052457936,-1.142469806363806,-1.4962662195321172,-0.0777045632712543,-0.2333458685316145,-0.0289784118067473,-0.2725275931879878,-0.070619975333102,-0.1374748906819149,-1.886633915593848,-1.2637800395023078,1,Done,hexacene_a=7.3_b=5.9_theta=25.5_R3=2.2_R4=2.1_A2=-0.4_cx=1.6_cy=-1.1_cz=18.3.log
1.6,-1.0,18.3,-0.2,7.3,5.9,25.5,2.2,2.1,-5.023700732621364,-1.172747164033353,-1.5091803753748536,-0.0761357883457094,-0.246071771485731,-0.0273970866110175,-0.2953250312712043,-0.0698857886018231,-0.1411646496271714,-1.912757156533189,-1.236464529298246,2,Done,hexacene_a=7.3_b=5.9_theta=25.5_R3=2.2_R4=2.1_A2=-0.2_cx=1.6_cy=-1_cz=18.3.log
1.6,-1.1,18.3,-0.3,7.3,5.9,25.5,2.2,2.1,-4.970704375416972,-1.110573473153636,-1.4985378058627248,-0.0780559689737856,-0.2294741317164152,-0.0287901586852967,-0.2756714180577546,-0.0706137001980096,-0.1374686156632378,-1.8885415457189083,-1.2635290356120097,1,Done,hexacene_a=7.3_b=5.9_theta=25.5_R3=2.2_R4=2.1_A2=-0.3_cx=1.6_cy=-1.1_cz=18.3.log
1.6,-0.9,18.1,-0.1,7.3,5.9,25.5,2.2,2.1,-4.97145425027702,-0.9171309652738272,-1.6463164107408377,-0.0852158579509705,-0.3003011853434145,-0.0323230400681495,-0.3417544963303953,-0.0770645031007006,-0.1587161043426022,-1.6995606342097744,-1.3745920307701454,2,Done,hexacene_a=7.3_b=5.9_theta=25.5_R3=2.2_R4=2.1_A2=-0.1_cx=1.6_cy=-0.9_cz=18.1.log
1.6,-0.9,18.1,-0.2,7.3,5.9,25.5,2.2,2.1,-4.996159318950959,-0.96239953674376,-1.6569527052342892,-0.0847828760743141,-0.3057918981648981,-0.0325301184784621,-0.3377258819527924,-0.0770707782357931,-0.1587098292075097,-1.6952245401917023,-1.375062662991695,2,Done,hexacene_a=7.3_b=5.9_theta=25.5_R3=2.2_R4=2.1_A2=-0.2_cx=1.6_cy=-0.9_cz=18.1.log
1.6,-1.0,18.1,-0.4,7.3,5.9,25.5,2.2,2.1,-5.084562927368097,-0.9246422599535437,-1.6961720802355558,-0.0865963799878954,-0.289326035650447,-0.0344565741252154,-0.3112261346541345,-0.0779430171241983,-0.1545619880780577,-1.7774848260451108,-1.4033633638173342,1,Done,hexacene_a=7.3_b=5.9_theta=25.5_R3=2.2_R4=2.1_A2=-0.4_cx=1.6_cy=-1_cz=18.1.log
1.6,-1.0,18.1,-0.3,7.3,5.9,25.5,2.2,2.1,-5.06049478170462,-0.8761859380174428,-1.6898028538562355,-0.0870481871534138,-0.2841302526649087,-0.034236945444718,-0.3148970680776983,-0.0779367421055212,-0.1545682633295655,-1.7817016933113337,-1.4031374603509903,1,Done,hexacene_a=7.3_b=5.9_theta=25.5_R3=2.2_R4=2.1_A2=-0.3_cx=1.6_cy=-1_cz=18.1.log
1.6,-0.9,18.2,-0.1,7.3,5.9,25.5,2.2,2.1,-5.070632205810398,-1.1338352689053863,-1.5922752495389432,-0.0795494427438825,-0.2819590682629496,-0.0290474379435181,-0.3290285933762789,-0.0729919631266966,-0.1516817172523588,-1.8286331662675368,-1.2944778287783263,2,Done,hexacene_a=7.3_b=5.9_theta=25.5_R3=2.2_R4=2.1_A2=-0.1_cx=1.6_cy=-0.9_cz=18.2.log
1.6,-0.9,18.2,-0.2,7.3,5.9,25.5,2.2,2.1,-5.087992269429378,-1.166861120145768,-1.5975902592763305,-0.0791666614823043,-0.2870983749162406,-0.029216865543276,-0.3251631318125874,-0.072998238261789,-0.1516879922710359,-1.8258030959405005,-1.2949547363677991,2,Done,hexacene_a=7.3_b=5.9_theta=25.5_R3=2.2_R4=2.1_A2=-0.2_cx=1.6_cy=-0.9_cz=18.2.log
1.6,-1.0,18.3,-0.4,7.3,5.9,25.5,2.2,2.1,-5.0480732208816335,-1.226775774732232,-1.5081261585000902,-0.0754392521921545,-0.2549573129508644,-0.0277296667918562,-0.2885353730525821,-0.06991716416087,-0.1411709246458485,-1.9090234721079469,-1.237179890857078,1,Done,hexacene_a=7.3_b=5.9_theta=25.5_R3=2.2_R4=2.1_A2=-0.4_cx=1.6_cy=-1_cz=18.3.log
1.6,-1.0,18.3,-0.3,7.3,5.9,25.5,2.2,2.1,-5.036489386111498,-1.2007968607358634,-1.5088791702874005,-0.0757781076245009,-0.2504517913330346,-0.027560239424929,-0.2919051018543541,-0.069898338872008,-0.1411709246458485,-1.9108934518881144,-1.2368410350754857,1,Done,hexacene_a=7.3_b=5.9_theta=25.5_R3=2.2_R4=2.1_A2=-0.3_cx=1.6_cy=-1_cz=18.3.log
1.6,-0.9,18.3,-0.1,7.3,5.9,25.5,2.2,2.1,-5.032178392866626,-1.2277170398738235,-1.5105295218527317,-0.0742344330064952,-0.2645017399918288,-0.0261232412885874,-0.3166227205656469,-0.0691265016794204,-0.1449046091875061,-1.902102036983706,-1.206180896726437,2,Done,hexacene_a=7.3_b=5.9_theta=25.5_R3=2.2_R4=2.1_A2=-0.1_cx=1.6_cy=-0.9_cz=18.3.log
1.6,-0.9,18.3,-0.2,7.3,5.9,25.5,2.2,2.1,-5.044170108390972,-1.2517506727017462,-1.5121986984740945,-0.0738955775741487,-0.2693147419486195,-0.026255018543452,-0.3129078613128513,-0.0691327765816822,-0.1448920588009059,-1.9003575589740649,-1.2066264287568629,2,Done,hexacene_a=7.3_b=5.9_theta=25.5_R3=2.2_R4=2.1_A2=-0.2_cx=1.6_cy=-0.9_cz=18.3.log
1.6,-0.9,18.1,-0.4,7.3,5.9,25.5,2.2,2.1,-5.039749300456606,-1.0430345719214529,-1.6761105854529887,-0.0839106373023241,-0.3170870780013501,-0.0329568251036107,-0.3298506313003599,-0.0770958785433322,-0.15868472866714,-1.6865837273653597,-1.3759098013397306,1,Done,hexacene_a=7.3_b=5.9_theta=25.5_R3=2.2_R4=2.1_A2=-0.4_cx=1.6_cy=-0.9_cz=18.1.log
1.6,-0.9,18.1,-0.3,7.3,5.9,25.5,2.2,2.1,-5.018906556186266,-1.0043360299896449,-1.666898738592863,-0.0843561694491654,-0.3113767371978611,-0.0327497471589595,-0.3337537436746061,-0.0770770531380549,-0.1586972788209095,-1.6908947210758924,-1.3755019201198593,1,Done,hexacene_a=7.3_b=5.9_theta=25.5_R3=2.2_R4=2.1_A2=-0.3_cx=1.6_cy=-0.9_cz=18.1.log
1.7,-1.1,18.1,-0.1,7.3,5.9,25.5,2.2,2.1,-4.896849586511962,-0.7593686762265861,-1.6955320199485868,-0.0910956268198788,-0.2403677054680884,-0.0338792649563401,-0.2982931535225361,-0.0764997442020103,-0.1445783039089292,-1.7061055635567757,-1.4103977513732389,2,Done,hexacene_a=7.3_b=5.9_theta=25.5_R3=2.2_R4=2.1_A2=-0.1_cx=1.7_cy=-1.1_cz=18.1.log
1.7,-1.1,18.1,-0.2,7.3,5.9,25.5,2.2,2.1,-4.923010478029028,-0.8214858912397176,-1.6961720802355558,-0.0906312693841755,-0.2445908477529883,-0.034105168422684,-0.294917149702087,-0.0765060191042721,-0.1445783040253445,-1.700890955515206,-1.4100839960156009,2,Done,hexacene_a=7.3_b=5.9_theta=25.5_R3=2.2_R4=2.1_A2=-0.2_cx=1.7_cy=-1.1_cz=18.1.log
1.6,-0.9,18.2,-0.4,7.3,5.9,25.5,2.2,2.1,-5.118071961333044,-1.2250877730548382,-1.6065260015893728,-0.0783885491546243,-0.2976719185244292,-0.0295870965346694,-0.3175828109961003,-0.0730233385693281,-0.1516628919634968,-1.820149230887182,-1.2958144249860195,1,Done,hexacene_a=7.3_b=5.9_theta=25.5_R3=2.2_R4=2.1_A2=-0.4_cx=1.6_cy=-0.9_cz=18.2.log
1.6,-0.9,18.2,-0.3,7.3,5.9,25.5,2.2,2.1,-5.103824347257614,-1.1972639795858413,-1.6023593354038894,-0.0787838804535567,-0.2923443589825183,-0.0294051186647266,-0.3213478710968047,-0.0730107884155586,-0.1516817172523588,-1.8229730259627104,-1.2954065435333175,1,Done,hexacene_a=7.3_b=5.9_theta=25.5_R3=2.2_R4=2.1_A2=-0.3_cx=1.6_cy=-0.9_cz=18.2.log
1.7,-1.1,18.2,-0.1,7.3,5.9,25.5,2.2,2.1,-4.974962031119503,-0.985981362638995,-1.5913277093786746,-0.0849836792331188,-0.2262550056912005,-0.0303965844213962,-0.2875188069883734,-0.072508780634962,-0.1383471298031509,-1.8024283483391628,-1.358446198166348,2,Done,hexacene_a=7.3_b=5.9_theta=25.5_R3=2.2_R4=2.1_A2=-0.1_cx=1.7_cy=-1.1_cz=18.2.log
1.7,-1.1,18.2,-0.2,7.3,5.9,25.5,2.2,2.1,-4.993542602052912,-1.0318962691817433,-1.5894953801762313,-0.0845820726826787,-0.230082816677168,-0.0306036628317087,-0.2842683051712811,-0.0725087804021313,-0.1383471296867355,-1.7987762403208762,-1.3584461982827634,2,Done,hexacene_a=7.3_b=5.9_theta=25.5_R3=2.2_R4=2.1_A2=-0.2_cx=1.7_cy=-1.1_cz=18.2.log
1.7,-1.1,18.3,-0.1,7.3,5.9,25.5,2.2,2.1,-4.920202370849438,-1.0932541971560568,-1.4782002065330744,-0.079267063178122,-0.2131149461492896,-0.0272213837597519,-0.2770205643028021,-0.068712345091626,-0.132335584028624,-1.8512611767509952,-1.2838540844386443,2,Done,hexacene_a=7.3_b=5.9_theta=25.5_R3=2.2_R4=2.1_A2=-0.1_cx=1.7_cy=-1.1_cz=18.3.log
1.6,-0.9,18.3,-0.4,7.3,5.9,25.5,2.2,2.1,-5.064573596697301,-1.2936244152951986,-1.5142130055464804,-0.0732178669422864,-0.2792168497107923,-0.0265624984167516,-0.3056287453509867,-0.0691704273922368,-0.1448857838986441,-1.896874878439121,-1.2074108163360506,1,Done,hexacene_a=7.3_b=5.9_theta=25.5_R3=2.2_R4=2.1_A2=-0.4_cx=1.6_cy=-0.9_cz=18.3.log
1.6,-0.9,18.3,-0.3,7.3,5.9,25.5,2.2,2.1,-5.054988381569274,-1.273713523056358,-1.5134286179672929,-0.0735504473559558,-0.2742218698840588,-0.0263993456028401,-0.3092432031407952,-0.069157877122052,-0.1448983340524137,-1.8986193565651768,-1.2070343103259802,1,Done,hexacene_a=7.3_b=5.9_theta=25.5_R3=2.2_R4=2.1_A2=-0.3_cx=1.6_cy=-0.9_cz=18.3.log
1.7,-1.1,18.3,-0.2,7.3,5.9,25.5,2.2,2.1,-4.933270266628824,-1.1270079598762095,-1.474962254986167,-0.0789031074382364,-0.2165850764140486,-0.0274159121327102,-0.2738955649547279,-0.0687311702640727,-0.1323418590473011,-1.848769962089136,-1.2840423373272642,2,Done,hexacene_a=7.3_b=5.9_theta=25.5_R3=2.2_R4=2.1_A2=-0.2_cx=1.7_cy=-1.1_cz=18.3.log
1.7,-1.0,18.1,-0.1,7.3,5.9,25.5,2.2,2.1,-4.884779431507923,-0.9307855830993504,-1.694277000147849,-0.0883345827460289,-0.2631212181877345,-0.0323795159347355,-0.315832057967782,-0.0757153568556532,-0.1484249401837587,-1.605189405148849,-1.3930847502779216,2,Done,hexacene_a=7.3_b=5.9_theta=25.5_R3=2.2_R4=2.1_A2=-0.1_cx=1.7_cy=-1_cz=18.1.log
1.7,-1.0,18.1,-0.2,7.3,5.9,25.5,2.2,2.1,-4.9078592491569,-0.9839356797747314,-1.6971509957220403,-0.0878827755805105,-0.2679342196788639,-0.0325928693637251,-0.3121987753547728,-0.0757279068930074,-0.1484312153188511,-1.5996798675041646,-1.3931726017035544,2,Done,hexacene_a=7.3_b=5.9_theta=25.5_R3=2.2_R4=2.1_A2=-0.2_cx=1.7_cy=-1_cz=18.1.log
1.7,-1.1,18.1,-0.4,7.3,5.9,25.5,2.2,2.1,-4.969876062241383,-0.9363515966106206,-1.6955006446223706,-0.0897213795688003,-0.2534324636217206,-0.0345883509144187,-0.2883031945675611,-0.0765185694908723,-0.1445720290066674,-1.6904554640641436,-1.4093811847269535,1,Done,hexacene_a=7.3_b=5.9_theta=25.5_R3=2.2_R4=2.1_A2=-0.4_cx=1.7_cy=-1.1_cz=18.1.log
1.7,-1.1,18.1,-0.3,7.3,5.9,25.5,2.2,2.1,-4.947339041274972,-0.8804718311876059,-1.696159529965371,-0.0901794622186571,-0.2489457670599222,-0.0343498974107205,-0.2915725216735154,-0.0765060193371027,-0.1445783040253445,-1.6956700723385438,-1.409745140816085,1,Done,hexacene_a=7.3_b=5.9_theta=25.5_R3=2.2_R4=2.1_A2=-0.3_cx=1.7_cy=-1.1_cz=18.1.log
1.7,-1.0,18.2,-0.1,7.3,5.9,25.5,2.2,2.1,-4.98787618696224,-1.1156563041731715,-1.5999685223214328,-0.0824736393988132,-0.2471071628388017,-0.029041162924841,-0.3043297999538481,-0.0717745937872678,-0.1419929626863449,-1.7504893457517028,-1.3343309889314696,2,Done,hexacene_a=7.3_b=5.9_theta=25.5_R3=2.2_R4=2.1_A2=-0.1_cx=1.7_cy=-1_cz=18.2.log
1.7,-1.0,18.2,-0.2,7.3,5.9,25.5,2.2,2.1,-5.004276160267182,-1.1548631286714226,-1.5997426186222583,-0.0820783080998808,-0.2515687590930611,-0.029235690832138,-0.3008408439345658,-0.0717808688059449,-0.1419992378214374,-1.7467431110562757,-1.3345882679568604,2,Done,hexacene_a=7.3_b=5.9_theta=25.5_R3=2.2_R4=2.1_A2=-0.2_cx=1.7_cy=-1_cz=18.2.log
1.7,-1.1,18.2,-0.4,7.3,5.9,25.5,2.2,2.1,-5.02669709327165,-1.1166979705449194,-1.5844376496970654,-0.0837600347585976,-0.2381588704884052,-0.0310491947457194,-0.2779304541181773,-0.0725276058074086,-0.1383471298031509,-1.7914594737812877,-1.358345796703361,1,Done,hexacene_a=7.3_b=5.9_theta=25.5_R3=2.2_R4=2.1_A2=-0.4_cx=1.7_cy=-1.1_cz=18.2.log
1.7,-1.1,18.2,-0.3,7.3,5.9,25.5,2.2,2.1,-5.010799127398059,-1.0754705637227744,-1.5871986937709153,-0.0841679160948842,-0.2340549549553543,-0.0308232912793755,-0.2810805544722825,-0.0725213307887315,-0.1383471298031509,-1.7951304072048515,-1.3584022724535316,1,Done,hexacene_a=7.3_b=5.9_theta=25.5_R3=2.2_R4=2.1_A2=-0.3_cx=1.7_cy=-1.1_cz=18.2.log
1.7,-1.0,18.3,-0.1,7.3,5.9,25.5,2.2,2.1,-4.952917604299728,-1.191252433694899,-1.492551360395737,-0.076989202061668,-0.2320343726314604,-0.0260416651144623,-0.2931161960586905,-0.0680283590918406,-0.1357931639067828,-1.8362448622938248,-1.256858604028821,2,Done,hexacene_a=7.3_b=5.9_theta=25.5_R3=2.2_R4=2.1_A2=-0.1_cx=1.7_cy=-1_cz=18.3.log
1.7,-1.0,18.3,-0.2,7.3,5.9,25.5,2.2,2.1,-4.964410450309515,-1.2199986670166254,-1.4904554770328104,-0.0766377963591367,-0.2361131878569722,-0.0262110927142202,-0.2897715677972883,-0.0680409093620255,-0.1357994389254599,-1.833785023074597,-1.2571911845589057,2,Done,hexacene_a=7.3_b=5.9_theta=25.5_R3=2.2_R4=2.1_A2=-0.2_cx=1.7_cy=-1_cz=18.3.log
1.7,-1.1,18.3,-0.4,7.3,5.9,25.5,2.2,2.1,-4.956400284892879,-1.1892883274704218,-1.4675137111917138,-0.0781940210144966,-0.2238704673945903,-0.02779241790995,-0.2678212681785226,-0.0687437204178422,-0.1323544092010706,-1.843756157089956,-1.2843058916041628,1,Done,hexacene_a=7.3_b=5.9_theta=25.5_R3=2.2_R4=2.1_A2=-0.4_cx=1.7_cy=-1.1_cz=18.3.log
1.7,-1.1,18.3,-0.3,7.3,5.9,25.5,2.2,2.1,-4.945327871362679,-1.1590297953225672,-1.471397998277098,-0.078545426717028,-0.2201556083746254,-0.027597890002653,-0.2708270407747477,-0.0687374452827498,-0.1323481342988088,-1.8462724721757693,-1.2841929398709908,1,Done,hexacene_a=7.3_b=5.9_theta=25.5_R3=2.2_R4=2.1_A2=-0.3_cx=1.7_cy=-1.1_cz=18.3.log
1.7,-0.9,18.1,-0.1,7.3,5.9,25.5,2.2,2.1,-4.779520903888624,-1.0773154431954026,-1.6848769000498578,-0.0856237392872572,-0.2884349715895951,-0.0309236927423626,-0.334550681291148,-0.0748995934845879,-0.1523155022878199,-1.4344502094900236,-1.366992884548381,2,Done,hexacene_a=7.3_b=5.9_theta=25.5_R3=2.2_R4=2.1_A2=-0.1_cx=1.7_cy=-0.9_cz=18.1.log
1.7,-0.9,18.1,-0.2,7.3,5.9,25.5,2.2,2.1,-4.799278056249023,-1.1213540947064755,-1.6898844300303608,-0.0851907576434314,-0.2937060554977506,-0.0311307711526751,-0.3306663946714252,-0.0749121437547728,-0.1523029520176351,-1.4287586936261505,-1.3673380149994043,2,Done,hexacene_a=7.3_b=5.9_theta=25.5_R3=2.2_R4=2.1_A2=-0.2_cx=1.7_cy=-0.9_cz=18.1.log
1.7,-1.0,18.1,-0.4,7.3,5.9,25.5,2.2,2.1,-4.94854699773714,-1.0808483245782554,-1.7009662566706538,-0.0869917112868279,-0.2778363276738673,-0.0330572265665978,-0.3051079122815281,-0.0757341819116845,-0.1484123901464045,-1.588698442443274,-1.3932981037069112,1,Done,hexacene_a=7.3_b=5.9_theta=25.5_R3=2.2_R4=2.1_A2=-0.4_cx=1.7_cy=-1_cz=18.1.log
1.7,-1.0,18.1,-0.3,7.3,5.9,25.5,2.2,2.1,-4.9291224252665415,-1.033948227064684,-1.6993912064936012,-0.0874435184523463,-0.2728413480799645,-0.0328250480815768,-0.3086282431613654,-0.0757341817952692,-0.1484249401837587,-1.5941828798968345,-1.39324162772391,1,Done,hexacene_a=7.3_b=5.9_theta=25.5_R3=2.2_R4=2.1_A2=-0.3_cx=1.7_cy=-1_cz=18.1.log
1.7,-0.9,18.2,-0.1,7.3,5.9,25.5,2.2,2.1,-4.925388740724884,-1.2262737667188048,-1.6025852388702333,-0.0800200751982629,-0.2707140890415758,-0.0277610425837337,-0.3222891357727349,-0.0710090316133573,-0.1456827215151861,-1.6394891019444913,-1.3043862115591764,2,Done,hexacene_a=7.3_b=5.9_theta=25.5_R3=2.2_R4=2.1_A2=-0.1_cx=1.7_cy=-0.9_cz=18.2.log
1.7,-0.9,18.2,-0.2,7.3,5.9,25.5,2.2,2.1,-4.939335150993429,-1.2584524797275662,-1.6039343853481114,-0.0796184686478227,-0.2756714182905853,-0.0279492954723536,-0.3185491764452308,-0.0710215818835422,-0.145676446496509,-1.6357554174028337,-1.304794093244709,2,Done,hexacene_a=7.3_b=5.9_theta=25.5_R3=2.2_R4=2.1_A2=-0.2_cx=1.7_cy=-0.9_cz=18.2.log
1.7,-1.0,18.2,-0.4,7.3,5.9,25.5,2.2,2.1,-5.032937679672614,-1.22607296356,-1.5978600883390754,-0.081275095231831,-0.2608119812794029,-0.0296435721684247,-0.294019810622558,-0.0717996942112222,-0.1419929629191756,-1.7392757419729603,-1.3350275249686092,1,Done,hexacene_a=7.3_b=5.9_theta=25.5_R3=2.2_R4=2.1_A2=-0.4_cx=1.7_cy=-1_cz=18.2.log
1.7,-1.0,18.2,-0.3,7.3,5.9,25.5,2.2,2.1,-5.019308162736706,-1.1916603152640164,-1.5990335321985183,-0.0816704265307635,-0.2561433068476617,-0.0294364942237734,-0.2974020894616842,-0.0717934191925451,-0.1419992378214374,-1.743015701766126,-1.3348267216933891,1,Done,hexacene_a=7.3_b=5.9_theta=25.5_R3=2.2_R4=2.1_A2=-0.3_cx=1.7_cy=-1_cz=18.2.log
1.7,-0.9,18.3,-0.1,7.3,5.9,25.5,2.2,2.1,-4.924761231639423,-1.2746108621358871,-1.5024660183116794,-0.0747489912901073,-0.2538528954610228,-0.024949797661975,-0.3103350703604519,-0.0673192730173468,-0.1392883949447423,-1.771360328537412,-1.2263114175293597,2,Done,hexacene_a=7.3_b=5.9_theta=25.5_R3=2.2_R4=2.1_A2=-0.1_cx=1.7_cy=-0.9_cz=18.3.log
1.7,-0.9,18.3,-0.2,7.3,5.9,25.5,2.2,2.1,-4.934415472089313,-1.2979291339870542,-1.501505927881226,-0.0744038606062531,-0.2584839190822094,-0.0251003999728709,-0.306739438092336,-0.0673255479196086,-0.1392821195768192,-1.7690197160700336,-1.2267067487118766,2,Done,hexacene_a=7.3_b=5.9_theta=25.5_R3=2.2_R4=2.1_A2=-0.2_cx=1.7_cy=-0.9_cz=18.3.log
1.4,-1.0,18.1,-0.1,7.3,5.9,25.5,2.2,2.1,-4.915361131192185,-0.3673004282172769,-1.542865112191066,-0.0867783578578382,-0.295463083544746,-0.0369603389408439,-0.3346636332571506,-0.0824108882807195,-0.1675263446522876,-1.9709147835383192,-1.3624936377163976,2,Done,hexacene_a=7.3_b=5.9_theta=25.5_R3=2.2_R4=2.1_A2=-0.1_cx=1.4_cy=-1.0_cz=18.1.log
1.7,-1.0,18.3,-0.4,7.3,5.9,25.5,2.2,2.1,-4.984227215871215,-1.2719313942361623,-1.4852220434695482,-0.0759224346838891,-0.244653598871082,-0.0265562231652438,-0.2832329138182103,-0.0680660097859799,-0.1357994390418753,-1.828846519463696,-1.257755943457596,1,Done,hexacene_a=7.3_b=5.9_theta=25.5_R3=2.2_R4=2.1_A2=-0.4_cx=1.7_cy=-1_cz=18.3.log
1.4,-1.0,18.1,-0.2,7.3,5.9,25.5,2.2,2.1,-4.952732488862239,-0.4223142298869788,-1.564721285365522,-0.0863391009625047,-0.3008094686083495,-0.0371611420996487,-0.3306287438608706,-0.0824359885882586,-0.1675326197873801,-1.96870594820939,-1.3630709468852729,2,Done,hexacene_a=7.3_b=5.9_theta=25.5_R3=2.2_R4=2.1_A2=-0.2_cx=1.4_cy=-1.0_cz=18.1.log
1.7,-1.0,18.3,-0.3,7.3,5.9,25.5,2.2,2.1,-4.97485221689567,-1.2468937456142155,-1.488008188083768,-0.0762801154050976,-0.2403237796388566,-0.0263805203139781,-0.2864771403837949,-0.0680597346508875,-0.135805714293383,-1.831318908953108,-1.2574861142784357,1,Done,hexacene_a=7.3_b=5.9_theta=25.5_R3=2.2_R4=2.1_A2=-0.3_cx=1.7_cy=-1_cz=18.3.log
1.4,-1.0,18.2,-0.1,7.3,5.9,25.5,2.2,2.1,-4.990251311915927,-0.7741277115419507,-1.539376156637445,-0.080729161389172,-0.2778112271334976,-0.0332517547067254,-0.3218561541289091,-0.0778990912949666,-0.1598832727177068,-1.9719187995651737,-1.2669740655692294,2,Done,hexacene_a=7.3_b=5.9_theta=25.5_R3=2.2_R4=2.1_A2=-0.1_cx=1.4_cy=-1.0_cz=18.2.log
1.4,-1.0,18.2,-0.2,7.3,5.9,25.5,2.2,2.1,-5.016660070279613,-0.8141314738895744,-1.5528550713788718,-0.0803589306306094,-0.2827936564572155,-0.033440007828176,-0.3179969678167254,-0.0779179167002439,-0.1598895478527993,-1.970525727258064,-1.2675388244679198,2,Done,hexacene_a=7.3_b=5.9_theta=25.5_R3=2.2_R4=2.1_A2=-0.2_cx=1.4_cy=-1.0_cz=18.2.log
1.7,-0.9,18.1,-0.4,7.3,5.9,25.5,2.2,2.1,-4.8336812923662364,-1.2003136782441288,-1.698129911441356,-0.0843185188714414,-0.304574528709054,-0.0315637530293315,-0.3230484230443835,-0.0749309691600501,-0.1522841267287731,-1.4175074396189302,-1.3679843501886353,1,Done,hexacene_a=7.3_b=5.9_theta=25.5_R3=2.2_R4=2.1_A2=-0.4_cx=1.7_cy=-0.9_cz=18.1.log
1.7,-0.9,18.1,-0.3,7.3,5.9,25.5,2.2,2.1,-4.817356619867496,-1.1623367730062455,-1.6943083754740655,-0.084757775766775,-0.2990838163532316,-0.0313503996003419,-0.3268448587041348,-0.0749246940249577,-0.1522966771153733,-1.423117378843017,-1.367676870431751,1,Done,hexacene_a=7.3_b=5.9_theta=25.5_R3=2.2_R4=2.1_A2=-0.3_cx=1.7_cy=-0.9_cz=18.1.log
1.4,-1.0,18.3,-0.1,7.3,5.9,25.5,2.2,2.1,-4.93063786206767,-1.002823730930686,-1.4935804766137153,-0.0751443223562091,-0.2611696620006114,-0.0298883011564612,-0.3094000807031989,-0.0736320232972502,-0.1525100304279476,-1.9474082590313628,-1.171084262430668,2,Done,hexacene_a=7.3_b=5.9_theta=25.5_R3=2.2_R4=2.1_A2=-0.1_cx=1.4_cy=-1.0_cz=18.3.log
1.4,-1.0,18.3,-0.2,7.3,5.9,25.5,2.2,2.1,-4.949045868124813,-1.0321786487475038,-1.5008344922680408,-0.0748054671566933,-0.2657316597178578,-0.0300577289890497,-0.3057040465064347,-0.0736508487025275,-0.15251630556304,-1.9466113212984053,-1.1716113708680496,2,Done,hexacene_a=7.3_b=5.9_theta=25.5_R3=2.2_R4=2.1_A2=-0.2_cx=1.4_cy=-1.0_cz=18.3.log
1.7,-0.9,18.2,-0.4,7.3,5.9,25.5,2.2,2.1,-4.963092678925023,-1.3156060904730111,-1.6052584312856195,-0.0788340813014656,-0.2858308048453182,-0.0283069761935621,-0.3112198594026267,-0.071046682074666,-0.145657621207647,-1.6283382491674274,-1.3055220047244802,1,Done,hexacene_a=7.3_b=5.9_theta=25.5_R3=2.2_R4=2.1_A2=-0.4_cx=1.7_cy=-0.9_cz=18.2.log
1.7,-0.9,18.2,-0.3,7.3,5.9,25.5,2.2,2.1,-4.951891625765711,-1.2882278291508555,-1.604825449408963,-0.0792231375817209,-0.2807040482293814,-0.0281312733422964,-0.3148531424812972,-0.0710278569022193,-0.1456701713614165,-1.6320342832477763,-1.305176874157041,1,Done,hexacene_a=7.3_b=5.9_theta=25.5_R3=2.2_R4=2.1_A2=-0.3_cx=1.7_cy=-0.9_cz=18.2.log
1.4,-0.9,18.1,-0.1,7.3,5.9,25.5,2.2,2.1,-4.95130490406882,-0.5030622167978436,-1.4646899164654317,-0.0840361390728503,-0.3235755315981805,-0.0354417648632079,-0.3555973668117076,-0.0814821735257282,-0.1722514950670302,-1.982140937354416,-1.332228830317035,2,Done,hexacene_a=7.3_b=5.9_theta=25.5_R3=2.2_R4=2.1_A2=-0.1_cx=1.4_cy=-0.9_cz=18.1.log
1.4,-0.9,18.1,-0.2,7.3,5.9,25.5,2.2,2.1,-4.9845409711124375,-0.5463039309252053,-1.4898781676311046,-0.0836157074663788,-0.3294678502716124,-0.0356488430406898,-0.3512236219830811,-0.0815009988145902,-0.1722514949506148,-1.9798693512566388,-1.3328500654315576,2,Done,hexacene_a=7.3_b=5.9_theta=25.5_R3=2.2_R4=2.1_A2=-0.2_cx=1.4_cy=-0.9_cz=18.1.log
1.7,-0.9,18.3,-0.4,7.3,5.9,25.5,2.2,2.1,-4.950539341312833,-1.3388992617838085,-1.498569181188941,-0.0736884991638362,-0.2680157960858196,-0.0253953295759856,-0.2996987760998308,-0.0673569232458248,-0.1392758444417268,-1.764363591792062,-1.2274095598841086,1,Done,hexacene_a=7.3_b=5.9_theta=25.5_R3=2.2_R4=2.1_A2=-0.4_cx=1.7_cy=-0.9_cz=18.3.log
1.7,-0.9,18.3,-0.3,7.3,5.9,25.5,2.2,2.1,-4.94301235943567,-1.3193460500333458,-1.5002132575027645,-0.0740524551365524,-0.2632027945946902,-0.0252447272650897,-0.3031877316534519,-0.0673443732084706,-0.1392821194604039,-1.766685378854163,-1.2270769798196852,1,Done,hexacene_a=7.3_b=5.9_theta=25.5_R3=2.2_R4=2.1_A2=-0.3_cx=1.7_cy=-0.9_cz=18.3.log
1.4,-0.9,18.2,-0.1,7.3,5.9,25.5,2.2,2.1,-5.045309039531276,-0.8750564197544008,-1.4919489508029071,-0.0782944227103143,-0.304047420155257,-0.0319088834803551,-0.3418423477560282,-0.0770268525229767,-0.1643574191257357,-2.0054341085487977,-1.236941437004134,2,Done,hexacene_a=7.3_b=5.9_theta=25.5_R3=2.2_R4=2.1_A2=-0.1_cx=1.4_cy=-0.9_cz=18.2.log
1.4,-0.9,18.2,-0.2,7.3,5.9,25.5,2.2,2.1,-5.068642998929136,-0.9058922613039612,-1.5082202849444002,-0.0779179167002439,-0.3095820585731417,-0.0320845863316208,-0.3376631310675293,-0.0770456776954233,-0.164357419242151,-2.004047311493196,-1.2375124710379168,2,Done,hexacene_a=7.3_b=5.9_theta=25.5_R3=2.2_R4=2.1_A2=-0.2_cx=1.4_cy=-0.9_cz=18.2.log
1.4,-1.0,18.1,-0.4,7.3,5.9,25.5,2.2,2.1,-5.019866646267474,-0.520224615233019,-1.6051956806331873,-0.0854543119203299,-0.3118473696522414,-0.0375815739389508,-0.3227534934412688,-0.0824548138771206,-0.1675263445358723,-1.9642506270902231,-1.364106338354759,1,Done,hexacene_a=7.3_b=5.9_theta=25.5_R3=2.2_R4=2.1_A2=-0.4_cx=1.4_cy=-1.0_cz=18.1.log
1.4,-1.0,18.1,-0.3,7.3,5.9,25.5,2.2,2.1,-4.987578119733371,-0.473255492048338,-1.5855169668793678,-0.0858872937969863,-0.3062750808894634,-0.0373807707801461,-0.3266628806013614,-0.0824485388584435,-0.1675388948060572,-1.9664908380946144,-1.363610605476424,1,Done,hexacene_a=7.3_b=5.9_theta=25.5_R3=2.2_R4=2.1_A2=-0.3_cx=1.4_cy=-1.0_cz=18.1.log
1.4,-0.9,18.3,-0.1,7.3,5.9,25.5,2.2,2.1,-5.00131117599085,-1.0795995795633644,-1.4688503076322377,-0.072935487376526,-0.2854542990680784,-0.0287399580702185,-0.3284763847477734,-0.0728099852567538,-0.1567519978852942,-1.9974961071275168,-1.142225077492185,2,Done,hexacene_a=7.3_b=5.9_theta=25.5_R3=2.2_R4=2.1_A2=-0.1_cx=1.4_cy=-0.9_cz=18.3.log
1.4,-0.9,18.3,-0.2,7.3,5.9,25.5,2.2,2.1,-5.017494659172371,-1.1017757831141353,-1.4784386602696031,-0.0725966319441795,-0.290631256531924,-0.0288842853624373,-0.3244854209478944,-0.0728288106620311,-0.1567519980017095,-1.9967681956477463,-1.142739635775797,2,Done,hexacene_a=7.3_b=5.9_theta=25.5_R3=2.2_R4=2.1_A2=-0.2_cx=1.4_cy=-0.9_cz=18.3.log
1.4,-1.0,18.2,-0.4,7.3,5.9,25.5,2.2,2.1,-5.063440940633882,-0.8847012484911829,-1.5770957825006915,-0.0795870933216065,-0.2930973707698285,-0.0338290641084313,-0.3104417473077774,-0.0779492921428754,-0.1598895478527993,-1.9676642816048115,-1.2685616657836365,1,Done,hexacene_a=7.3_b=5.9_theta=25.5_R3=2.2_R4=2.1_A2=-0.4_cx=1.4_cy=-1.0_cz=18.2.log
1.4,-1.0,18.2,-0.3,7.3,5.9,25.5,2.2,2.1,-5.041038834722713,-0.850953761022538,-1.5654491970781237,-0.079969874350354,-0.2878953129984438,-0.0336282611824572,-0.3141817068681121,-0.0779367421055212,-0.1598895480856299,-1.969101279741153,-1.268072208040394,1,Done,hexacene_a=7.3_b=5.9_theta=25.5_R3=2.2_R4=2.1_A2=-0.3_cx=1.4_cy=-1.0_cz=18.2.log
1.4,-0.8,18.1,-0.1,7.3,5.9,25.5,2.2,2.1,-4.934559799730778,-0.6067958949133754,-1.376280032331124,-0.081388046965003,-0.3544490237254649,-0.0339733914006501,-0.3781438011210412,-0.080515808193013,-0.1770205709617585,-1.962330446811393,-1.299177878536284,2,Done,hexacene_a=7.3_b=5.9_theta=25.5_R3=2.2_R4=2.1_A2=-0.1_cx=1.4_cy=-0.8_cz=18.1.log
1.4,-0.8,18.1,-0.2,7.3,5.9,25.5,2.2,2.1,-4.963757839635946,-0.6391565855592489,-1.4038967473898083,-0.0809738903772085,-0.3610378785524517,-0.03416164428927,-0.3734123758040368,-0.0805346333654597,-0.177014295826666,-1.96008396090474,-1.299805388553068,2,Done,hexacene_a=7.3_b=5.9_theta=25.5_R3=2.2_R4=2.1_A2=-0.2_cx=1.4_cy=-0.8_cz=18.1.log
1.4,-0.8,18.2,-0.1,7.3,5.9,25.5,2.2,2.1,-5.057711774599738,-0.9505458730272948,-1.4358683819882572,-0.07589733437635,-0.3328626796137541,-0.0306350383907556,-0.3634224163834005,-0.0761232380755245,-0.1688629408599808,-2.0131085558095947,-1.205001177964732,2,Done,hexacene_a=7.3_b=5.9_theta=25.5_R3=2.2_R4=2.1_A2=-0.1_cx=1.4_cy=-0.8_cz=18.2.log
1.4,-1.0,18.3,-0.4,7.3,5.9,25.5,2.2,2.1,-4.981183792813681,-1.08357171760872,-1.513133688364178,-0.0741340315435081,-0.2752760867588222,-0.0303840341512113,-0.2984688563738018,-0.0736759490100666,-0.1525288557168096,-1.9449421447934585,-1.1725526358932257,1,Done,hexacene_a=7.3_b=5.9_theta=25.5_R3=2.2_R4=2.1_A2=-0.4_cx=1.4_cy=-1.0_cz=18.3.log
1.4,-0.8,18.2,-0.2,7.3,5.9,25.5,2.2,2.1,-5.077961522387341,-0.9728601283859462,-1.454197949031368,-0.0755271036177873,-0.3389495264273137,-0.0307981909718364,-0.3588792439550161,-0.0761420634808018,-0.1688629409763962,-2.011809610179625,-1.2055408365558833,2,Done,hexacene_a=7.3_b=5.9_theta=25.5_R3=2.2_R4=2.1_A2=-0.2_cx=1.4_cy=-0.8_cz=18.2.log
1.4,-1.0,18.3,-0.3,7.3,5.9,25.5,2.2,2.1,-4.965907061472535,-1.0590800025966018,-1.5073668714612722,-0.0744791617617011,-0.2704505349975079,-0.0302146063186228,-0.3020582136232406,-0.0736633987398818,-0.1525225804653018,-1.9457955582765865,-1.172100828611292,1,Done,hexacene_a=7.3_b=5.9_theta=25.5_R3=2.2_R4=2.1_A2=-0.3_cx=1.4_cy=-1.0_cz=18.3.log
1.4,-0.8,18.3,-0.1,7.3,5.9,25.5,2.2,2.1,-5.037229848327115,-1.1357115239370614,-1.4365586428903043,-0.0707580274902284,-0.3124058535322547,-0.0276669159065932,-0.3490649878513068,-0.0719628466758877,-0.1610127908643335,-2.0260729127330706,-1.112098322249949,2,Done,hexacene_a=7.3_b=5.9_theta=25.5_R3=2.2_R4=2.1_A2=-0.1_cx=1.4_cy=-0.8_cz=18.3.log
1.4,-0.8,18.3,-0.2,7.3,5.9,25.5,2.2,2.1,-5.051028793212026,-1.1509913923218846,-1.4479981500189751,-0.0704317223280668,-0.3180848192423582,-0.0277861426584422,-0.344697518274188,-0.071981672081165,-0.1610065158456564,-2.0254767780425027,-1.1125689548207447,2,Done,hexacene_a=7.3_b=5.9_theta=25.5_R3=2.2_R4=2.1_A2=-0.2_cx=1.4_cy=-0.8_cz=18.3.log
1.4,-0.9,18.1,-0.4,7.3,5.9,25.5,2.2,2.1,-5.044339536456391,-0.6216490566730499,-1.5377760061528534,-0.0827497437130659,-0.3416038937866688,-0.0360504493582993,-0.3427083112765103,-0.0815323742572218,-0.1722389447968453,-1.9753010784043,-1.3339984085178005,1,Done,hexacene_a=7.3_b=5.9_theta=25.5_R3=2.2_R4=2.1_A2=-0.4_cx=1.4_cy=-0.9_cz=18.1.log
1.4,-0.9,18.1,-0.3,7.3,5.9,25.5,2.2,2.1,-5.0155556531390175,-0.5857931352220476,-1.5142757564317435,-0.0831764505710452,-0.3354731211438775,-0.0358559214510023,-0.3469314537942409,-0.0815198241034522,-0.1722514950670302,-1.9775852147722617,-1.3334461998892948,1,Done,hexacene_a=7.3_b=5.9_theta=25.5_R3=2.2_R4=2.1_A2=-0.3_cx=1.4_cy=-0.9_cz=18.1.log
1.5,-0.8,18.1,-0.1,7.3,5.9,25.5,2.2,2.1,-4.966114139882848,-0.8390687212813646,-1.5129203347023576,-0.0820469325408339,-0.3419364739675075,-0.0323920662049204,-0.370463078841567,-0.0783257982693612,-0.1698104811366647,-1.8004203165182844,-1.3281437401892615,2,Done,hexacene_a=7.3_b=5.9_theta=25.5_R3=2.2_R4=2.1_A2=-0.1_cx=1.5_cy=-0.8_cz=18.1.log
1.5,-0.8,18.1,-0.2,7.3,5.9,25.5,2.2,2.1,-4.9915126072010025,-0.8738390505313873,-1.5325425725895911,-0.0816265009343624,-0.348318250849843,-0.0325928693637251,-0.3659136313945055,-0.0783446234418079,-0.1697979308664798,-1.7972137405304238,-1.3287398745305836,2,Done,hexacene_a=7.3_b=5.9_theta=25.5_R3=2.2_R4=2.1_A2=-0.2_cx=1.5_cy=-0.8_cz=18.1.log
1.4,-0.9,18.2,-0.4,7.3,5.9,25.5,2.2,2.1,-5.1099802202079445,-0.958866655593738,-1.5385917690582571,-0.077164904680103,-0.3209525397978723,-0.0324359918013215,-0.3295117761008441,-0.0770833285059779,-0.1643511441070586,-2.0012297914363444,-1.2385541376424951,1,Done,hexacene_a=7.3_b=5.9_theta=25.5_R3=2.2_R4=2.1_A2=-0.4_cx=1.4_cy=-0.9_cz=18.2.log
1.4,-0.9,18.2,-0.3,7.3,5.9,25.5,2.2,2.1,-5.090185417444445,-0.933803906198591,-1.5237888083793223,-0.0775414106901735,-0.3152045481838286,-0.0322540139313787,-0.3335466654971242,-0.0770582279656082,-0.1643636944936588,-2.002641689032316,-1.2380521295126528,1,Done,hexacene_a=7.3_b=5.9_theta=25.5_R3=2.2_R4=2.1_A2=-0.3_cx=1.4_cy=-0.9_cz=18.2.log
1.5,-0.8,18.2,-0.1,7.3,5.9,25.5,2.2,2.1,-5.085463404422626,-1.1011231725569814,-1.5207955855876207,-0.0765687702223658,-0.3209588145837188,-0.0291854902170598,-0.3562688024248928,-0.0741214812733233,-0.1621234837220981,-1.908703441848047,-1.2380646797828376,2,Done,hexacene_a=7.3_b=5.9_theta=25.5_R3=2.2_R4=2.1_A2=-0.1_cx=1.5_cy=-0.8_cz=18.2.log
1.5,-0.8,18.2,-0.2,7.3,5.9,25.5,2.2,2.1,-5.103058784850873,-1.1255019358359275,-1.5331010564696044,-0.0761922642122954,-0.3268323084339499,-0.02934864256531,-0.3519138831179589,-0.0741403065621852,-0.1621172084705904,-1.9067581611452624,-1.2385980633553118,2,Done,hexacene_a=7.3_b=5.9_theta=25.5_R3=2.2_R4=2.1_A2=-0.2_cx=1.5_cy=-0.8_cz=18.2.log
1.4,-0.9,18.3,-0.4,7.3,5.9,25.5,2.2,2.1,-5.0454878797754645,-1.139125178102404,-1.4957516612485051,-0.0719314711168408,-0.3012801012955606,-0.0291729399468749,-0.3166917467024177,-0.0728664611233398,-0.156758273136802,-1.9952370710670948,-1.1436495252419263,1,Done,hexacene_a=7.3_b=5.9_theta=25.5_R3=2.2_R4=2.1_A2=-0.4_cx=1.4_cy=-0.9_cz=18.3.log
1.4,-0.9,18.3,-0.3,7.3,5.9,25.5,2.2,2.1,-5.032206631149165,-1.1215925486758351,-1.487430878682062,-0.0722640517633408,-0.2959023404400795,-0.0290160626173019,-0.3205572084989398,-0.0728476359508931,-0.156758273136802,-1.996008908492513,-1.1432102682301777,1,Done,hexacene_a=7.3_b=5.9_theta=25.5_R3=2.2_R4=2.1_A2=-0.3_cx=1.4_cy=-0.9_cz=18.3.log
1.5,-0.8,18.3,-0.1,7.3,5.9,25.5,2.2,2.1,-5.062979721347801,-1.226443194784224,-1.483596792910248,-0.0714482883922755,-0.301110673462972,-0.0263365947175771,-0.3424510324839502,-0.0701367926085367,-0.1547188656404614,-1.9662398340879008,-1.1461909406352788,2,Done,hexacene_a=7.3_b=5.9_theta=25.5_R3=2.2_R4=2.1_A2=-0.1_cx=1.5_cy=-0.8_cz=18.3.log
1.5,-0.8,18.3,-0.2,7.3,5.9,25.5,2.2,2.1,-5.074949474539608,-1.2435616673901675,-1.4904554767999798,-0.0711094331927597,-0.3065888357814401,-0.0264558214694261,-0.3382843658328056,-0.070155618013814,-0.1547188657568767,-1.9651981674833223,-1.146649023052305,2,Done,hexacene_a=7.3_b=5.9_theta=25.5_R3=2.2_R4=2.1_A2=-0.2_cx=1.5_cy=-0.8_cz=18.3.log
1.4,-0.8,18.1,-0.4,7.3,5.9,25.5,2.2,2.1,-5.016682033834513,-0.6939821344567463,-1.4575237522367388,-0.0801393019501119,-0.3748556489590555,-0.0345632508397102,-0.3641628783661872,-0.0805534588871523,-0.1769829202676192,-1.955584714189172,-1.300947457086295,1,Done,hexacene_a=7.3_b=5.9_theta=25.5_R3=2.2_R4=2.1_A2=-0.4_cx=1.4_cy=-0.8_cz=18.1.log
1.4,-0.8,18.1,-0.3,7.3,5.9,25.5,2.2,2.1,-4.991139238700271,-0.6681726479437202,-1.4310177296865731,-0.0805660088080912,-0.3678463620599359,-0.0343687226995825,-0.368743701139465,-0.0805471836356446,-0.1770080209244042,-1.957837475114502,-1.3003889728570357,1,Done,hexacene_a=7.3_b=5.9_theta=25.5_R3=2.2_R4=2.1_A2=-0.3_cx=1.4_cy=-0.8_cz=18.1.log
1.6,-0.8,18.1,-0.1,7.3,5.9,25.5,2.2,2.1,-4.853309805039316,-1.0371736285742372,-1.6095505997072903,-0.0825677658431232,-0.3291603706311434,-0.0309174174908548,-0.3625815531704575,-0.0761734389234334,-0.1628827706445008,-1.5458646100014448,-1.342413317761384,2,Done,hexacene_a=7.3_b=5.9_theta=25.5_R3=2.2_R4=2.1_A2=-0.1_cx=1.6_cy=-0.8_cz=18.1.log
1.6,-0.8,18.1,-0.2,7.3,5.9,25.5,2.2,2.1,-4.874431791133247,-1.072765995748341,-1.6222576771397144,-0.0821410589851439,-0.3353162438143044,-0.0311056706123054,-0.3582266336306929,-0.0761859890772029,-0.1628702203743159,-1.5415096904616803,-1.342959251254797,2,Done,hexacene_a=7.3_b=5.9_theta=25.5_R3=2.2_R4=2.1_A2=-0.2_cx=1.6_cy=-0.8_cz=18.1.log
1.4,-0.8,18.2,-0.4,7.3,5.9,25.5,2.2,2.1,-5.113999422173947,-1.0095945638604462,-1.48939498513937,-0.0747929168865084,-0.3515938529744744,-0.0311056706123054,-0.3500188030302524,-0.0761671639047563,-0.1688441158039495,-2.009199168649502,-1.206538577564061,1,Done,hexacene_a=7.3_b=5.9_theta=25.5_R3=2.2_R4=2.1_A2=-0.4_cx=1.4_cy=-0.8_cz=18.2.log
1.6,-0.8,18.2,-0.1,7.3,5.9,25.5,2.2,2.1,-4.998330503352918,-1.223412321181968,-1.5747739954385906,-0.077146079391241,-0.3088290465530008,-0.0278300687205046,-0.3489269355777651,-0.0721573749324306,-0.1556413051439449,-1.7282566665671766,-1.2618159332778305,2,Done,hexacene_a=7.3_b=5.9_theta=25.5_R3=2.2_R4=2.1_A2=-0.1_cx=1.6_cy=-0.8_cz=18.2.log
1.4,-0.8,18.2,-0.3,7.3,5.9,25.5,2.2,2.1,-5.096705246134661,-0.9925074668135494,-1.472069433890283,-0.075156872626394,-0.3451932510361075,-0.0309550683014094,-0.3543988226447254,-0.0761608886532485,-0.1688503908226266,-2.010498114279472,-1.20605539472308,1,Done,hexacene_a=7.3_b=5.9_theta=25.5_R3=2.2_R4=2.1_A2=-0.3_cx=1.4_cy=-0.8_cz=18.2.log
1.6,-0.8,18.2,-0.2,7.3,5.9,25.5,2.2,2.1,-5.012929523480125,-1.2487197995651511,-1.581852308474481,-0.0767570231109857,-0.3144954619929194,-0.0279932210687547,-0.3447414436377585,-0.0721699250862002,-0.1556287549901753,-1.725533273187466,-1.2623179412912575,2,Done,hexacene_a=7.3_b=5.9_theta=25.5_R3=2.2_R4=2.1_A2=-0.2_cx=1.6_cy=-0.8_cz=18.2.log
1.6,-0.8,18.3,-0.1,7.3,5.9,25.5,2.2,2.1,-4.996877817669883,-1.294891985366121,-1.5065385580528527,-0.0720444230828434,-0.2896335157565772,-0.0251003999728709,-0.3356299984734505,-0.0683421141002327,-0.1486508437665179,-1.8434110266389323,-1.1745543928118425,2,Done,hexacene_a=7.3_b=5.9_theta=25.5_R3=2.2_R4=2.1_A2=-0.1_cx=1.6_cy=-0.8_cz=18.3.log
1.6,-0.8,18.3,-0.2,7.3,5.9,25.5,2.2,2.1,-5.0067987508373335,-1.3128262208774686,-1.5095882567111405,-0.0717118429020047,-0.294917149702087,-0.0252133517060428,-0.3316202098503709,-0.0683672144077718,-0.1486382937291637,-1.8418610770022497,-1.1749936498235911,2,Done,hexacene_a=7.3_b=5.9_theta=25.5_R3=2.2_R4=2.1_A2=-0.2_cx=1.6_cy=-0.8_cz=18.3.log
1.4,-0.8,18.3,-0.4,7.3,5.9,25.5,2.2,2.1,-5.074914961587638,-1.17520700301975,-1.4694840926676989,-0.0697665619663894,-0.3298004306852817,-0.0280434221494942,-0.3362512334715575,-0.0720193227753043,-0.1610002407105639,-2.024215482757427,-1.1134035433642566,1,Done,hexacene_a=7.3_b=5.9_theta=25.5_R3=2.2_R4=2.1_A2=-0.4_cx=1.4_cy=-0.8_cz=18.3.log
1.4,-0.8,18.3,-0.3,7.3,5.9,25.5,2.2,2.1,-5.063610368757509,-1.1641314516309649,-1.4589795754291115,-0.0701054171659052,-0.3238830112386495,-0.0279053698759526,-0.3404367251787334,-0.0720067723887041,-0.1610127908643335,-2.024855543160811,-1.1130144870840013,1,Done,hexacene_a=7.3_b=5.9_theta=25.5_R3=2.2_R4=2.1_A2=-0.3_cx=1.4_cy=-0.8_cz=18.3.log
1.5,-0.8,18.1,-0.4,7.3,5.9,25.5,2.2,2.1,-5.037104346323758,-0.9338541068136692,-1.5702182732056826,-0.0807793622370809,-0.3616842138580978,-0.0329819256439805,-0.3570531900040805,-0.0783634487306699,-0.1697665554238483,-1.7908570640720427,-1.3298317422159016,2,Done,hexacene_a=7.3_b=5.9_theta=25.5_R3=2.2_R4=2.1_A2=-0.4_cx=1.5_cy=-0.8_cz=18.1.log
1.5,-0.8,18.1,-0.3,7.3,5.9,25.5,2.2,2.1,-5.01516032172367,-0.905390253290534,-1.5516628022305667,-0.0812060690950602,-0.3549008306581527,-0.0327811224851757,-0.361445760121569,-0.0783571738284081,-0.1697853807127103,-1.7940259895985946,-1.3292983586434275,2,Done,hexacene_a=7.3_b=5.9_theta=25.5_R3=2.2_R4=2.1_A2=-0.3_cx=1.5_cy=-0.8_cz=18.1.log
1.5,-0.8,18.2,-0.4,7.3,5.9,25.5,2.2,2.1,-5.133926001843065,-1.1665536400396377,-1.556275000795722,-0.0754518024623394,-0.3390562033746391,-0.0296686727087944,-0.3434173977002501,-0.0741716818884015,-0.1621046583168208,-1.9028864244464785,-1.2395518786506727,2,Done,hexacene_a=7.3_b=5.9_theta=25.5_R3=2.2_R4=2.1_A2=-0.4_cx=1.5_cy=-0.8_cz=18.2.log
1.5,-0.8,18.2,-0.3,7.3,5.9,25.5,2.2,2.1,-5.119217167375609,-1.1472828078549355,-1.5449547204189005,-0.0758283084724098,-0.3328689543996006,-0.0294992451090365,-0.3476217146962881,-0.0741591317346319,-0.1621109334519133,-1.904819155228324,-1.2391000714851543,2,Done,hexacene_a=7.3_b=5.9_theta=25.5_R3=2.2_R4=2.1_A2=-0.3_cx=1.5_cy=-0.8_cz=18.2.log
1.5,-0.8,18.3,-0.4,7.3,5.9,25.5,2.2,2.1,-5.095283935545012,-1.2716239145956931,-1.5028676248621196,-0.0704442725982517,-0.3178902908693999,-0.0267068254761397,-0.3301392861176282,-0.0701932684751227,-0.1547000401187688,-1.9631022840039805,-1.147452235687524,2,Done,hexacene_a=7.3_b=5.9_theta=25.5_R3=2.2_R4=2.1_A2=-0.4_cx=1.5_cy=-0.8_cz=18.3.log
1.5,-0.8,18.3,-0.3,7.3,5.9,25.5,2.2,2.1,-5.085723821306601,-1.2586030820384622,-1.496893729548901,-0.0707831277977675,-0.3121799498330802,-0.0265813237056136,-0.3341804505325854,-0.070174443302676,-0.1547125906217843,-1.964156500878744,-1.1470694547751918,2,Done,hexacene_a=7.3_b=5.9_theta=25.5_R3=2.2_R4=2.1_A2=-0.3_cx=1.5_cy=-0.8_cz=18.3.log
1.6,-0.8,18.1,-0.4,7.3,5.9,25.5,2.2,2.1,-4.91174981102813,-1.1347953588701785,-1.646115607349202,-0.0812876452691853,-0.3482241241727024,-0.0315135521814227,-0.3496862226165831,-0.0762173646362498,-0.1628325699130073,-1.5329253538511691,-1.3439632673980668,2,Done,hexacene_a=7.3_b=5.9_theta=25.5_R3=2.2_R4=2.1_A2=-0.4_cx=1.6_cy=-0.8_cz=18.1.log
1.6,-0.8,18.1,-0.3,7.3,5.9,25.5,2.2,2.1,-4.893887739395723,-1.1052710136864334,-1.6344690218102187,-0.0817143523599952,-0.3416666449047625,-0.0313127487897872,-0.3539219151716679,-0.0761985394638031,-0.1628513952018693,-1.5371861467137933,-1.3434738096548244,2,Done,hexacene_a=7.3_b=5.9_theta=25.5_R3=2.2_R4=2.1_A2=-0.3_cx=1.6_cy=-0.8_cz=18.1.log
1.6,-0.8,18.2,-0.4,7.3,5.9,25.5,2.2,2.1,-5.03805502387695,-1.2919113128446045,-1.594622136792168,-0.0759977360721677,-0.3262800995726138,-0.0283195262309163,-0.3365649883635342,-0.0721950256265699,-0.1556036547990515,-1.7201743377372622,-1.263234105776064,2,Done,hexacene_a=7.3_b=5.9_theta=25.5_R3=2.2_R4=2.1_A2=-0.4_cx=1.6_cy=-0.8_cz=18.2.log
1.6,-0.8,18.2,-0.3,7.3,5.9,25.5,2.2,2.1,-5.026173121761531,-1.2715235128998756,-1.5884850891306996,-0.0763742420822382,-0.3203062042593956,-0.0281438236124813,-0.3406187030486762,-0.0721824753563851,-0.1556224798550829,-1.7228412551339716,-1.2628011238994077,2,Done,hexacene_a=7.3_b=5.9_theta=25.5_R3=2.2_R4=2.1_A2=-0.3_cx=1.6_cy=-0.8_cz=18.2.log
1.6,-0.8,18.3,-0.4,7.3,5.9,25.5,2.2,2.1,-5.023349327151664,-1.342865124810487,-1.51452048541978,-0.0710341320373117,-0.3057918981648981,-0.0254706309642642,-0.3238265356048941,-0.0683923149481415,-0.1486257434589788,-1.8388051032088697,-1.1757717620348558,2,Done,hexacene_a=7.3_b=5.9_theta=25.5_R3=2.2_R4=2.1_A2=-0.4_cx=1.6_cy=-0.8_cz=18.3.log
1.6,-0.8,18.3,-0.3,7.3,5.9,25.5,2.2,2.1,-5.015615266514942,-1.3287963508628309,-1.5122551743406802,-0.07137298723682761,-0.3002949105575681,-0.02534512896090746,-0.3276794468984008,-0.06837976491078734,-0.1486382937291637,-1.8403299524215981,-1.1753952560247853,2,Done,hexacene_a=7.3_b=5.9_theta=25.5_R3=2.2_R4=2.1_A2=-0.3_cx=1.6_cy=-0.8_cz=18.3.log
