a,b,theta,R3,R4,cx,cz,cy,E,E_i01,E_i02,E_ip1,E_ip2,E_ip3,E_ip4,E_it1,E_it2,E_it3,E_it4,machine_type,status,file_name
7.3,5.9,25.5,-0.1,2.1,-1.6,18.2,-1,-5.05176298,-1.598851554,-0.978237889,-0.030151855,-0.314031105,-0.082404613,-0.252936731,-1.324121401,-1.877811125,-0.147747229,-0.073776351,1,Done,hexacene_a=7.3_b=5.9_theta=25.5_R3=-0.1_R4=2.1_cx=-1.6_cy=-1.0_cz=18.2.log
7.3,5.9,25.5,-0.1,2.1,-1.6,18.3,-1,-4.994408565,-1.508439914,-1.110429146,-0.027077056,-0.302277842,-0.076832324,-0.237707063,-1.235598565,-1.91641554,-0.141158374,-0.069854413,1,Done,hexacene_a=7.3_b=5.9_theta=25.5_R3=-0.1_R4=2.1_cx=-1.6_cy=-1.0_cz=18.3.log
7.3,5.9,25.5,-0.1,2.1,-1.6,18.4,-1,-4.84565732,-1.404022249,-1.150627436,-0.024341113,-0.29083206,-0.071611441,-0.223550437,-1.14331067,-1.91891303,-0.134807973,-0.066133279,1,Done,hexacene_a=7.3_b=5.9_theta=25.5_R3=-0.1_R4=2.1_cx=-1.6_cy=-1.0_cz=18.4.log
7.3,5.9,25.5,-0.1,2.1,-0.3,18.4,1.3,-5.687427472,-0.720155576,-1.060592301,-0.021140812,-1.863127391,-0.026587599,-1.819860576,-0.271260023,-2.189526717,-0.415775576,-0.055133029,2,Done,hexacene_a=7.3_b=5.9_theta=25.5_R3=-0.1_R4=2.1_cx=-0.3_cy=1.3_cz=18.4.log
7.3,5.9,25.5,-0.1,2.1,-0.2,18.5,1.4,-5.69921211,-0.95916786,-1.135498171,-0.019954818,-1.862989339,-0.023343372,-1.786552346,-0.234751491,-2.104800317,-0.414947262,-0.050960087,1,Done,hexacene_a=7.3_b=5.9_theta=25.5_R3=-0.1_R4=2.1_cx=-0.2_cy=1.4_cz=18.5.log
7.3,5.9,25.5,-0.1,2.1,2,17.9,0.5,-4.444709806,-1.856871116,-1.619484083,-0.061834835,-0.927886487,-0.016936495,-0.755716568,-0.173908121,-0.448550423,-1.082046869,-0.120839601,1,Done,hexacene_a=7.3_b=5.9_theta=25.5_R3=-0.1_R4=2.1_cx=2.0_cy=0.5_cz=17.9.log
7.3,5.9,25.5,-0.1,2.1,-1.6,18.2,-0.9,-5.051741017,-1.586414306,-1.098148775,-0.02887801,-0.333000732,-0.079938499,-0.276913888,-1.29396327,-1.831469511,-0.151687992,-0.072973138,2,Done,hexacene_a=7.3_b=5.9_theta=25.5_R3=-0.1_R4=2.1_cx=-1.6_cy=-0.9_cz=18.2.log
7.3,5.9,25.5,-0.1,2.1,-0.3,18.5,1.3,-5.676819416,-0.905660083,-1.125828241,-0.019728915,-1.790235829,-0.024974898,-1.77398332,-0.253934472,-2.164137663,-0.386659112,-0.051882527,1,Done,hexacene_a=7.3_b=5.9_theta=25.5_R3=-0.1_R4=2.1_cx=-0.3_cy=1.3_cz=18.5.log
7.3,5.9,25.5,-0.1,2.1,1.9,17.8,0.4,-4.392933956,-1.714545573,-1.324309654,-0.0674385,-0.959682418,-0.020670179,-0.770406577,-0.194258271,-0.488918141,-1.143862879,-0.137368214,1,Done,hexacene_a=7.3_b=5.9_theta=25.5_R3=-0.1_R4=2.1_cx=1.9_cy=0.4_cz=17.8.log
7.3,5.9,25.5,-0.1,2.1,-1.6,18.3,-0.9,-5.018906556,-1.508452464,-1.201581248,-0.025978914,-0.320368955,-0.074579564,-0.25978914,-1.205703989,-1.903827689,-0.144892059,-0.069107676,2,Done,hexacene_a=7.3_b=5.9_theta=25.5_R3=-0.1_R4=2.1_cx=-1.6_cy=-0.9_cz=18.3.log
7.3,5.9,25.5,-0.1,2.1,-0.3,18.6,1.3,-5.553466637,-0.982686935,-1.124159065,-0.018404868,-1.713196427,-0.023437498,-1.709745121,-0.237594111,-2.121768187,-0.359456553,-0.048832828,1,Done,hexacene_a=7.3_b=5.9_theta=25.5_R3=-0.1_R4=2.1_cx=-0.3_cy=1.3_cz=18.6.log
7.3,5.9,25.5,-0.1,2.1,1.9,17.9,0.4,-4.449682823,-1.758251645,-1.535171839,-0.063805217,-0.930873435,-0.018831575,-0.74298439,-0.186401845,-0.47347512,-1.139658562,-0.125188245,1,Done,hexacene_a=7.3_b=5.9_theta=25.5_R3=-0.1_R4=2.1_cx=1.9_cy=0.4_cz=17.9.log
7.3,5.9,25.5,-0.1,2.1,-1.6,18.4,-0.9,-4.888381339,-1.411583745,-1.219716287,-0.023431223,-0.308088585,-0.069572034,-0.243618207,-1.114671114,-1.931921312,-0.138353405,-0.065430468,2,Done,hexacene_a=7.3_b=5.9_theta=25.5_R3=-0.1_R4=2.1_cx=-1.6_cy=-0.9_cz=18.4.log
7.3,5.9,25.5,-0.1,2.1,-0.3,18.4,1.4,-5.695842381,-0.74861943,-1.14082573,-0.020431726,-1.92139797,-0.02571536,-1.753193914,-0.258904351,-2.154950916,-0.423280595,-0.053614454,1,Done,hexacene_a=7.3_b=5.9_theta=25.5_R3=-0.1_R4=2.1_cx=-0.3_cy=1.4_cz=18.4.log
7.3,5.9,25.5,-0.1,2.1,1.9,18,0.4,-4.390740809,-1.744214246,-1.625803109,-0.060347637,-0.895186941,-0.017131023,-0.716108137,-0.178765049,-0.458370955,-1.110084015,-0.114125244,1,Done,hexacene_a=7.3_b=5.9_theta=25.5_R3=-0.1_R4=2.1_cx=1.9_cy=0.4_cz=18.0.log
7.3,5.9,25.5,-0.1,2.1,-1.6,18.2,-0.8,-4.982300761,-1.567300352,-1.195538327,-0.027685741,-0.353181453,-0.077522585,-0.303288133,-1.26128255,-1.730986335,-0.155641305,-0.072132275,2,Done,hexacene_a=7.3_b=5.9_theta=25.5_R3=-0.1_R4=2.1_cx=-1.6_cy=-0.8_cz=18.2.log
7.3,5.9,25.5,-0.1,2.1,-0.3,18.5,1.4,-5.696441654,-0.916773285,-1.174497917,-0.019088854,-1.856557361,-0.02416541,-1.741133172,-0.242520065,-2.143900465,-0.39343622,-0.050476904,2,Done,hexacene_a=7.3_b=5.9_theta=25.5_R3=-0.1_R4=2.1_cx=-0.3_cy=1.4_cz=18.5.log
7.3,5.9,25.5,-0.1,2.1,1.9,17.8,0.5,-4.393357525,-1.760416554,-1.204944702,-0.065129263,-0.96607047,-0.019703814,-0.818906825,-0.189966102,-0.496956545,-1.156689183,-0.132159881,1,Done,hexacene_a=7.3_b=5.9_theta=25.5_R3=-0.1_R4=2.1_cx=1.9_cy=0.5_cz=17.8.log
7.3,5.9,25.5,-0.1,2.1,-1.6,18.3,-0.8,-4.985836779,-1.503156279,-1.274937168,-0.024981173,-0.339746464,-0.072377003,-0.284450283,-1.17407121,-1.844960976,-0.148650844,-0.068329564,2,Done,hexacene_a=7.3_b=5.9_theta=25.5_R3=-0.1_R4=2.1_cx=-1.6_cy=-0.8_cz=18.3.log
7.3,5.9,25.5,-0.1,2.1,-0.3,18.6,1.4,-5.580857449,-0.980942457,-1.148349575,-0.017821284,-1.785033771,-0.022703312,-1.700501899,-0.227051943,-2.113001873,-0.365599876,-0.047527607,2,Done,hexacene_a=7.3_b=5.9_theta=25.5_R3=-0.1_R4=2.1_cx=-0.3_cy=1.4_cz=18.6.log
7.3,5.9,25.5,-0.1,2.1,1.9,17.9,0.5,-4.479116179,-1.784613339,-1.454486604,-0.061652857,-0.957868915,-0.017959336,-0.789583283,-0.18229793,-0.481356646,-1.16185359,-0.120525846,1,Done,hexacene_a=7.3_b=5.9_theta=25.5_R3=-0.1_R4=2.1_cx=1.9_cy=0.5_cz=17.9.log
7.3,5.9,25.5,-0.1,2.1,-1.6,18.4,-0.8,-4.88360285,-1.415148002,-1.274912067,-0.022540159,-0.326650331,-0.067570277,-0.266497222,-1.084883214,-1.905446665,-0.141905111,-0.064708831,2,Done,hexacene_a=7.3_b=5.9_theta=25.5_R3=-0.1_R4=2.1_cx=-1.6_cy=-0.8_cz=18.4.log
7.3,5.9,25.5,-0.1,2.1,-0.3,18.4,1.5,-5.57985657,-0.752905323,-1.194666088,-0.019741465,-1.938240338,-0.024868221,-1.563692169,-0.24693146,-2.103218992,-0.430547161,-0.052102155,2,Done,hexacene_a=7.3_b=5.9_theta=25.5_R3=-0.1_R4=2.1_cx=-0.3_cy=1.5_cz=18.4.log
7.3,5.9,25.5,-0.1,2.1,1.9,18,0.5,-4.440232521,-1.756971524,-1.572828715,-0.05835843,-0.938027048,-0.01634036,-0.760868425,-0.174849386,-0.466083052,-1.137637979,-0.109964852,1,Done,hexacene_a=7.3_b=5.9_theta=25.5_R3=-0.1_R4=2.1_cx=1.9_cy=0.5_cz=18.0.log
7.3,5.9,25.5,-0.1,2.1,-1.5,18.2,-1,-5.044377187,-1.574861847,-0.863510236,-0.031570028,-0.3200552,-0.081808479,-0.263020816,-1.299993642,-1.947452185,-0.153702299,-0.075815758,2,Done,hexacene_a=7.3_b=5.9_theta=25.5_R3=-0.1_R4=2.1_cx=-1.5_cy=-1.0_cz=18.2.log
7.3,5.9,25.5,-0.1,2.1,-0.3,18.5,1.5,-5.612113722,-0.908050896,-1.202265234,-0.018455069,-1.889081205,-0.023393573,-1.605245881,-0.231444513,-2.108364574,-0.399974874,-0.049083832,2,Done,hexacene_a=7.3_b=5.9_theta=25.5_R3=-0.1_R4=2.1_cx=-0.3_cy=1.5_cz=18.5.log
7.3,5.9,25.5,-0.1,2.1,1.9,17.8,0.6,-4.361414129,-1.80660129,-1.051512232,-0.062895327,-0.933345824,-0.018775099,-0.871021531,-0.185661384,-0.504649817,-1.171969051,-0.127058225,1,Done,hexacene_a=7.3_b=5.9_theta=25.5_R3=-0.1_R4=2.1_cx=1.9_cy=0.6_cz=17.8.log
7.3,5.9,25.5,-0.1,2.1,-1.5,18.3,-1,-4.981246543,-1.506595034,-1.047333015,-0.028363452,-0.307837581,-0.076211089,-0.247282866,-1.205967543,-1.950018701,-0.146730663,-0.071718118,2,Done,hexacene_a=7.3_b=5.9_theta=25.5_R3=-0.1_R4=2.1_cx=-1.5_cy=-1.0_cz=18.3.log
7.3,5.9,25.5,-0.1,2.1,-0.3,18.6,1.5,-5.522828462,-0.964012237,-1.157404545,-0.017256525,-1.829304602,-0.021981675,-1.605258432,-0.216848631,-2.090668792,-0.37147337,-0.046228662,2,Done,hexacene_a=7.3_b=5.9_theta=25.5_R3=-0.1_R4=2.1_cx=-0.3_cy=1.5_cz=18.6.log
7.3,5.9,25.5,-0.1,2.1,-1.5,18.4,-1,-4.825426398,-1.415744136,-1.120538332,-0.025514557,-0.295971367,-0.070971381,-0.232630507,-1.111822218,-1.925081453,-0.140010031,-0.067827556,2,Done,hexacene_a=7.3_b=5.9_theta=25.5_R3=-0.1_R4=2.1_cx=-1.5_cy=-1.0_cz=18.4.log
7.3,5.9,25.5,-0.1,2.1,1.9,17.9,0.6,-4.482062339,-1.810360075,-1.344917082,-0.05958835,-0.953633222,-0.017118473,-0.839802908,-0.178175189,-0.488936967,-1.186295105,-0.115945023,1,Done,hexacene_a=7.3_b=5.9_theta=25.5_R3=-0.1_R4=2.1_cx=1.9_cy=0.6_cz=17.9.log
7.3,5.9,25.5,-0.1,2.1,-0.2,18.4,1.3,-5.679329456,-0.764821738,-0.997929153,-0.022075802,-1.879003394,-0.025709085,-1.853281759,-0.261972875,-2.151060354,-0.439150323,-0.055735438,2,Done,hexacene_a=7.3_b=5.9_theta=25.5_R3=-0.1_R4=2.1_cx=-0.2_cy=1.3_cz=18.4.log
7.3,5.9,25.5,-0.1,2.1,-1.5,18.2,-0.9,-5.082576859,-1.545186899,-0.981049134,-0.030252257,-0.339689988,-0.079354915,-0.287863937,-1.269854337,-1.948136171,-0.157906616,-0.07498117,2,Done,hexacene_a=7.3_b=5.9_theta=25.5_R3=-0.1_R4=2.1_cx=-1.5_cy=-0.9_cz=18.2.log
7.3,5.9,25.5,-0.1,2.1,1.9,18,0.6,-4.469301923,-1.768329455,-1.496573699,-0.056444525,-0.958132469,-0.015581073,-0.809117669,-0.170914899,-0.473544146,-1.16688622,-0.105867212,1,Done,hexacene_a=7.3_b=5.9_theta=25.5_R3=-0.1_R4=2.1_cx=1.9_cy=0.6_cz=18.0.log
7.3,5.9,25.5,-0.1,2.1,-0.2,18.5,1.3,-5.646661285,-0.936514749,-1.087029298,-0.020632529,-1.807147224,-0.02412776,-1.797954202,-0.245550938,-2.104442636,-0.407555195,-0.052409635,2,Done,hexacene_a=7.3_b=5.9_theta=25.5_R3=-0.1_R4=2.1_cx=-0.2_cy=1.3_cz=18.5.log
7.3,5.9,25.5,-0.1,2.1,-1.5,18.3,-0.9,-5.037807158,-1.494647244,-1.136985369,-0.027252759,-0.32663778,-0.073983429,-0.270174431,-1.1765938,-1.974723769,-0.150715352,-0.070933731,2,Done,hexacene_a=7.3_b=5.9_theta=25.5_R3=-0.1_R4=2.1_cx=-1.5_cy=-0.9_cz=18.3.log
7.3,5.9,25.5,-0.1,2.1,2,17.8,0.4,-4.413274693,-1.867865091,-1.581168323,-0.067564002,-0.928011989,-0.019540661,-0.738240415,-0.185071524,-0.455622461,-1.033446219,-0.137939248,1,Done,hexacene_a=7.3_b=5.9_theta=25.5_R3=-0.1_R4=2.1_cx=2.0_cy=0.4_cz=17.8.log
7.3,5.9,25.5,-0.1,2.1,-0.2,18.6,1.3,-5.507165812,-1.004436431,-1.100395261,-0.019264557,-1.730383926,-0.022628011,-1.728727299,-0.230045166,-2.046761917,-0.378156351,-0.049284635,2,Done,hexacene_a=7.3_b=5.9_theta=25.5_R3=-0.1_R4=2.1_cx=-0.2_cy=1.3_cz=18.6.log
7.3,5.9,25.5,-0.1,2.1,-1.5,18.4,-0.9,-4.895578879,-1.415668835,-1.189464031,-0.024592117,-0.313905603,-0.068931973,-0.253470114,-1.083967049,-1.967708207,-0.143787641,-0.067099644,2,Done,hexacene_a=7.3_b=5.9_theta=25.5_R3=-0.1_R4=2.1_cx=-1.5_cy=-0.9_cz=18.4.log
7.3,5.9,25.5,-0.1,2.1,-0.2,18.4,1.4,-5.72920395,-0.808734888,-1.077058164,-0.02133534,-1.924259415,-0.024861946,-1.81411886,-0.250301189,-2.142130887,-0.44741463,-0.054172938,2,Done,hexacene_a=7.3_b=5.9_theta=25.5_R3=-0.1_R4=2.1_cx=-0.2_cy=1.4_cz=18.4.log
7.3,5.9,25.5,-0.1,2.1,2,17.9,0.4,-4.427286991,-1.846805856,-1.691308878,-0.063968369,-0.897973085,-0.017783633,-0.712575256,-0.177723382,-0.44143446,-1.067350584,-0.125571026,1,Done,hexacene_a=7.3_b=5.9_theta=25.5_R3=-0.1_R4=2.1_cx=2.0_cy=0.4_cz=17.9.log
7.3,5.9,25.5,-0.1,2.1,-1.5,18.2,-0.8,-5.066409063,-1.508094783,-1.074052391,-0.029034888,-0.360705298,-0.076945276,-0.315210823,-1.237493646,-1.910654998,-0.162129759,-0.074108931,2,Done,hexacene_a=7.3_b=5.9_theta=25.5_R3=-0.1_R4=2.1_cx=-1.5_cy=-0.8_cz=18.2.log
7.3,5.9,25.5,-0.1,2.1,-0.2,18.6,1.4,-5.560726928,-1.011144514,-1.125119155,-0.018649597,-1.793542807,-0.021906374,-1.736583724,-0.220099133,-2.054417539,-0.384795407,-0.047941764,2,Done,hexacene_a=7.3_b=5.9_theta=25.5_R3=-0.1_R4=2.1_cx=-0.2_cy=1.4_cz=18.6.log
7.3,5.9,25.5,-0.1,2.1,2,18,0.4,-4.339328914,-1.786276241,-1.709575694,-0.060554715,-0.861784583,-0.016152107,-0.687336804,-0.170576043,-0.427579039,-1.065926137,-0.114407623,1,Done,hexacene_a=7.3_b=5.9_theta=25.5_R3=-0.1_R4=2.1_cx=2.0_cy=0.4_cz=18.0.log
7.3,5.9,25.5,-0.1,2.1,-1.5,18.3,-0.8,-5.049761223,-1.476349052,-1.207166087,-0.026217368,-0.346686725,-0.071780869,-0.295720363,-1.145695208,-1.967275225,-0.15471259,-0.070117968,2,Done,hexacene_a=7.3_b=5.9_theta=25.5_R3=-0.1_R4=2.1_cx=-1.5_cy=-0.8_cz=18.3.log
7.3,5.9,25.5,-0.1,2.1,-0.2,18.4,1.5,-5.658853805,-0.827497437,-1.129342297,-0.020619979,-1.915838231,-0.024039908,-1.665066409,-0.238974633,-2.120644945,-0.455396557,-0.052635539,2,Done,hexacene_a=7.3_b=5.9_theta=25.5_R3=-0.1_R4=2.1_cx=-0.2_cy=1.5_cz=18.4.log
7.3,5.9,25.5,-0.1,2.1,2,17.8,0.5,-4.39729515,-1.891572419,-1.474774002,-0.06526104,-0.938911838,-0.018611947,-0.783019528,-0.181093111,-0.462914127,-1.034607113,-0.132605413,1,Done,hexacene_a=7.3_b=5.9_theta=25.5_R3=-0.1_R4=2.1_cx=2.0_cy=0.5_cz=17.8.log
7.3,5.9,25.5,-0.1,2.1,-1.5,18.4,-0.8,-4.929596196,-1.410636205,-1.242965533,-0.023701053,-0.333076033,-0.066949042,-0.277183717,-1.055132965,-1.983289281,-0.147577802,-0.066340357,2,Done,hexacene_a=7.3_b=5.9_theta=25.5_R3=-0.1_R4=2.1_cx=-1.5_cy=-0.8_cz=18.4.log
7.3,5.9,25.5,-0.1,2.1,-0.2,18.5,1.5,-5.651518213,-0.961019015,-1.162305398,-0.019302208,-1.87470495,-0.022596635,-1.683239099,-0.224290899,-2.094032246,-0.422082051,-0.049529364,2,Done,hexacene_a=7.3_b=5.9_theta=25.5_R3=-0.1_R4=2.1_cx=-0.2_cy=1.5_cz=18.5.log
7.3,5.9,25.5,-0.1,2.1,2,18,0.5,-4.379608781,-1.787242607,-1.662230064,-0.058578059,-0.906024038,-0.01538027,-0.728921891,-0.166949035,-0.4345193,-1.088786326,-0.110165655,1,Done,hexacene_a=7.3_b=5.9_theta=25.5_R3=-0.1_R4=2.1_cx=2.0_cy=0.5_cz=18.0.log
7.3,5.9,25.5,-0.1,2.1,-1.4,18.2,-1,-4.961884722,-1.525068928,-0.730879722,-0.033069777,-0.325834567,-0.081111943,-0.272960575,-1.266365381,-1.973299321,-0.159870723,-0.077886541,2,Done,hexacene_a=7.3_b=5.9_theta=25.5_R3=-0.1_R4=2.1_cx=-1.4_cy=-1.0_cz=18.2.log
7.3,5.9,25.5,-0.1,2.1,-0.2,18.6,1.5,-5.53212816,-1.001863641,-1.133854094,-0.018047187,-1.820381409,-0.021216113,-1.667802353,-0.210504505,-2.05225263,-0.391183459,-0.046605168,2,Done,hexacene_a=7.3_b=5.9_theta=25.5_R3=-0.1_R4=2.1_cx=-0.2_cy=1.5_cz=18.6.log
7.3,5.9,25.5,-0.1,2.1,2,17.8,0.6,-4.351088451,-1.913685871,-1.33563621,-0.06304593,-0.912926649,-0.017702057,-0.831356623,-0.177095872,-0.469973614,-1.039445215,-0.12739708,1,Done,hexacene_a=7.3_b=5.9_theta=25.5_R3=-0.1_R4=2.1_cx=2.0_cy=0.6_cz=17.8.log
7.3,5.9,25.5,-0.1,2.1,-1.4,18.3,-1,-4.910661081,-1.48562365,-0.970990149,-0.029737699,-0.313177691,-0.075470628,-0.256751992,-1.170525778,-1.948161271,-0.15249748,-0.073600648,2,Done,hexacene_a=7.3_b=5.9_theta=25.5_R3=-0.1_R4=2.1_cx=-1.4_cy=-1.0_cz=18.3.log
7.3,5.9,25.5,-0.1,2.1,-0.1,18.4,1.3,-5.626273486,-0.81667289,-0.935109127,-0.022998242,-1.886966496,-0.02481802,-1.875081456,-0.252867705,-2.072213723,-0.46407502,-0.056293922,2,Done,hexacene_a=7.3_b=5.9_theta=25.5_R3=-0.1_R4=2.1_cx=-0.1_cy=1.3_cz=18.4.log
7.3,5.9,25.5,-0.1,2.1,2,17.9,0.6,-4.438089575,-1.86493462,-1.520688909,-0.059776603,-0.928746175,-0.016108182,-0.802152308,-0.170092861,-0.455478133,-1.100125431,-0.116189752,1,Done,hexacene_a=7.3_b=5.9_theta=25.5_R3=-0.1_R4=2.1_cx=2.0_cy=0.6_cz=17.9.log
7.3,5.9,25.5,-0.1,2.1,-1.4,18.4,-1,-4.762151427,-1.414332239,-1.081576236,-0.026782127,-0.30089732,-0.070224644,-0.241647826,-1.076788335,-1.902691896,-0.145387792,-0.069553208,2,Done,hexacene_a=7.3_b=5.9_theta=25.5_R3=-0.1_R4=2.1_cx=-1.4_cy=-1.0_cz=18.4.log
7.3,5.9,25.5,-0.1,2.1,-0.1,18.5,1.3,-5.580512319,-0.971190952,-1.047653045,-0.021517318,-1.816955205,-0.023268071,-1.812907765,-0.237330557,-2.013880393,-0.429656097,-0.052899093,2,Done,hexacene_a=7.3_b=5.9_theta=25.5_R3=-0.1_R4=2.1_cx=-0.1_cy=1.3_cz=18.5.log
7.3,5.9,25.5,-0.1,2.1,2,18,0.6,-4.401992063,-1.785956211,-1.593618121,-0.056676703,-0.929574489,-0.014633533,-0.773550402,-0.163303202,-0.441290132,-1.114395009,-0.105998989,1,Done,hexacene_a=7.3_b=5.9_theta=25.5_R3=-0.1_R4=2.1_cx=2.0_cy=0.6_cz=18.0.log
7.3,5.9,25.5,-0.1,2.1,-1.4,18.2,-0.9,-5.020186677,-1.475068932,-0.84118343,-0.031733181,-0.346096865,-0.078664653,-0.298625734,-1.236326477,-2.006808356,-0.164351144,-0.077014302,2,Done,hexacene_a=7.3_b=5.9_theta=25.5_R3=-0.1_R4=2.1_cx=-1.4_cy=-0.9_cz=18.2.log
7.3,5.9,25.5,-0.1,2.1,-0.1,18.6,1.3,-5.432266219,-1.027679402,-1.076148275,-0.020117971,-1.740806867,-0.021805972,-1.740223282,-0.222703299,-1.948669554,-0.397797414,-0.049705067,2,Done,hexacene_a=7.3_b=5.9_theta=25.5_R3=-0.1_R4=2.1_cx=-0.1_cy=1.3_cz=18.6.log
7.3,5.9,25.5,-0.1,2.1,-1.4,18.3,-0.9,-4.983687557,-1.458684646,-1.055038838,-0.028601906,-0.332574025,-0.073261793,-0.280396568,-1.141679144,-1.998205193,-0.156739448,-0.072784885,2,Done,hexacene_a=7.3_b=5.9_theta=25.5_R3=-0.1_R4=2.1_cx=-1.4_cy=-0.9_cz=18.3.log
7.3,5.9,25.5,-0.1,2.1,2.1,17.8,0.4,-4.318398318,-1.947414534,-1.752051846,-0.067601652,-0.89860687,-0.018486444,-0.707429674,-0.176324035,-0.42483682,-0.882969321,-0.138472632,1,Done,hexacene_a=7.3_b=5.9_theta=25.5_R3=-0.1_R4=2.1_cx=2.1_cy=0.4_cz=17.8.log
7.3,5.9,25.5,-0.1,2.1,-0.1,18.4,1.4,-5.702669691,-0.873657073,-1.009927144,-0.022238954,-1.915888432,-0.023995982,-1.86147704,-0.241854904,-2.079430088,-0.473098614,-0.054693772,2,Done,hexacene_a=7.3_b=5.9_theta=25.5_R3=-0.1_R4=2.1_cx=-0.1_cy=1.4_cz=18.4.log
7.3,5.9,25.5,-0.1,2.1,-1.4,18.4,-0.9,-4.846429158,-1.404078725,-1.146874927,-0.025834587,-0.319433965,-0.068210337,-0.263177694,-1.049792855,-1.964633408,-0.149410131,-0.068787646,2,Done,hexacene_a=7.3_b=5.9_theta=25.5_R3=-0.1_R4=2.1_cx=-1.4_cy=-0.9_cz=18.4.log
7.3,5.9,25.5,-0.1,2.1,2.1,17.9,0.4,-4.319323895,-1.880245863,-1.782630408,-0.064062496,-0.866817213,-0.016798443,-0.683201513,-0.169459075,-0.411972865,-0.965185681,-0.125828305,1,Done,hexacene_a=7.3_b=5.9_theta=25.5_R3=-0.1_R4=2.1_cx=2.1_cy=0.4_cz=17.9.log
7.3,5.9,25.5,-0.1,2.1,-0.1,18.5,1.4,-5.653949814,-1.003626944,-1.093216547,-0.020814507,-1.859694911,-0.022508783,-1.821617604,-0.227164895,-2.026863575,-0.437769801,-0.051411894,2,Done,hexacene_a=7.3_b=5.9_theta=25.5_R3=-0.1_R4=2.1_cx=-0.1_cy=1.4_cz=18.5.log
7.3,5.9,25.5,-0.1,2.1,-1.4,18.2,-0.8,0,0,0,0,0,0,0,0,0,0,0,2,InProgress,hexacene_a=7.3_b=5.9_theta=25.5_R3=-0.1_R4=2.1_cx=-1.4_cy=-0.8_cz=18.2.log
7.3,5.9,25.5,-0.1,2.1,2.1,18,0.4,0,0,0,0,0,0,0,0,0,0,0,1,InProgress,hexacene_a=7.3_b=5.9_theta=25.5_R3=-0.1_R4=2.1_cx=2.1_cy=0.4_cz=18.0.log
7.3,5.9,25.5,-0.1,2.1,-0.1,18.6,1.4,0,0,0,0,0,0,0,0,0,0,0,2,InProgress,hexacene_a=7.3_b=5.9_theta=25.5_R3=-0.1_R4=2.1_cx=-0.1_cy=1.4_cz=18.6.log
,,,,,,,,,,,,,,,,,,,,,
,,,,,,,,,,,,,,,,,,,,,
7.3,5.9,25.5,0,0,-1.9,17.8,0,-4.611501964,-1.560855824,-1.560855824,-0.154963594,-0.246065496,-0.246128247,-0.154963594,-1.122238884,-1.122238884,-0.202553953,-0.202553953,1,Done,hexacene_a=7.3_b=5.9_theta=25.5_R3=0.0_R4=0.0_cx=-1.9_cy=0.0_cz=17.8.log
7.3,5.9,25.5,0,0,0,18.3,-2,-3.178601704,-0.772998194,-0.772998194,-0.698004473,-0.064112697,-0.698004473,-0.064112697,-0.643091073,-0.178652097,-0.178652097,-0.643091073,1,Done,hexacene_a=7.3_b=5.9_theta=25.5_R3=0.0_R4=0.0_cx=0.0_cy=-2.0_cz=18.3.log
7.3,5.9,25.5,0,0,-2,17.7,-0.1,-4.475868815,-1.707592762,-1.614476553,-0.174667408,-0.240857163,-0.266842352,-0.148130011,-0.959870672,-1.038378448,-0.196837337,-0.204499234,1,Done,hexacene_a=7.3_b=5.9_theta=25.5_R3=0.0_R4=0.0_cx=-2.0_cy=-0.1_cz=17.7.log
7.3,5.9,25.5,0,0,-0.1,18.2,-2.1,-3.105622291,-0.70879137,-0.272653095,-0.765016266,-0.065624996,-0.79980542,-0.062631773,-0.746115665,-0.185441755,-0.175520822,-0.661282588,1,Done,hexacene_a=7.3_b=5.9_theta=25.5_R3=0.0_R4=0.0_cx=-0.1_cy=-2.1_cz=18.2.log
7.3,5.9,25.5,0,0,-0.1,18.3,-2.1,-3.165129065,-0.886815957,-0.5851468,-0.71285136,-0.06243097,-0.737638005,-0.059519324,-0.689451512,-0.17507529,-0.166101897,-0.612299158,1,Done,hexacene_a=7.3_b=5.9_theta=25.5_R3=0.0_R4=0.0_cx=-0.1_cy=-2.1_cz=18.3.log
7.3,5.9,25.5,0,0,-2,17.8,-0.1,-4.616613033,-1.799108821,-1.748908021,-0.160768062,-0.229499232,-0.253940747,-0.136935232,-1.018480106,-1.048305656,-0.188974636,-0.196272578,1,Done,hexacene_a=7.3_b=5.9_theta=25.5_R3=0.0_R4=0.0_cx=-2.0_cy=-0.1_cz=17.8.log
7.3,5.9,25.5,0,0,-0.1,18.4,-2.1,-3.112540589,-0.967959275,-0.759029821,-0.657184948,-0.059374996,-0.675282336,-0.056538651,-0.636075512,-0.165261034,-0.157153604,-0.566365426,1,Done,hexacene_a=7.3_b=5.9_theta=25.5_R3=0.0_R4=0.0_cx=-0.1_cy=-2.1_cz=18.4.log
7.3,5.9,25.5,0,0,-2,17.9,-0.1,-4.614128093,-1.814827946,-1.790668811,-0.147891557,-0.218561733,-0.241534874,-0.126618968,-1.039520516,-1.034914592,-0.181331565,-0.188309476,1,Done,hexacene_a=7.3_b=5.9_theta=25.5_R3=0.0_R4=0.0_cx=-2.0_cy=-0.1_cz=17.9.log
7.3,5.9,25.5,0,0,-0.1,18.2,-2,-3.105095183,-0.72725899,-0.292990694,-0.744716318,-0.068988449,-0.768818977,-0.06588855,-0.738384742,-0.194603401,-0.183753753,-0.654022297,1,Done,hexacene_a=7.3_b=5.9_theta=25.5_R3=0.0_R4=0.0_cx=-0.1_cy=-2.0_cz=18.2.log
7.3,5.9,25.5,0,0,-2,17.7,0,-4.486520798,-1.664639703,-1.664639703,-0.160592359,-0.253482664,-0.253532865,-0.160592359,-1.003225337,-1.003225337,-0.200665148,-0.200665148,1,Done,hexacene_a=7.3_b=5.9_theta=25.5_R3=0.0_R4=0.0_cx=-2.0_cy=0.0_cz=17.7.log
7.3,5.9,25.5,0,0,-0.1,18.3,-2,-3.172072463,-0.916352853,-0.616490924,-0.687481131,-0.065574795,-0.705252214,-0.062556472,-0.682203772,-0.183603151,-0.173763794,-0.605647552,1,Done,hexacene_a=7.3_b=5.9_theta=25.5_R3=0.0_R4=0.0_cx=-0.1_cy=-2.0_cz=18.3.log
7.3,5.9,25.5,0,0,-2,17.8,0,-4.623255226,-1.776129405,-1.776129405,-0.14809236,-0.241359171,-0.241447023,-0.14809236,-1.036169612,-1.036169612,-0.19264557,-0.19264557,1,Done,hexacene_a=7.3_b=5.9_theta=25.5_R3=0.0_R4=0.0_cx=-2.0_cy=0.0_cz=17.8.log
7.3,5.9,25.5,0,0,-0.1,18.4,-2,-3.121786949,-1.001003952,-0.794057429,-0.629505482,-0.062318018,-0.643229126,-0.059381271,-0.629292128,-0.17318021,-0.164288393,-0.560278579,1,Done,hexacene_a=7.3_b=5.9_theta=25.5_R3=0.0_R4=0.0_cx=-0.1_cy=-2.0_cz=18.4.log
7.3,5.9,25.5,0,0,-2,17.9,0,-4.618141019,-1.804034774,-1.804034774,-0.136634027,-0.229700035,-0.229762787,-0.136634027,-1.039024783,-1.039024783,-0.184845621,-0.184845621,1,Done,hexacene_a=7.3_b=5.9_theta=25.5_R3=0.0_R4=0.0_cx=-2.0_cy=0.0_cz=17.9.log
7.3,5.9,25.5,0,0,-0.1,18.2,-1.9,-3.09705678,-0.740850856,-0.315668906,-0.717494934,-0.072546431,-0.734136499,-0.069314755,-0.729643528,-0.204110178,-0.19231299,-0.645983894,1,Done,hexacene_a=7.3_b=5.9_theta=25.5_R3=0.0_R4=0.0_cx=-0.1_cy=-1.9_cz=18.2.log
7.3,5.9,25.5,0,0,-2,17.7,0.1,-4.475890778,-1.614476553,-1.707592762,-0.148130011,-0.266842352,-0.240901089,-0.174667408,-1.038378448,-0.959870672,-0.204499234,-0.196837337,1,Done,hexacene_a=7.3_b=5.9_theta=25.5_R3=0.0_R4=0.0_cx=-2.0_cy=0.1_cz=17.7.log
7.3,5.9,25.5,0,0,-0.1,18.3,-1.9,-3.175909686,-0.944201747,-0.651079276,-0.657912859,-0.068919423,-0.670908592,-0.065788148,-0.674052417,-0.192463592,-0.181739446,-0.598249209,1,Done,hexacene_a=7.3_b=5.9_theta=25.5_R3=0.0_R4=0.0_cx=-0.1_cy=-1.9_cz=18.3.log
7.3,5.9,25.5,0,0,-2,17.8,0.1,-4.616609895,-1.748908021,-1.799108821,-0.136935232,-0.253903096,-0.229530608,-0.160768062,-1.048311931,-1.01847383,-0.196272578,-0.188974636,1,Done,hexacene_a=7.3_b=5.9_theta=25.5_R3=0.0_R4=0.0_cx=-2.0_cy=0.1_cz=17.8.log
7.3,5.9,25.5,0,0,-0.1,18.4,-1.9,-3.130794855,-1.034293358,-0.832624194,-0.599529329,-0.065443018,-0.610573505,-0.062399595,-0.621755733,-0.181413141,-0.171705561,-0.55348892,1,Done,hexacene_a=7.3_b=5.9_theta=25.5_R3=0.0_R4=0.0_cx=-0.1_cy=-1.9_cz=18.4.log
7.3,5.9,25.5,0,0,-2,17.9,0.1,-4.614087305,-1.790668811,-1.814827946,-0.126618968,-0.241465848,-0.218549183,-0.147891557,-1.034914592,-1.039520516,-0.188309476,-0.181331565,1,Done,hexacene_a=7.3_b=5.9_theta=25.5_R3=0.0_R4=0.0_cx=-2.0_cy=0.1_cz=17.9.log
7.3,5.9,25.5,0,0,0,18.2,-2.1,-3.116217798,-0.500301173,-0.500294898,-0.784933434,-0.064169173,-0.784933434,-0.064169173,-0.702968078,-0.180440501,-0.180440501,-0.702968078,1,Done,hexacene_a=7.3_b=5.9_theta=25.5_R3=0.0_R4=0.0_cx=0.0_cy=-2.1_cz=18.2.log
7.3,5.9,25.5,0,0,-1.9,17.7,-0.1,-4.430509255,-1.396291326,-1.271090531,-0.182806213,-0.245569763,-0.272640545,-0.15498242,-1.108960772,-1.137481102,-0.206984174,-0.215392807,1,Done,hexacene_a=7.3_b=5.9_theta=25.5_R3=0.0_R4=0.0_cx=-1.9_cy=-0.1_cz=17.7.log
7.3,5.9,25.5,0,0,0,18.3,-2.1,-3.172533683,-0.742915364,-0.742909089,-0.727233889,-0.061012797,-0.727227614,-0.061012797,-0.650138011,-0.170550943,-0.170550943,-0.650138011,1,Done,hexacene_a=7.3_b=5.9_theta=25.5_R3=0.0_R4=0.0_cx=0.0_cy=-2.1_cz=18.3.log
7.3,5.9,25.5,0,0,-1.9,17.8,-0.1,-4.606798777,-1.595312398,-1.523638206,-0.168260531,-0.23377885,-0.25914908,-0.143260533,-1.123155049,-1.116873674,-0.198531614,-0.206538641,1,Done,hexacene_a=7.3_b=5.9_theta=25.5_R3=0.0_R4=0.0_cx=-1.9_cy=-0.1_cz=17.8.log
7.3,5.9,25.5,0,0,0,18.4,-2.1,-3.117413204,-0.868423639,-0.868423639,-0.667783592,-0.057988199,-0.667783592,-0.057988199,-0.600432944,-0.161175944,-0.161175944,-0.600432944,1,Done,hexacene_a=7.3_b=5.9_theta=25.5_R3=0.0_R4=0.0_cx=0.0_cy=-2.1_cz=18.4.log
7.3,5.9,25.5,0,0,-1.9,17.9,-0.1,-4.628152942,-1.690348787,-1.652930366,-0.154750241,-0.222427195,-0.246197273,-0.132473636,-1.110416595,-1.079881959,-0.190348883,-0.197941755,1,Done,hexacene_a=7.3_b=5.9_theta=25.5_R3=0.0_R4=0.0_cx=-1.9_cy=-0.1_cz=17.9.log
7.3,5.9,25.5,0,0,0,18.2,-2,-3.114388606,-0.519026071,-0.519026071,-0.758829018,-0.067469875,-0.758829018,-0.067469875,-0.695394032,-0.189137789,-0.189137789,-0.695394032,1,Done,hexacene_a=7.3_b=5.9_theta=25.5_R3=0.0_R4=0.0_cx=0.0_cy=-2.0_cz=18.2.log
7.3,5.9,25.5,0,0,-1.9,17.7,0,-4.438604134,-1.336495898,-1.336495898,-0.168066003,-0.258665897,-0.258703548,-0.168066003,-1.126474577,-1.126468302,-0.211207316,-0.211207316,1,Done,hexacene_a=7.3_b=5.9_theta=25.5_R3=0.0_R4=0.0_cx=-1.9_cy=0.0_cz=17.7.log
7.3,5.9,25.5,0,0,0,18.4,-2,-3.126179519,-0.902284079,-0.902284079,-0.637644287,-0.060887295,-0.637644287,-0.060887295,-0.593975865,-0.168706064,-0.168706064,-0.593975865,1,Done,hexacene_a=7.3_b=5.9_theta=25.5_R3=0.0_R4=0.0_cx=0.0_cy=-2.0_cz=18.4.log
7.3,5.9,25.5,0,0,-1.9,17.9,0,-4.63070377,-1.672132172,-1.672132172,-0.142915403,-0.233948278,-0.234036129,-0.142915403,-1.096686677,-1.096686677,-0.194145319,-0.194145319,1,Done,hexacene_a=7.3_b=5.9_theta=25.5_R3=0.0_R4=0.0_cx=-1.9_cy=0.0_cz=17.9.log
7.3,5.9,25.5,0,0,0,18.2,-1.9,-3.104750052,-0.536044142,-0.536044142,-0.727503719,-0.070971381,-0.727503719,-0.070971381,-0.686928922,-0.198186483,-0.198186483,-0.686928922,1,Done,hexacene_a=7.3_b=5.9_theta=25.5_R3=0.0_R4=0.0_cx=0.0_cy=-1.9_cz=18.2.log
7.3,5.9,25.5,0,0,-1.9,17.7,0.1,-4.430568868,-1.271090531,-1.396291326,-0.15498242,-0.272678195,-0.245638789,-0.182806213,-1.137481102,-1.108967048,-0.215392807,-0.206984174,1,Done,hexacene_a=7.3_b=5.9_theta=25.5_R3=0.0_R4=0.0_cx=-1.9_cy=0.1_cz=17.7.log
7.3,5.9,25.5,0,0,0,18.3,-1.9,-3.181428636,-0.803570481,-0.803564206,-0.665750459,-0.067394574,-0.665750459,-0.067394574,-0.635291124,-0.187067006,-0.187067006,-0.635291124,1,Done,hexacene_a=7.3_b=5.9_theta=25.5_R3=0.0_R4=0.0_cx=0.0_cy=-1.9_cz=18.3.log
7.3,5.9,25.5,0,0,-1.9,17.8,0.1,-4.606817602,-1.523638206,-1.595312398,-0.143260533,-0.259130254,-0.233847877,-0.168260531,-1.116873674,-1.123148774,-0.206538641,-0.198531614,1,Done,hexacene_a=7.3_b=5.9_theta=25.5_R3=0.0_R4=0.0_cx=-1.9_cy=0.1_cz=17.8.log
7.3,5.9,25.5,0,0,0,18.4,-1.9,-3.134616391,-0.937876446,-0.937876446,-0.606086809,-0.063962094,-0.606080533,-0.063962094,-0.586815977,-0.176531113,-0.176531113,-0.586815977,1,Done,hexacene_a=7.3_b=5.9_theta=25.5_R3=0.0_R4=0.0_cx=0.0_cy=-1.9_cz=18.4.log
7.3,5.9,25.5,0,0,-1.9,17.9,0.1,-4.628143529,-1.652930366,-1.690348787,-0.132473636,-0.246140797,-0.222464845,-0.154750241,-1.079881959,-1.110416595,-0.197941755,-0.190348883,1,Done,hexacene_a=7.3_b=5.9_theta=25.5_R3=0.0_R4=0.0_cx=-1.9_cy=0.1_cz=17.9.log
7.3,5.9,25.5,0,0,0.1,18.2,-2.1,-3.105619154,-0.27265937,-0.708785095,-0.79980542,-0.062631773,-0.765009991,-0.065624996,-0.661282588,-0.175520822,-0.185441755,-0.746115665,1,Done,hexacene_a=7.3_b=5.9_theta=25.5_R3=0.0_R4=0.0_cx=0.1_cy=-2.1_cz=18.2.log
7.3,5.9,25.5,0,0,-1.8,17.7,-0.1,-4.180142178,-0.956695471,-0.798995933,-0.191227397,-0.250119211,-0.27831951,-0.162098383,-1.213673366,-1.202968045,-0.217796171,-0.226976642,1,Done,hexacene_a=7.3_b=5.9_theta=25.5_R3=0.0_R4=0.0_cx=-1.8_cy=-0.1_cz=17.7.log
7.3,5.9,25.5,0,0,0.1,18.3,-2.1,-3.165129065,-0.5851468,-0.886815957,-0.737638005,-0.059519324,-0.71285136,-0.06243097,-0.612299158,-0.166101897,-0.17507529,-0.689451512,1,Done,hexacene_a=7.3_b=5.9_theta=25.5_R3=0.0_R4=0.0_cx=0.1_cy=-2.1_cz=18.3.log
7.3,5.9,25.5,0,0,-1.8,17.8,-0.1,-4.438444118,-1.293643241,-1.199052383,-0.176004005,-0.237876491,-0.264288387,-0.149824288,-1.193411068,-1.158540338,-0.208709826,-0.21743849,1,Done,hexacene_a=7.3_b=5.9_theta=25.5_R3=0.0_R4=0.0_cx=-1.8_cy=-0.1_cz=17.8.log
7.3,5.9,25.5,0,0,0.1,18.4,-2.1,-3.112540589,-0.759029821,-0.967959275,-0.675282336,-0.056538651,-0.657184948,-0.059374996,-0.566365426,-0.157153604,-0.165261034,-0.636075512,1,Done,hexacene_a=7.3_b=5.9_theta=25.5_R3=0.0_R4=0.0_cx=0.1_cy=-2.1_cz=18.4.log
7.3,5.9,25.5,0,0,-1.8,17.9,-0.1,-4.519091704,-1.491277515,-1.438899255,-0.161866205,-0.226123228,-0.250784372,-0.138560483,-1.154260719,-1.102999427,-0.199887035,-0.208188993,1,Done,hexacene_a=7.3_b=5.9_theta=25.5_R3=0.0_R4=0.0_cx=-1.8_cy=-0.1_cz=17.9.log
7.3,5.9,25.5,0,0,0.1,18.2,-2,-3.105092045,-0.292990694,-0.727252715,-0.768818977,-0.06588855,-0.744716318,-0.068988449,-0.654022297,-0.183753753,-0.194603401,-0.738384742,1,Done,hexacene_a=7.3_b=5.9_theta=25.5_R3=0.0_R4=0.0_cx=0.1_cy=-2.0_cz=18.2.log
7.3,5.9,25.5,0,0,-1.8,17.7,0,-4.185328547,-0.879003458,-0.879003458,-0.175828302,-0.263805204,-0.263805204,-0.175828302,-1.210937422,-1.210937422,-0.222408369,-0.222408369,1,Done,hexacene_a=7.3_b=5.9_theta=25.5_R3=0.0_R4=0.0_cx=-1.8_cy=0.0_cz=17.7.log
7.3,5.9,25.5,0,0,0.1,18.3,-2,-3.172072463,-0.616490924,-0.916352853,-0.705252214,-0.062556472,-0.687481131,-0.065574795,-0.605647552,-0.173763794,-0.183603151,-0.682203772,1,Done,hexacene_a=7.3_b=5.9_theta=25.5_R3=0.0_R4=0.0_cx=0.1_cy=-2.0_cz=18.3.log
7.3,5.9,25.5,0,0,-1.8,17.8,0,-4.44105456,-1.246441938,-1.246441938,-0.162098383,-0.250640044,-0.25068397,-0.162098383,-1.177842545,-1.177842545,-0.213083571,-0.213083571,1,Done,hexacene_a=7.3_b=5.9_theta=25.5_R3=0.0_R4=0.0_cx=-1.8_cy=0.0_cz=17.8.log
7.3,5.9,25.5,0,0,0.1,18.4,-2,-3.121783811,-0.794057429,-1.000997677,-0.643229126,-0.059381271,-0.629505482,-0.062318018,-0.560278579,-0.164288393,-0.17318021,-0.629292128,1,Done,hexacene_a=7.3_b=5.9_theta=25.5_R3=0.0_R4=0.0_cx=0.1_cy=-2.0_cz=18.4.log
7.3,5.9,25.5,0,0,-1.8,17.9,0,-4.519992181,-1.464457738,-1.464451462,-0.149454057,-0.238020818,-0.238102394,-0.149454057,-1.129957257,-1.129957257,-0.204053702,-0.204053702,1,Done,hexacene_a=7.3_b=5.9_theta=25.5_R3=0.0_R4=0.0_cx=-1.8_cy=0.0_cz=17.9.log
7.3,5.9,25.5,0,0,0.1,18.2,-1.9,-3.09705678,-0.315675181,-0.740844581,-0.734136499,-0.069314755,-0.717494934,-0.072546431,-0.645983894,-0.19231299,-0.204110178,-0.729643528,1,Done,hexacene_a=7.3_b=5.9_theta=25.5_R3=0.0_R4=0.0_cx=0.1_cy=-1.9_cz=18.2.log
7.3,5.9,25.5,0,0,-1.8,17.7,0.1,-4.180223754,-0.798995933,-0.956695471,-0.162098383,-0.278426187,-0.250175687,-0.191227397,-1.202968045,-1.213673366,-0.226976642,-0.217796171,1,Done,hexacene_a=7.3_b=5.9_theta=25.5_R3=0.0_R4=0.0_cx=-1.8_cy=0.1_cz=17.7.log
7.3,5.9,25.5,0,0,0.1,18.3,-1.9,-3.175903411,-0.651079276,-0.944195472,-0.670908592,-0.065788148,-0.657906584,-0.068919423,-0.598249209,-0.181739446,-0.192463592,-0.674052417,1,Done,hexacene_a=7.3_b=5.9_theta=25.5_R3=0.0_R4=0.0_cx=0.1_cy=-1.9_cz=18.3.log
7.3,5.9,25.5,0,0,-1.8,17.8,0.1,-4.438503732,-1.199052383,-1.293643241,-0.149824288,-0.264326037,-0.237958067,-0.176004005,-1.158540338,-1.193411068,-0.21743849,-0.208709826,1,Done,hexacene_a=7.3_b=5.9_theta=25.5_R3=0.0_R4=0.0_cx=-1.8_cy=0.1_cz=17.8.log
7.3,5.9,25.5,0,0,0.1,18.4,-1.9,-3.130797993,-0.832630469,-1.034293358,-0.610573505,-0.062399595,-0.599529329,-0.065443018,-0.55348892,-0.171705561,-0.181413141,-0.621755733,1,Done,hexacene_a=7.3_b=5.9_theta=25.5_R3=0.0_R4=0.0_cx=0.1_cy=-1.9_cz=18.4.log
7.3,5.9,25.5,0,0,-1.8,17.9,0.1,-4.519097979,-1.438899255,-1.491277515,-0.138560483,-0.250746721,-0.22618598,-0.161866205,-1.102999427,-1.154254444,-0.208188993,-0.199887035,1,Done,hexacene_a=7.3_b=5.9_theta=25.5_R3=0.0_R4=0.0_cx=-1.8_cy=0.1_cz=17.9.log
7.3,5.9,25.5,0,0,-0.1,18.2,-1.8,-3.073920486,-0.740505726,-0.3310178,-0.685416623,-0.076298941,-0.697157335,-0.072941762,-0.719923398,-0.213962085,-0.201204806,-0.637161104,1,Done,hexacene_a=7.3_b=5.9_theta=25.5_R3=0.0_R4=0.0_cx=-0.1_cy=-1.8_cz=18.2.log
7.3,5.9,25.5,0,0,-2,18,-0.1,-4.508631112,-1.777152245,-1.767212487,-0.136106919,-0.208044666,-0.229580808,-0.116999239,-1.032398277,-1.004179153,-0.173920671,-0.180584828,1,Done,hexacene_a=7.3_b=5.9_theta=25.5_R3=0.0_R4=0.0_cx=-2.0_cy=-0.1_cz=18.0.log
7.3,5.9,25.5,0,0,-0.1,18.3,-1.8,-3.170337398,-0.962926645,-0.681093079,-0.625596095,-0.072452305,-0.635755481,-0.069189253,-0.665041373,-0.201650338,-0.190016303,-0.590122954,1,Done,hexacene_a=7.3_b=5.9_theta=25.5_R3=0.0_R4=0.0_cx=-0.1_cy=-1.8_cz=18.3.log
7.3,5.9,25.5,0,0,-2,18,0,-4.511188216,-1.773067156,-1.773067156,-0.12612951,-0.218480157,-0.218492707,-0.12612951,-1.019477847,-1.019484122,-0.177271575,-0.177271575,1,Done,hexacene_a=7.3_b=5.9_theta=25.5_R3=0.0_R4=0.0_cx=-2.0_cy=0.0_cz=18.0.log
7.3,5.9,25.5,0,0,-0.1,18.4,-1.8,-3.135598444,-1.062857613,-0.869559432,-0.568492685,-0.068762546,-0.578124963,-0.065593621,-0.613485151,-0.189959827,-0.179398834,-0.546059202,1,Done,hexacene_a=7.3_b=5.9_theta=25.5_R3=0.0_R4=0.0_cx=-0.1_cy=-1.8_cz=18.4.log
7.3,5.9,25.5,0,0,-2,18,0.1,-4.508571498,-1.767212487,-1.777152245,-0.116999239,-0.229511782,-0.207994465,-0.136106919,-1.004179153,-1.032398277,-0.180584828,-0.173920671,1,Done,hexacene_a=7.3_b=5.9_theta=25.5_R3=0.0_R4=0.0_cx=-2.0_cy=0.1_cz=18.0.log
7.3,5.9,25.5,0,0,0,18.2,-1.8,-3.079718678,-0.542049413,-0.542049413,-0.692651813,-0.07467369,-0.692651813,-0.07467369,-0.677622948,-0.207548933,-0.207548933,-0.677622948,1,Done,hexacene_a=7.3_b=5.9_theta=25.5_R3=0.0_R4=0.0_cx=0.0_cy=-1.8_cz=18.2.log
7.3,5.9,25.5,0,0,-1.9,18,-0.1,-4.536467456,-1.709751396,-1.69207444,-0.142356919,-0.211533621,-0.233778851,-0.122420926,-1.077704499,-1.030760476,-0.182423432,-0.189620972,1,Done,hexacene_a=7.3_b=5.9_theta=25.5_R3=0.0_R4=0.0_cx=-1.9_cy=-0.1_cz=18.0.log
7.3,5.9,25.5,0,0,0,18.3,-1.8,-3.174657804,-0.826964054,-0.826964054,-0.631751968,-0.070864704,-0.631745693,-0.070864704,-0.626738163,-0.195801945,-0.195801945,-0.626738163,1,Done,hexacene_a=7.3_b=5.9_theta=25.5_R3=0.0_R4=0.0_cx=0.0_cy=-1.8_cz=18.3.log
7.3,5.9,25.5,0,0,-1.9,18,0,-4.538017405,-1.701072933,-1.701072933,-0.131890052,-0.222314243,-0.222383269,-0.131890052,-1.055321218,-1.055321218,-0.186031615,-0.186031615,1,Done,hexacene_a=7.3_b=5.9_theta=25.5_R3=0.0_R4=0.0_cx=-1.9_cy=0.0_cz=18.0.log
7.3,5.9,25.5,0,0,-1.9,18,0.1,-4.536414117,-1.692068165,-1.709751396,-0.122420926,-0.233703549,-0.211508521,-0.142356919,-1.030760476,-1.077704499,-0.189620972,-0.182423432,1,Done,hexacene_a=7.3_b=5.9_theta=25.5_R3=0.0_R4=0.0_cx=-1.9_cy=0.1_cz=18.0.log
7.3,5.9,25.5,0,0,0,18.4,-1.8,-3.138657556,-0.970067709,-0.970061434,-0.574177925,-0.067206321,-0.574177925,-0.067206321,-0.578959552,-0.184644817,-0.184644817,-0.578959552,1,Done,hexacene_a=7.3_b=5.9_theta=25.5_R3=0.0_R4=0.0_cx=0.0_cy=-1.8_cz=18.4.log
7.3,5.9,25.5,0,0,-1.8,18,-0.1,-4.468743439,-1.585774246,-1.55907997,-0.148883023,-0.214834324,-0.23783884,-0.128049691,-1.101298875,-1.039639743,-0.191346624,-0.19922815,2,Done,hexacene_a=7.3_b=5.9_theta=25.5_R3=0.0_R4=0.0_cx=-1.8_cy=-0.1_cz=18.0.log
7.3,5.9,25.5,0,0,0.1,18.2,-1.8,-3.073920486,-0.3310178,-0.740505726,-0.697157335,-0.072941762,-0.685416623,-0.076298941,-0.637161104,-0.201204806,-0.213962085,-0.719923398,1,Done,hexacene_a=7.3_b=5.9_theta=25.5_R3=0.0_R4=0.0_cx=0.1_cy=-1.8_cz=18.2.log
7.3,5.9,25.5,0,0,-1.8,18,0,-4.468859529,-1.571536044,-1.571536044,-0.137882772,-0.225953801,-0.226035377,-0.137882772,-1.071416849,-1.071416849,-0.195306212,-0.195306212,2,Done,hexacene_a=7.3_b=5.9_theta=25.5_R3=0.0_R4=0.0_cx=-1.8_cy=0.0_cz=18.0.log
7.3,5.9,25.5,0,0,0.1,18.3,-1.8,-3.170337398,-0.681093079,-0.962926645,-0.635755481,-0.069189253,-0.625596095,-0.072452305,-0.590122954,-0.190016303,-0.201650338,-0.665041373,1,Done,hexacene_a=7.3_b=5.9_theta=25.5_R3=0.0_R4=0.0_cx=0.1_cy=-1.8_cz=18.3.log
7.3,5.9,25.5,0,0,-1.8,18,0.1,-4.468727751,-1.55907997,-1.585774246,-0.128049691,-0.237776089,-0.214865699,-0.148883023,-1.039639743,-1.101298875,-0.19922815,-0.191346624,2,Done,hexacene_a=7.3_b=5.9_theta=25.5_R3=0.0_R4=0.0_cx=-1.8_cy=0.1_cz=18.0.log
7.3,5.9,25.5,0,0,0.1,18.4,-1.8,-3.135598444,-0.869559432,-1.062857613,-0.578124963,-0.065593621,-0.568492685,-0.068762546,-0.546059202,-0.179398834,-0.189959827,-0.613485151,1,Done,hexacene_a=7.3_b=5.9_theta=25.5_R3=0.0_R4=0.0_cx=0.1_cy=-1.8_cz=18.4.log
,,,,,,,,,,,,,,,,,,,,,
,,,,,,,,,,,,,,,,,,,,,
7.3,5.9,25.5,2.2,2.1,-2.1,17.8,0.4,-4.318338704,-1.752051846,-1.947414534,-0.018486444,-0.707322997,-0.067607927,-0.898600595,-0.138472632,-0.882963046,-0.42483682,-0.176324035,1,Done,hexacene_a=7.3_b=5.9_theta=25.5_R3=2.2_R4=2.1_cx=-2.1_cy=0.4_cz=17.8.log
7.3,5.9,25.5,2.2,2.1,-2.1,17.9,0.4,-4.319311345,-1.782630408,-1.880245863,-0.016798443,-0.683188962,-0.064062496,-0.866817213,-0.125828305,-0.965179406,-0.411972865,-0.169459075,1,Done,hexacene_a=7.3_b=5.9_theta=25.5_R3=2.2_R4=2.1_cx=-2.1_cy=0.4_cz=17.9.log
7.3,5.9,25.5,2.2,2.1,-2.1,18,0.4,-4.225762154,-1.746830962,-1.788252898,-0.015223393,-0.659362407,-0.060692767,-0.829743923,-0.114583326,-0.998920619,-0.39941639,-0.162788644,1,Done,hexacene_a=7.3_b=5.9_theta=25.5_R3=2.2_R4=2.1_cx=-2.1_cy=0.4_cz=18.0.log
7.3,5.9,25.5,2.2,2.1,-2.1,17.8,0.5,-4.287396187,-1.661050346,-1.95406614,-0.01757028,-0.749177914,-0.065317516,-0.915436689,-0.132975644,-0.869289603,-0.431174671,-0.172646826,1,Done,hexacene_a=7.3_b=5.9_theta=25.5_R3=2.2_R4=2.1_cx=-2.1_cy=0.5_cz=17.8.log
7.3,5.9,25.5,2.2,2.1,-2.1,17.9,0.5,-4.326355145,-1.721561135,-1.878181356,-0.015963855,-0.723581781,-0.061941512,-0.900677653,-0.121021579,-0.970281062,-0.418160114,-0.165938745,1,Done,hexacene_a=7.3_b=5.9_theta=25.5_R3=2.2_R4=2.1_cx=-2.1_cy=0.5_cz=17.9.log
7.3,5.9,25.5,2.2,2.1,-2.1,18,0.5,-4.258593477,-1.706638947,-1.780929856,-0.01447038,-0.698412355,-0.058728661,-0.876079261,-0.110284882,-1.015788088,-0.405459311,-0.159431466,1,Done,hexacene_a=7.3_b=5.9_theta=25.5_R3=2.2_R4=2.1_cx=-2.1_cy=0.5_cz=18.0.log
7.3,5.9,25.5,2.2,2.1,-2.1,17.8,0.6,-4.229806456,-1.539815414,-1.957981802,-0.016685491,-0.793862901,-0.063127506,-0.898142513,-0.127648084,-0.861012746,-0.43737447,-0.168963342,1,Done,hexacene_a=7.3_b=5.9_theta=25.5_R3=2.2_R4=2.1_cx=-2.1_cy=0.6_cz=17.8.log
7.3,5.9,25.5,2.2,2.1,-2.1,17.9,0.6,-4.312942118,-1.636276251,-1.87344993,-0.015160642,-0.766723093,-0.059902105,-0.908220323,-0.116327804,-0.980126694,-0.42420931,-0.162412138,1,Done,hexacene_a=7.3_b=5.9_theta=25.5_R3=2.2_R4=2.1_cx=-2.1_cy=0.6_cz=17.9.log
7.3,5.9,25.5,2.2,2.1,-2.1,18,0.6,-4.276919907,-1.647904011,-1.770958722,-0.013742469,-0.739978618,-0.056839856,-0.904235635,-0.106055465,-1.036602594,-0.411370456,-0.156061737,1,Done,hexacene_a=7.3_b=5.9_theta=25.5_R3=2.2_R4=2.1_cx=-2.1_cy=0.6_cz=18.0.log
7.3,5.9,25.5,2.2,2.1,-2,17.9,0.5,-4.444763144,-1.619477808,-1.856871116,-0.016936495,-0.755823245,-0.061841111,-0.927886487,-0.120839601,-1.082046869,-0.448550423,-0.173908121,1,Done,hexacene_a=7.3_b=5.9_theta=25.5_R3=2.2_R4=2.1_cx=-2.0_cy=0.5_cz=17.9.log
7.3,5.9,25.5,2.2,2.1,-2,17.8,0.4,-4.413221354,-1.581162048,-1.867865091,-0.019540661,-0.738133738,-0.067570277,-0.928011989,-0.137939248,-1.033446219,-0.455622461,-0.185071524,1,Done,hexacene_a=7.3_b=5.9_theta=25.5_R3=2.2_R4=2.1_cx=-2.0_cy=0.4_cz=17.8.log
7.3,5.9,25.5,2.2,2.1,-2,17.9,0.4,-4.427221102,-1.691308878,-1.846805856,-0.017783633,-0.712468579,-0.063968369,-0.897973085,-0.125564751,-1.067344309,-0.44143446,-0.177723382,1,Done,hexacene_a=7.3_b=5.9_theta=25.5_R3=2.2_R4=2.1_cx=-2.0_cy=0.4_cz=17.9.log
7.3,5.9,25.5,2.2,2.1,-2,18,0.4,-4.339300676,-1.709575694,-1.786276241,-0.016152107,-0.687280327,-0.060554715,-0.861784583,-0.114407623,-1.065926137,-0.427579039,-0.170576043,1,Done,hexacene_a=7.3_b=5.9_theta=25.5_R3=2.2_R4=2.1_cx=-2.0_cy=0.4_cz=18.0.log
7.3,5.9,25.5,2.2,2.1,-2,17.8,0.5,-4.397370451,-1.474774002,-1.891572419,-0.018611947,-0.783176406,-0.065267315,-0.938911838,-0.132605413,-1.034600838,-0.462914127,-0.181093111,1,Done,hexacene_a=7.3_b=5.9_theta=25.5_R3=2.2_R4=2.1_cx=-2.0_cy=0.5_cz=17.8.log
7.3,5.9,25.5,2.2,2.1,-2,18,0.5,-4.379630744,-1.662230064,-1.787242607,-0.01538027,-0.728965817,-0.058584334,-0.906017763,-0.110165655,-1.088786326,-0.4345193,-0.166949035,1,Done,hexacene_a=7.3_b=5.9_theta=25.5_R3=2.2_R4=2.1_cx=-2.0_cy=0.5_cz=18.0.log
7.3,5.9,25.5,2.2,2.1,-2,17.8,0.6,-4.351122964,-1.33563621,-1.913685871,-0.017702057,-0.831425649,-0.06304593,-0.912926649,-0.12739708,-1.039445215,-0.469973614,-0.177095872,1,Done,hexacene_a=7.3_b=5.9_theta=25.5_R3=2.2_R4=2.1_cx=-2.0_cy=0.6_cz=17.8.log
7.3,5.9,25.5,2.2,2.1,-2,17.9,0.6,-4.438183702,-1.520688909,-1.86493462,-0.016108182,-0.802346836,-0.059770328,-0.928746175,-0.116189752,-1.100125431,-0.455478133,-0.170092861,1,Done,hexacene_a=7.3_b=5.9_theta=25.5_R3=2.2_R4=2.1_cx=-2.0_cy=0.6_cz=17.9.log
7.3,5.9,25.5,2.2,2.1,-2,18,0.6,-4.402089327,-1.593618121,-1.785956211,-0.014633533,-0.773763756,-0.056664153,-0.929568214,-0.105998989,-1.114395009,-0.441290132,-0.163303202,1,Done,hexacene_a=7.3_b=5.9_theta=25.5_R3=2.2_R4=2.1_cx=-2.0_cy=0.6_cz=18.0.log
7.3,5.9,25.5,2.2,2.1,-2,17.8,0.7,-4.268991318,-1.162305397,-1.932454696,-0.016836093,-0.882730867,-0.060899846,-0.843172637,-0.122320524,-1.04764677,-0.476731897,-0.173092358,1,Done,hexacene_a=7.3_b=5.9_theta=25.5_R3=2.2_R4=2.1_cx=-2.0_cy=0.7_cz=17.8.log
7.3,5.9,25.5,2.2,2.1,-2,17.9,0.7,-4.402239929,-1.392927873,-1.869785272,-0.015323794,-0.851970327,-0.057793671,-0.893423637,-0.111627754,-1.121567448,-0.462161115,-0.166271325,1,Done,hexacene_a=7.3_b=5.9_theta=25.5_R3=2.2_R4=2.1_cx=-2.0_cy=0.7_cz=17.9.log
7.3,5.9,25.5,2.2,2.1,-2,18,0.7,-4.401377103,-1.501518478,-1.781613842,-0.013930722,-0.821661594,-0.054825549,-0.92432223,-0.101913899,-1.14301574,-0.447847612,-0.159663644,1,Done,hexacene_a=7.3_b=5.9_theta=25.5_R3=2.2_R4=2.1_cx=-2.0_cy=0.7_cz=18.0.log
7.3,5.9,25.5,2.2,2.1,-1.9,17.8,0.4,-4.392940231,-1.324303379,-1.714545573,-0.020670179,-0.770419127,-0.067444775,-0.959682418,-0.137368214,-1.143862879,-0.488918141,-0.194258271,1,Done,hexacene_a=7.3_b=5.9_theta=25.5_R3=2.2_R4=2.1_cx=-1.9_cy=0.4_cz=17.8.log
7.3,5.9,25.5,2.2,2.1,-1.9,17.9,0.4,-4.449657722,-1.535171839,-1.758251645,-0.018831575,-0.742940464,-0.063805217,-0.930867159,-0.125188245,-1.139658562,-0.47347512,-0.186401845,1,Done,hexacene_a=7.3_b=5.9_theta=25.5_R3=2.2_R4=2.1_cx=-1.9_cy=0.4_cz=17.9.log
7.3,5.9,25.5,2.2,2.1,-1.9,18,0.4,-4.390709433,-1.625803109,-1.744214246,-0.017131023,-0.716045386,-0.060347637,-0.895186941,-0.114125244,-1.110084015,-0.458370955,-0.178765049,1,Done,hexacene_a=7.3_b=5.9_theta=25.5_R3=2.2_R4=2.1_cx=-1.9_cy=0.4_cz=18.0.log
7.3,5.9,25.5,2.2,2.1,-1.9,17.8,0.5,-4.393417139,-1.204944702,-1.760416554,-0.019703814,-0.819032327,-0.065122988,-0.96607047,-0.132159881,-1.156689183,-0.496956545,-0.189966102,1,Done,hexacene_a=7.3_b=5.9_theta=25.5_R3=2.2_R4=2.1_cx=-1.9_cy=0.5_cz=17.8.log
7.3,5.9,25.5,2.2,2.1,-1.9,17.9,0.5,-4.479182067,-1.454486604,-1.784613339,-0.017959336,-0.789708785,-0.061659133,-0.957868915,-0.120525846,-1.16185359,-0.481356646,-0.18229793,1,Done,hexacene_a=7.3_b=5.9_theta=25.5_R3=2.2_R4=2.1_cx=-1.9_cy=0.5_cz=17.9.log
7.3,5.9,25.5,2.2,2.1,-1.9,18,0.5,-4.440282722,-1.572828715,-1.756971524,-0.01634036,-0.760975102,-0.058364705,-0.938027048,-0.109964852,-1.137631704,-0.466083052,-0.174849386,1,Done,hexacene_a=7.3_b=5.9_theta=25.5_R3=2.2_R4=2.1_cx=-1.9_cy=0.5_cz=18.0.log
7.3,5.9,25.5,2.2,2.1,-1.9,17.8,0.6,-4.361301177,-1.051512232,-1.80660129,-0.018775099,-0.870814452,-0.062889052,-0.933345824,-0.127058225,-1.171962776,-0.504649817,-0.185661384,1,Done,hexacene_a=7.3_b=5.9_theta=25.5_R3=2.2_R4=2.1_cx=-1.9_cy=0.6_cz=17.8.log
7.3,5.9,25.5,2.2,2.1,-1.9,17.9,0.6,-4.482040376,-1.344910807,-1.810360075,-0.017118473,-0.839777808,-0.059588349,-0.953633222,-0.115945023,-1.18628883,-0.488936967,-0.178175189,1,Done,hexacene_a=7.3_b=5.9_theta=25.5_R3=2.2_R4=2.1_cx=-1.9_cy=0.6_cz=17.9.log
7.3,5.9,25.5,2.2,2.1,-1.9,18,0.6,-4.469345848,-1.496573699,-1.768329455,-0.015581073,-0.809224346,-0.056438249,-0.958132469,-0.105867212,-1.166879945,-0.473544146,-0.170914899,1,Done,hexacene_a=7.3_b=5.9_theta=25.5_R3=2.2_R4=2.1_cx=-1.9_cy=0.6_cz=18.0.log
7.3,5.9,25.5,2.2,2.1,-1.9,17.8,0.7,-4.289987802,-0.861778308,-1.850457964,-0.017884035,-0.925608626,-0.060730418,-0.854116411,-0.122038145,-1.189300878,-0.51202306,-0.18133784,1,Done,hexacene_a=7.3_b=5.9_theta=25.5_R3=2.2_R4=2.1_cx=-1.9_cy=0.7_cz=17.8.log
7.3,5.9,25.5,2.2,2.1,-1.9,17.9,0.7,-4.452374841,-1.204279541,-1.833502644,-0.016308985,-0.892745927,-0.057580318,-0.911050393,-0.111445776,-1.212958005,-0.496190983,-0.174046174,1,Done,hexacene_a=7.3_b=5.9_theta=25.5_R3=2.2_R4=2.1_cx=-1.9_cy=0.7_cz=17.9.log
7.3,5.9,25.5,2.2,2.1,-1.9,18,0.7,-4.471984528,-1.394509198,-1.776920067,-0.014846887,-0.860410337,-0.054587095,-0.947427148,-0.101869973,-1.198086018,-0.48069776,-0.166980411,1,Done,hexacene_a=7.3_b=5.9_theta=25.5_R3=2.2_R4=2.1_cx=-1.9_cy=0.7_cz=18.0.log
7.3,5.9,25.5,2.2,2.1,-1.8,17.8,0.5,-4.27116564,-0.845757978,-1.547289058,-0.020864707,-0.8565386,-0.064915909,-0.997653048,-0.131595122,-1.240618645,-0.533182697,-0.199259525,1,Done,hexacene_a=7.3_b=5.9_theta=25.5_R3=2.2_R4=2.1_cx=-1.8_cy=0.5_cz=17.8.log
7.3,5.9,25.5,2.2,2.1,-1.8,17.9,0.5,-4.422762644,-1.218536569,-1.650282274,-0.019051204,-0.825294877,-0.061414404,-0.991177145,-0.120092864,-1.212568948,-0.516152075,-0.19107052,1,Done,hexacene_a=7.3_b=5.9_theta=25.5_R3=2.2_R4=2.1_cx=-1.8_cy=0.5_cz=17.9.log
7.3,5.9,25.5,2.2,2.1,-1.8,18,0.5,-4.432297658,-1.429850561,-1.680057623,-0.017356927,-0.794559437,-0.058088601,-0.972445972,-0.109682473,-1.163811421,-0.49949796,-0.183126243,2,Done,hexacene_a=7.3_b=5.9_theta=25.5_R3=2.2_R4=2.1_cx=-1.8_cy=0.5_cz=18.0.log
7.3,5.9,25.5,2.2,2.1,-1.8,17.8,0.6,-4.257658488,-0.682787356,-1.623776251,-0.019910892,-0.911671628,-0.062669424,-0.96042288,-0.126575042,-1.263943192,-0.541898811,-0.194622227,2,Done,hexacene_a=7.3_b=5.9_theta=25.5_R3=2.2_R4=2.1_cx=-1.8_cy=0.6_cz=17.8.log
7.3,5.9,25.5,2.2,2.1,-1.8,17.9,0.6,-4.438786111,-1.101750683,-1.698575444,-0.01818524,-0.878645777,-0.05933107,-0.983722327,-0.115587342,-1.241792089,-0.524667386,-0.186634024,2,Done,hexacene_a=7.3_b=5.9_theta=25.5_R3=2.2_R4=2.1_cx=-1.8_cy=0.6_cz=17.9.log
7.3,5.9,25.5,2.2,2.1,-1.8,18,0.6,-4.471303679,-1.34887667,-1.70810732,-0.016572539,-0.846128209,-0.05615587,-0.990562186,-0.105678959,-1.195720305,-0.507806192,-0.178896826,2,Done,hexacene_a=7.3_b=5.9_theta=25.5_R3=2.2_R4=2.1_cx=-1.8_cy=0.6_cz=18.0.log
7.3,5.9,25.5,2.2,2.1,-1.8,17.8,0.7,-4.203024329,-0.481494698,-1.699566909,-0.018988452,-0.970306163,-0.060498239,-0.874328508,-0.121636539,-1.288384707,-0.550439222,-0.189972377,2,Done,hexacene_a=7.3_b=5.9_theta=25.5_R3=2.2_R4=2.1_cx=-1.8_cy=0.7_cz=17.8.log
7.3,5.9,25.5,2.2,2.1,-1.8,17.9,0.7,-4.420669897,-0.95253508,-1.745462991,-0.017356927,-0.935159328,-0.057316763,-0.936182169,-0.111169672,-1.2723079,-0.532988169,-0.182197528,2,Done,hexacene_a=7.3_b=5.9_theta=25.5_R3=2.2_R4=2.1_cx=-1.8_cy=0.7_cz=17.9.log
7.3,5.9,25.5,2.2,2.1,-1.8,18,0.7,-4.481896049,-1.240474318,-1.734186636,-0.015825802,-0.900621177,-0.054292165,-0.976361634,-0.101775847,-1.22865203,-0.515926172,-0.174661133,2,Done,hexacene_a=7.3_b=5.9_theta=25.5_R3=2.2_R4=2.1_cx=-1.8_cy=0.7_cz=18.0.log
,,,,,,,,,,,,,,,,,,,,,
,,,,,,,,,,,,,,,,,,,,,
7.3,5.9,25.5,2.2,2.1,0.2,18.4,1.4,-5.72920395,-1.077058164,-0.808734888,-0.024861946,-1.81411886,-0.02133534,-1.924259415,-0.054172938,-0.44741463,-2.142130887,-0.250301189,2,Done,hexacene_a=7.3_b=5.9_theta=25.5_R3=2.2_R4=2.1_cx=0.2_cy=1.4_cz=18.4.log
7.3,5.9,25.5,2.2,2.1,0.1,18.4,1.4,-5.702672828,-1.009933419,-0.873657073,-0.023995982,-1.86147704,-0.022238954,-1.915888432,-0.054693772,-0.473098614,-2.079430088,-0.241854904,2,Done,hexacene_a=7.3_b=5.9_theta=25.5_R3=2.2_R4=2.1_cx=0.1_cy=1.4_cz=18.4.log
7.3,5.9,25.5,2.2,2.1,0.2,18.5,1.4,-5.69921211,-1.135498171,-0.95916786,-0.023343372,-1.786552346,-0.019954818,-1.862989339,-0.050960087,-0.414947262,-2.104800317,-0.234751491,2,Done,hexacene_a=7.3_b=5.9_theta=25.5_R3=2.2_R4=2.1_cx=0.2_cy=1.4_cz=18.5.log
7.3,5.9,25.5,2.2,2.1,0.3,18.5,1.4,-5.696441654,-1.174497917,-0.916773285,-0.02416541,-1.741133172,-0.019088854,-1.856557361,-0.050476904,-0.39343622,-2.143900465,-0.242520065,2,Done,hexacene_a=7.3_b=5.9_theta=25.5_R3=2.2_R4=2.1_cx=0.3_cy=1.4_cz=18.5.log
7.3,5.9,25.5,2.2,2.1,0.3,18.4,1.4,-5.695842381,-1.14082573,-0.74861943,-0.02571536,-1.753193914,-0.020431726,-1.92139797,-0.053614454,-0.423280595,-2.154950916,-0.258904351,2,Done,hexacene_a=7.3_b=5.9_theta=25.5_R3=2.2_R4=2.1_cx=0.3_cy=1.4_cz=18.4.log
7.3,5.9,25.5,2.2,2.1,0.3,18.4,1.3,-5.687427472,-1.060592301,-0.720155576,-0.026587599,-1.819860576,-0.021140812,-1.863127391,-0.055133029,-0.415775576,-2.189526717,-0.271260023,2,Done,hexacene_a=7.3_b=5.9_theta=25.5_R3=2.2_R4=2.1_cx=0.3_cy=1.3_cz=18.4.log
7.3,5.9,25.5,2.2,2.1,0.2,18.4,1.3,-5.679329456,-0.997929153,-0.764821738,-0.025709085,-1.853281759,-0.022075802,-1.879003394,-0.055735438,-0.439150323,-2.151060354,-0.261972875,2,Done,hexacene_a=7.3_b=5.9_theta=25.5_R3=2.2_R4=2.1_cx=0.2_cy=1.3_cz=18.4.log
7.3,5.9,25.5,2.2,2.1,0.3,18.5,1.3,-5.676819416,-1.125828241,-0.905660083,-0.024974898,-1.77398332,-0.019728915,-1.790235829,-0.051882527,-0.386659112,-2.164137663,-0.253934472,2,Done,hexacene_a=7.3_b=5.9_theta=25.5_R3=2.2_R4=2.1_cx=0.3_cy=1.3_cz=18.5.log
7.3,5.9,25.5,2.2,2.1,0.1,18.4,1.5,-5.661941153,-1.057856358,-0.904674892,-0.023211595,-1.751989095,-0.021492217,-1.877610322,-0.053118722,-0.481720602,-2.077478532,-0.231206059,2,Done,hexacene_a=7.3_b=5.9_theta=25.5_R3=2.2_R4=2.1_cx=0.1_cy=1.5_cz=18.4.log
7.3,5.9,25.5,2.2,2.1,0.2,18.4,1.5,-5.658856942,-1.129342297,-0.827497437,-0.024039908,-1.665072684,-0.020619979,-1.915838231,-0.052635539,-0.455396557,-2.120644945,-0.238974633,2,Done,hexacene_a=7.3_b=5.9_theta=25.5_R3=2.2_R4=2.1_cx=0.2_cy=1.5_cz=18.4.log
7.3,5.9,25.5,2.2,2.1,0.1,18.5,1.4,-5.653949814,-1.093216547,-1.003626944,-0.022508783,-1.821617604,-0.020814507,-1.859694911,-0.051411894,-0.437769801,-2.026863575,-0.227164895,2,Done,hexacene_a=7.3_b=5.9_theta=25.5_R3=2.2_R4=2.1_cx=0.1_cy=1.4_cz=18.5.log
7.3,5.9,25.5,2.2,2.1,0.2,18.5,1.5,-5.651515075,-1.162305398,-0.961019015,-0.022596635,-1.683245374,-0.019302208,-1.87470495,-0.049529364,-0.422082051,-2.094025971,-0.224290899,2,Done,hexacene_a=7.3_b=5.9_theta=25.5_R3=2.2_R4=2.1_cx=0.2_cy=1.5_cz=18.5.log
7.3,5.9,25.5,2.2,2.1,0.2,18.5,1.3,-5.646661285,-1.087029298,-0.936514749,-0.02412776,-1.797954202,-0.020632529,-1.807147224,-0.052409635,-0.407555195,-2.104442636,-0.245550938,2,Done,hexacene_a=7.3_b=5.9_theta=25.5_R3=2.2_R4=2.1_cx=0.2_cy=1.3_cz=18.5.log
7.3,5.9,25.5,2.2,2.1,0.1,18.5,1.5,-5.629762441,-1.116810923,-1.014570718,-0.021780872,-1.750294818,-0.020143071,-1.846718004,-0.049943521,-0.445563475,-2.031720503,-0.217375739,2,Done,hexacene_a=7.3_b=5.9_theta=25.5_R3=2.2_R4=2.1_cx=0.1_cy=1.5_cz=18.5.log
7.3,5.9,25.5,2.2,2.1,0.1,18.4,1.3,-5.626273486,-0.935109127,-0.81667289,-0.02481802,-1.875081456,-0.022998242,-1.886966496,-0.056293922,-0.46407502,-2.072213723,-0.252867705,2,Done,hexacene_a=7.3_b=5.9_theta=25.5_R3=2.2_R4=2.1_cx=0.1_cy=1.3_cz=18.4.log
7.3,5.9,25.5,2.2,2.1,0.3,18.5,1.5,-5.612113722,-1.202265234,-0.908050896,-0.023393573,-1.605245881,-0.018455069,-1.889081205,-0.049083832,-0.399974874,-2.108364574,-0.231444513,2,Done,hexacene_a=7.3_b=5.9_theta=25.5_R3=2.2_R4=2.1_cx=0.3_cy=1.5_cz=18.5.log
7.3,5.9,25.5,2.2,2.1,0.2,18.3,1.4,-5.601201323,-0.917350594,-0.514978632,-0.026474647,-1.808383418,-0.022797438,-1.973663277,-0.057586593,-0.482291636,-2.162757141,-0.266741951,2,Done,hexacene_a=7.3_b=5.9_theta=25.5_R3=2.2_R4=2.1_cx=0.2_cy=1.4_cz=18.3.log
7.3,5.9,25.5,2.2,2.1,0.1,18.3,1.4,-5.600401248,-0.814049898,-0.609958545,-0.025564757,-1.875301085,-0.023732428,-1.956701682,-0.058189002,-0.510950017,-2.121197153,-0.257410877,2,Done,hexacene_a=7.3_b=5.9_theta=25.5_R3=2.2_R4=2.1_cx=0.1_cy=1.4_cz=18.3.log
7.3,5.9,25.5,2.2,2.1,0.3,18.6,1.4,-5.580851174,-1.148349575,-0.980942457,-0.022703312,-1.700501899,-0.017821284,-1.785033771,-0.047527607,-0.365599876,-2.112995598,-0.227051943,2,Done,hexacene_a=7.3_b=5.9_theta=25.5_R3=2.2_R4=2.1_cx=0.3_cy=1.4_cz=18.6.log
7.3,5.9,25.5,2.2,2.1,0.1,18.5,1.3,-5.580518594,-1.047653045,-0.971190952,-0.023268071,-1.812907765,-0.021517318,-1.816955205,-0.052899093,-0.429662372,-2.013880393,-0.237330557,2,Done,hexacene_a=7.3_b=5.9_theta=25.5_R3=2.2_R4=2.1_cx=0.1_cy=1.3_cz=18.5.log
7.3,5.9,25.5,2.2,2.1,0.3,18.4,1.5,-5.57985657,-1.194666088,-0.752905323,-0.024868221,-1.563692169,-0.019741465,-1.938240338,-0.052102155,-0.430547161,-2.103218992,-0.24693146,2,Done,hexacene_a=7.3_b=5.9_theta=25.5_R3=2.2_R4=2.1_cx=0.3_cy=1.5_cz=18.4.log
7.3,5.9,25.5,2.2,2.1,0.2,18.6,1.4,-5.560726928,-1.125119155,-1.011144514,-0.021906374,-1.736583724,-0.018649597,-1.793542807,-0.047941764,-0.384795407,-2.054417539,-0.220099133,2,Done,hexacene_a=7.3_b=5.9_theta=25.5_R3=2.2_R4=2.1_cx=0.2_cy=1.4_cz=18.6.log
7.3,5.9,25.5,2.2,2.1,0.2,18.3,1.3,-5.556692039,-0.798123694,-0.443925674,-0.027390812,-1.886508413,-0.023600651,-1.943636924,-0.05926832,-0.473092339,-2.183408495,-0.279329801,2,Done,hexacene_a=7.3_b=5.9_theta=25.5_R3=2.2_R4=2.1_cx=0.2_cy=1.3_cz=18.3.log
7.3,5.9,25.5,2.2,2.1,0.3,18.6,1.3,-5.553466637,-1.124159065,-0.982686935,-0.023437498,-1.709745121,-0.018404868,-1.713196427,-0.048832828,-0.359456553,-2.121768187,-0.237594111,2,Done,hexacene_a=7.3_b=5.9_theta=25.5_R3=2.2_R4=2.1_cx=0.3_cy=1.3_cz=18.6.log
7.3,5.9,25.5,2.2,2.1,0.1,18.3,1.5,-5.538337372,-0.894270776,-0.667243933,-0.024711344,-1.715562139,-0.022929216,-1.88501494,-0.056482175,-0.520425419,-2.110680086,-0.245883518,2,Done,hexacene_a=7.3_b=5.9_theta=25.5_R3=2.2_R4=2.1_cx=0.1_cy=1.5_cz=18.3.log
7.3,5.9,25.5,2.2,2.1,0.3,18.3,1.3,-5.535337874,-0.89642941,-0.378626984,-0.028294426,-1.837286529,-0.02262801,-1.930327437,-0.058584334,-0.446887522,-2.193461205,-0.289608415,2,Done,hexacene_a=7.3_b=5.9_theta=25.5_R3=2.2_R4=2.1_cx=0.3_cy=1.3_cz=18.3.log
7.3,5.9,25.5,2.2,2.1,0.2,18.6,1.5,-5.53212816,-1.133854094,-1.001863641,-0.021216113,-1.667802353,-0.018047187,-1.820381409,-0.046605168,-0.391183459,-2.05225263,-0.210504505,2,Done,hexacene_a=7.3_b=5.9_theta=25.5_R3=2.2_R4=2.1_cx=0.2_cy=1.5_cz=18.6.log
7.3,5.9,25.5,2.2,2.1,0.3,18.3,1.4,-5.527638326,-1.01750119,-0.4282944,-0.027340611,-1.723945673,-0.021856173,-1.977064382,-0.056940257,-0.45525223,-2.141208447,-0.276236177,2,Done,hexacene_a=7.3_b=5.9_theta=25.5_R3=2.2_R4=2.1_cx=0.3_cy=1.4_cz=18.3.log
7.3,5.9,25.5,2.2,2.1,0.3,18.6,1.5,-5.522828462,-1.157404545,-0.964012237,-0.021981675,-1.605258432,-0.017256525,-1.829304602,-0.046228662,-0.37147337,-2.090668792,-0.216848631,2,Done,hexacene_a=7.3_b=5.9_theta=25.5_R3=2.2_R4=2.1_cx=0.3_cy=1.5_cz=18.6.log
7.3,5.9,25.5,2.2,2.1,0.1,18.3,1.3,-5.522072312,-0.700796893,-0.520927426,-0.026462097,-1.920563381,-0.024573292,-1.94749611,-0.05992093,-0.50103536,-2.121404232,-0.269302191,2,Done,hexacene_a=7.3_b=5.9_theta=25.5_R3=2.2_R4=2.1_cx=0.1_cy=1.3_cz=18.3.log
7.3,5.9,25.5,2.2,2.1,0.2,18.6,1.3,-5.507172087,-1.100395261,-1.004436431,-0.022628011,-1.728727299,-0.019264557,-1.730383926,-0.049284635,-0.378156351,-2.046768192,-0.230045166,2,Done,hexacene_a=7.3_b=5.9_theta=25.5_R3=2.2_R4=2.1_cx=0.2_cy=1.3_cz=18.6.log
7.3,5.9,25.5,2.2,2.1,0.1,18.6,1.4,-5.502236721,-1.099303393,-1.041559923,-0.021109436,-1.764451443,-0.019484185,-1.793091,-0.048324545,-0.405026329,-1.966026481,-0.213359675,2,Done,hexacene_a=7.3_b=5.9_theta=25.5_R3=2.2_R4=2.1_cx=0.1_cy=1.4_cz=18.6.log
7.3,5.9,25.5,2.2,2.1,0.2,18.3,1.5,-5.501894728,-1.003507717,-0.555377726,-0.025571033,-1.599661042,-0.022013051,-1.938610569,-0.055923691,-0.491089326,-2.127993087,-0.254518056,2,Done,hexacene_a=7.3_b=5.9_theta=25.5_R3=2.2_R4=2.1_cx=0.2_cy=1.5_cz=18.3.log
7.3,5.9,25.5,2.2,2.1,0.1,18.6,1.5,-5.492177735,-1.105904799,-1.038930656,-0.020438001,-1.721950191,-0.018856675,-1.799234323,-0.046962848,-0.411985415,-1.976242343,-0.204329806,2,Done,hexacene_a=7.3_b=5.9_theta=25.5_R3=2.2_R4=2.1_cx=0.1_cy=1.5_cz=18.6.log
7.3,5.9,25.5,2.2,2.1,0.1,18.6,1.3,-5.432266219,-1.076148275,-1.027679402,-0.021805972,-1.740223282,-0.020117971,-1.740806867,-0.049705067,-0.397797414,-1.948669554,-0.222703299,2,Done,hexacene_a=7.3_b=5.9_theta=25.5_R3=2.2_R4=2.1_cx=0.1_cy=1.3_cz=18.6.log
7.3,5.9,25.5,2.2,2.1,0.3,18.3,1.5,-5.372172724,-1.105961275,-0.44864455,-0.026424446,-1.465511954,-0.021103161,-1.972985566,-0.055321282,-0.463353384,-2.069879386,-0.263303196,2,Done,hexacene_a=7.3_b=5.9_theta=25.5_R3=2.2_R4=2.1_cx=0.3_cy=1.5_cz=18.3.log
,,,,,,,,,,,,,,,,,,,,,
,,,,,,,,,,,,,,,,,,,,,
7.3,5.9,25.5,2.2,2.1,1.5,18.2,-0.9,-5.082558033,-0.981049134,-1.545186899,-0.079354915,-0.287863937,-0.030252257,-0.339652338,-0.07498117,-0.157906616,-1.948136171,-1.269854337,2,Done,hexacene_a=7.3_b=5.9_theta=25.5_R3=2.2_R4=2.1_cx=1.5_cy=-0.9_cz=18.2.log
7.3,5.9,25.5,2.2,2.1,1.5,18.2,-0.8,-5.066415338,-1.074052391,-1.508094783,-0.076945276,-0.315210823,-0.029034888,-0.360717848,-0.074108931,-0.162129759,-1.910654998,-1.237493646,2,Done,hexacene_a=7.3_b=5.9_theta=25.5_R3=2.2_R4=2.1_cx=1.5_cy=-0.8_cz=18.2.log
7.3,5.9,25.5,2.2,2.1,1.6,18.2,-1,-5.051810043,-0.978237889,-1.598851554,-0.082404613,-0.252936731,-0.030151855,-0.314112681,-0.073776351,-0.147747229,-1.8778174,-1.324121401,2,Done,hexacene_a=7.3_b=5.9_theta=25.5_R3=2.2_R4=2.1_cx=1.6_cy=-1.0_cz=18.2.log
7.3,5.9,25.5,2.2,2.1,1.6,18.2,-0.9,-5.051709642,-1.098148775,-1.586414306,-0.079938499,-0.276913888,-0.02887801,-0.332937981,-0.072973138,-0.151687992,-1.831469511,-1.29396327,2,Done,hexacene_a=7.3_b=5.9_theta=25.5_R3=2.2_R4=2.1_cx=1.6_cy=-0.9_cz=18.2.log
7.3,5.9,25.5,2.2,2.1,1.5,18.3,-0.8,-5.049758086,-1.207166087,-1.476349052,-0.071780869,-0.295720363,-0.026217368,-0.34668045,-0.070117968,-0.15471259,-1.967275225,-1.145695208,2,Done,hexacene_a=7.3_b=5.9_theta=25.5_R3=2.2_R4=2.1_cx=1.5_cy=-0.8_cz=18.3.log
7.3,5.9,25.5,2.2,2.1,1.5,18.2,-1,-5.044389737,-0.863510236,-1.574861847,-0.081808479,-0.263020816,-0.031570028,-0.320080301,-0.075815758,-0.153702299,-1.947452185,-1.299993642,2,Done,hexacene_a=7.3_b=5.9_theta=25.5_R3=2.2_R4=2.1_cx=1.5_cy=-1.0_cz=18.2.log
7.3,5.9,25.5,2.2,2.1,1.5,18.3,-0.9,-5.037775782,-1.136985369,-1.494647244,-0.073983429,-0.270174431,-0.027252759,-0.326575029,-0.070933731,-0.150715352,-1.974723769,-1.1765938,2,Done,hexacene_a=7.3_b=5.9_theta=25.5_R3=2.2_R4=2.1_cx=1.5_cy=-0.9_cz=18.3.log
7.3,5.9,25.5,2.2,2.1,1.4,18.2,-0.8,-5.03590894,-0.925458023,-1.417162309,-0.07626129,-0.32690761,-0.030490711,-0.36804089,-0.076098138,-0.168856666,-2.014394951,-1.204398768,2,Done,hexacene_a=7.3_b=5.9_theta=25.5_R3=2.2_R4=2.1_cx=1.4_cy=-0.8_cz=18.2.log
7.3,5.9,25.5,2.2,2.1,1.4,18.3,-0.8,-5.022169609,-1.11819772,-1.42476773,-0.071078058,-0.306821014,-0.027553964,-0.353501483,-0.071937746,-0.161006516,-2.026675322,-1.111590039,2,Done,hexacene_a=7.3_b=5.9_theta=25.5_R3=2.2_R4=2.1_cx=1.4_cy=-0.8_cz=18.3.log
7.3,5.9,25.5,2.2,2.1,1.4,18.2,-0.9,-5.020192952,-0.84118343,-1.475068932,-0.078664653,-0.298625734,-0.031733181,-0.346109416,-0.077014302,-0.164351144,-2.006808356,-1.236326477,2,Done,hexacene_a=7.3_b=5.9_theta=25.5_R3=2.2_R4=2.1_cx=1.4_cy=-0.9_cz=18.2.log
7.3,5.9,25.5,2.2,2.1,1.6,18.3,-0.9,-5.018928519,-1.201581248,-1.508458739,-0.074579564,-0.25978914,-0.025978914,-0.320394056,-0.069107676,-0.144892059,-1.903833964,-1.205703989,2,Done,hexacene_a=7.3_b=5.9_theta=25.5_R3=2.2_R4=2.1_cx=1.6_cy=-0.9_cz=18.3.log
7.3,5.9,25.5,2.2,2.1,1.6,18.3,-1,-4.994430528,-1.110429146,-1.508439914,-0.076832324,-0.237707063,-0.027077056,-0.302321768,-0.069854413,-0.141158374,-1.91641554,-1.235598565,2,Done,hexacene_a=7.3_b=5.9_theta=25.5_R3=2.2_R4=2.1_cx=1.6_cy=-1.0_cz=18.3.log
7.3,5.9,25.5,2.2,2.1,1.5,18.1,-0.9,-4.989764992,-0.67584082,-1.555528264,-0.085115456,-0.306457059,-0.033628261,-0.353081052,-0.079241963,-0.165361435,-1.879957209,-1.360378929,2,Done,hexacene_a=7.3_b=5.9_theta=25.5_R3=2.2_R4=2.1_cx=1.5_cy=-0.9_cz=18.1.log
7.3,5.9,25.5,2.2,2.1,1.6,18.3,-0.8,-4.985817954,-1.274937168,-1.503156279,-0.072377003,-0.284450283,-0.024981173,-0.339708814,-0.068329564,-0.148650844,-1.844960976,-1.17407121,2,Done,hexacene_a=7.3_b=5.9_theta=25.5_R3=2.2_R4=2.1_cx=1.6_cy=-0.8_cz=18.3.log
7.3,5.9,25.5,2.2,2.1,1.4,18.3,-0.9,-4.983675007,-1.055038838,-1.458684646,-0.073261793,-0.280396568,-0.028601906,-0.332548924,-0.072784885,-0.156739448,-1.998205193,-1.141679144,2,Done,hexacene_a=7.3_b=5.9_theta=25.5_R3=2.2_R4=2.1_cx=1.4_cy=-0.9_cz=18.3.log
7.3,5.9,25.5,2.2,2.1,1.6,18.2,-0.8,-4.982303898,-1.195538327,-1.567300352,-0.07751631,-0.303288133,-0.027685741,-0.353181453,-0.072132275,-0.155641305,-1.73099261,-1.26128255,2,Done,hexacene_a=7.3_b=5.9_theta=25.5_R3=2.2_R4=2.1_cx=1.6_cy=-0.8_cz=18.2.log
7.3,5.9,25.5,2.2,2.1,1.5,18.3,-1,-4.981268506,-1.04732674,-1.506595034,-0.076211089,-0.247282866,-0.028363452,-0.307887782,-0.071718118,-0.146730663,-1.950018701,-1.205967543,2,Done,hexacene_a=7.3_b=5.9_theta=25.5_R3=2.2_R4=2.1_cx=1.5_cy=-1.0_cz=18.3.log
7.3,5.9,25.5,2.2,2.1,1.6,18.1,-1,-4.975592678,-0.709876963,-1.665813146,-0.088365958,-0.269157864,-0.03357806,-0.326185973,-0.077905367,-0.154568263,-1.79438367,-1.402246396,2,Done,hexacene_a=7.3_b=5.9_theta=25.5_R3=2.2_R4=2.1_cx=1.6_cy=-1.0_cz=18.1.log
7.3,5.9,25.5,2.2,2.1,1.5,18.1,-1,-4.974353346,-0.519860659,-1.609625901,-0.0878514,-0.279787884,-0.035115459,-0.33259285,-0.080139302,-0.160931215,-1.911018954,-1.389846799,2,Done,hexacene_a=7.3_b=5.9_theta=25.5_R3=2.2_R4=2.1_cx=1.5_cy=-1.0_cz=18.1.log
7.3,5.9,25.5,2.2,2.1,1.4,18.2,-1,-4.961856485,-0.730879722,-1.525068928,-0.081111943,-0.272960575,-0.033069777,-0.325778092,-0.077886541,-0.159870723,-1.973299321,-1.266365381,2,Done,hexacene_a=7.3_b=5.9_theta=25.5_R3=2.2_R4=2.1_cx=1.4_cy=-1.0_cz=18.2.log
7.3,5.9,25.5,2.2,2.1,1.6,18.1,-0.9,-4.944825864,-0.86846129,-1.635058881,-0.08566139,-0.29491715,-0.032115962,-0.345864687,-0.077045678,-0.158722379,-1.703928104,-1.374090022,2,Done,hexacene_a=7.3_b=5.9_theta=25.5_R3=2.2_R4=2.1_cx=1.6_cy=-0.9_cz=18.1.log
7.3,5.9,25.5,2.2,2.1,1.5,18.1,-0.8,-4.93896492,-0.800960039,-1.492890216,-0.082461089,-0.335736675,-0.032203813,-0.375094102,-0.078313248,-0.169816756,-1.803639443,-1.327522506,2,Done,hexacene_a=7.3_b=5.9_theta=25.5_R3=2.2_R4=2.1_cx=1.5_cy=-0.8_cz=18.1.log
7.3,5.9,25.5,2.2,2.1,1.5,18.4,-0.8,-4.929593058,-1.242965533,-1.41064248,-0.066949042,-0.277183717,-0.023701053,-0.333050933,-0.066340357,-0.147577802,-1.983295556,-1.055132965,2,Done,hexacene_a=7.3_b=5.9_theta=25.5_R3=2.2_R4=2.1_cx=1.5_cy=-0.8_cz=18.4.log
7.3,5.9,25.5,2.2,2.1,1.4,18.1,-0.9,-4.915822351,-0.455936216,-1.438780029,-0.084469121,-0.317789889,-0.035240962,-0.360046413,-0.081469623,-0.17225777,-1.984406248,-1.331557395,2,Done,hexacene_a=7.3_b=5.9_theta=25.5_R3=2.2_R4=2.1_cx=1.4_cy=-0.9_cz=18.1.log
7.3,5.9,25.5,2.2,2.1,1.4,18.3,-1,-4.910645394,-0.970983873,-1.48562365,-0.075470628,-0.256751992,-0.029737699,-0.313152591,-0.073600648,-0.15249748,-1.948161271,-1.170525778,2,Done,hexacene_a=7.3_b=5.9_theta=25.5_R3=2.2_R4=2.1_cx=1.4_cy=-1.0_cz=18.3.log
7.3,5.9,25.5,2.2,2.1,1.4,18.1,-0.8,-4.903498054,-0.570933698,-1.348261711,-0.081802204,-0.348029596,-0.033778863,-0.382963078,-0.080490708,-0.177033121,-1.964583208,-1.298506443,2,Done,hexacene_a=7.3_b=5.9_theta=25.5_R3=2.2_R4=2.1_cx=1.4_cy=-0.8_cz=18.1.log
7.3,5.9,25.5,2.2,2.1,1.4,18.4,-0.8,-4.902804656,-1.195412825,-1.387914068,-0.066227406,-0.287700785,-0.024930972,-0.339294657,-0.067990708,-0.15344502,-2.008728536,-1.021900035,2,Done,hexacene_a=7.3_b=5.9_theta=25.5_R3=2.2_R4=2.1_cx=1.4_cy=-0.8_cz=18.4.log
7.3,5.9,25.5,2.2,2.1,1.5,18.4,-0.9,-4.895566328,-1.189464031,-1.415668835,-0.068931973,-0.253470114,-0.024592117,-0.313880502,-0.067099644,-0.143787641,-1.967708207,-1.083967049,2,Done,hexacene_a=7.3_b=5.9_theta=25.5_R3=2.2_R4=2.1_cx=1.5_cy=-0.9_cz=18.4.log
7.3,5.9,25.5,2.2,2.1,1.6,18.4,-0.9,-4.888418989,-1.219716287,-1.411583745,-0.069572034,-0.243618207,-0.023431223,-0.308163886,-0.065430468,-0.138353405,-1.931921312,-1.114671114,2,Done,hexacene_a=7.3_b=5.9_theta=25.5_R3=2.2_R4=2.1_cx=1.6_cy=-0.9_cz=18.4.log
7.3,5.9,25.5,2.2,2.1,1.6,18.4,-0.8,-4.88357775,-1.274912067,-1.415148002,-0.067570277,-0.266497222,-0.022540159,-0.326587579,-0.064708831,-0.141905111,-1.90545294,-1.084883214,2,Done,hexacene_a=7.3_b=5.9_theta=25.5_R3=2.2_R4=2.1_cx=1.6_cy=-0.8_cz=18.4.log
7.3,5.9,25.5,2.2,2.1,1.4,18.1,-1,-4.875464046,-0.30811996,-1.520030023,-0.087230165,-0.29022965,-0.036746986,-0.338767549,-0.082404613,-0.16752007,-1.973104793,-1.361872403,2,Done,hexacene_a=7.3_b=5.9_theta=25.5_R3=2.2_R4=2.1_cx=1.4_cy=-1.0_cz=18.1.log
7.3,5.9,25.5,2.2,2.1,1.4,18.4,-0.9,-4.846394645,-1.146874927,-1.404078725,-0.068210337,-0.263177694,-0.025834587,-0.319364939,-0.068787646,-0.149410131,-1.964633408,-1.049792855,2,Done,hexacene_a=7.3_b=5.9_theta=25.5_R3=2.2_R4=2.1_cx=1.4_cy=-0.9_cz=18.4.log
7.3,5.9,25.5,2.2,2.1,1.6,18.4,-1,-4.845666733,-1.150627436,-1.404022249,-0.071611441,-0.223550437,-0.024341113,-0.290850885,-0.066133279,-0.134807973,-1.91891303,-1.14331067,2,Done,hexacene_a=7.3_b=5.9_theta=25.5_R3=2.2_R4=2.1_cx=1.6_cy=-1.0_cz=18.4.log
7.3,5.9,25.5,2.2,2.1,1.6,18.1,-0.8,-4.830474716,-0.998412336,-1.59641054,-0.082994472,-0.32316765,-0.03072289,-0.367005498,-0.076154614,-0.162882771,-1.550250905,-1.341829733,2,Done,hexacene_a=7.3_b=5.9_theta=25.5_R3=2.2_R4=2.1_cx=1.6_cy=-0.8_cz=18.1.log
7.3,5.9,25.5,2.2,2.1,1.5,18.4,-1,-4.825454636,-1.120538332,-1.415750411,-0.070971381,-0.232630507,-0.025514557,-0.296021567,-0.067827556,-0.140010031,-1.925081453,-1.111822218,2,Done,hexacene_a=7.3_b=5.9_theta=25.5_R3=2.2_R4=2.1_cx=1.5_cy=-1.0_cz=18.4.log
7.3,5.9,25.5,2.2,2.1,1.4,18.4,-1,-4.76214829,-1.081576236,-1.414332239,-0.070224644,-0.241647826,-0.026782127,-0.300891045,-0.069553208,-0.145387792,-1.902691896,-1.076788335,2,Done,hexacene_a=7.3_b=5.9_theta=25.5_R3=2.2_R4=2.1_cx=1.4_cy=-1.0_cz=18.4.log
,,,,,,,,,,,,,,,,,,,,,
,,,,,,,,,,,,,,,,,,,,,
7.3,5.9,25.5,2.4,0,0.8,18.5,-0.1,-5.457316417,-0.563522805,-0.574880736,-0.191139546,-0.128263044,-0.145682722,-0.171448282,-0.058402356,-0.056400599,-2.191315121,-2.263729775,2,Done,hexacene_a=7.3_b=5.9_theta=25.5_R3=2.4_R4=0.0_cx=0.8_cy=-0.1_cz=18.5.log
7.3,5.9,25.5,2.4,0,0.8,18.6,-0.1,-5.521366364,-0.761746939,-0.771686698,-0.178777599,-0.118480163,-0.134174188,-0.160699036,-0.054969876,-0.053118721,-2.131337715,-2.21915774,1,Done,hexacene_a=7.3_b=5.9_theta=25.5_R3=2.4_R4=0.0_cx=0.8_cy=-0.1_cz=18.6.log
7.3,5.9,25.5,2.4,0,0.8,18.7,-0.1,-5.477396738,-0.867294121,-0.876173388,-0.167118463,-0.109450294,-0.123481418,-0.150583575,-0.05175075,-0.050031372,-2.064627127,-2.16393686,1,Done,hexacene_a=7.3_b=5.9_theta=25.5_R3=2.4_R4=0.0_cx=0.8_cy=-0.1_cz=18.7.log
7.3,5.9,25.5,2.4,0,0.8,18.5,0,-5.459280524,-0.560648809,-0.560648809,-0.18103036,-0.136690503,-0.136690503,-0.18103036,-0.057404615,-0.057404615,-2.233050811,-2.233050811,1,Done,hexacene_a=7.3_b=5.9_theta=25.5_R3=2.4_R4=0.0_cx=0.8_cy=0.0_cz=18.5.log
7.3,5.9,25.5,2.4,0,0.8,18.6,0,-5.523819928,-0.761000202,-0.761000202,-0.169490451,-0.126047934,-0.126047934,-0.169490451,-0.054047436,-0.054047436,-2.179593234,-2.179593234,1,Done,hexacene_a=7.3_b=5.9_theta=25.5_R3=2.4_R4=0.0_cx=0.8_cy=0.0_cz=18.6.log
7.3,5.9,25.5,2.4,0,0.8,18.7,0,-5.480051105,-0.868091059,-0.868091059,-0.158603152,-0.116170926,-0.116170926,-0.158603152,-0.050903611,-0.050903611,-2.117689373,-2.117689373,1,Done,hexacene_a=7.3_b=5.9_theta=25.5_R3=2.4_R4=0.0_cx=0.8_cy=0.0_cz=18.7.log
7.3,5.9,25.5,2.4,0,0.8,18.5,0.1,-5.457316417,-0.574880736,-0.563522805,-0.171448282,-0.145682722,-0.128263044,-0.191139546,-0.056400599,-0.058402356,-2.263729775,-2.191315121,1,Done,hexacene_a=7.3_b=5.9_theta=25.5_R3=2.4_R4=0.0_cx=0.8_cy=0.1_cz=18.5.log
7.3,5.9,25.5,2.4,0,0.8,18.6,0.1,-5.521372639,-0.771686698,-0.761746939,-0.160699036,-0.134174188,-0.118480163,-0.178777599,-0.053118721,-0.054969876,-2.21915774,-2.13134399,1,Done,hexacene_a=7.3_b=5.9_theta=25.5_R3=2.4_R4=0.0_cx=0.8_cy=0.1_cz=18.6.log
7.3,5.9,25.5,2.4,0,0.8,18.7,0.1,-5.477396738,-0.876173388,-0.867294121,-0.150583575,-0.123481418,-0.109450294,-0.167118463,-0.050031372,-0.05175075,-2.16393686,-2.064627127,1,Done,hexacene_a=7.3_b=5.9_theta=25.5_R3=2.4_R4=0.0_cx=0.8_cy=0.1_cz=18.7.log
7.3,5.9,25.5,2.4,0,0.9,18.5,-0.1,-5.60447065,-0.708063459,-0.719427665,-0.191371725,-0.123920675,-0.140832069,-0.171837338,-0.057417165,-0.055478159,-2.221906233,-2.241942628,1,Done,hexacene_a=7.3_b=5.9_theta=25.5_R3=2.4_R4=0.0_cx=0.9_cy=-0.1_cz=18.5.log
7.3,5.9,25.5,2.4,0,0.9,18.6,-0.1,-5.661404632,-0.859757726,-0.869710035,-0.17917293,-0.114395073,-0.129631016,-0.161232419,-0.054097637,-0.052309233,-2.176160754,-2.221887408,1,Done,hexacene_a=7.3_b=5.9_theta=25.5_R3=2.4_R4=0.0_cx=0.9_cy=-0.1_cz=18.6.log
7.3,5.9,25.5,2.4,0,0.9,18.7,-0.1,-5.61529206,-0.931977852,-0.940882219,-0.167658122,-0.105603658,-0.1192269,-0.151267561,-0.050972637,-0.049309736,-2.120375115,-2.186326416,1,Done,hexacene_a=7.3_b=5.9_theta=25.5_R3=2.4_R4=0.0_cx=0.9_cy=-0.1_cz=18.7.log
7.3,5.9,25.5,2.4,0,0.9,18.5,0,-5.613842513,-0.70657626,-0.70657626,-0.181344115,-0.13209713,-0.13209713,-0.181344115,-0.056457075,-0.056457075,-2.240455429,-2.240455429,1,Done,hexacene_a=7.3_b=5.9_theta=25.5_R3=2.4_R4=0.0_cx=0.9_cy=0.0_cz=18.5.log
7.3,5.9,25.5,2.4,0,0.9,18.6,0,-5.669885431,-0.859964804,-0.859964804,-0.169935983,-0.12174949,-0.12174949,-0.169935983,-0.053212848,-0.053212848,-2.205904728,-2.205904728,1,Done,hexacene_a=7.3_b=5.9_theta=25.5_R3=2.4_R4=0.0_cx=0.9_cy=0.0_cz=18.6.log
7.3,5.9,25.5,2.4,0,0.9,18.7,0,-5.622778254,-0.933477601,-0.933477601,-0.159193012,-0.112136037,-0.112136037,-0.159193012,-0.050150599,-0.050150599,-2.158835203,-2.158835203,1,Done,hexacene_a=7.3_b=5.9_theta=25.5_R3=2.4_R4=0.0_cx=0.9_cy=0.0_cz=18.7.log
7.3,5.9,25.5,2.4,0,0.9,18.5,0.1,-5.60447065,-0.719427665,-0.708063459,-0.171837338,-0.140832069,-0.123920675,-0.191371725,-0.055478159,-0.057417165,-2.241942628,-2.221906233,1,Done,hexacene_a=7.3_b=5.9_theta=25.5_R3=2.4_R4=0.0_cx=0.9_cy=0.1_cz=18.5.log
7.3,5.9,25.5,2.4,0,0.9,18.6,0.1,-5.661401495,-0.869710035,-0.859757726,-0.161232419,-0.129631016,-0.114395073,-0.179166655,-0.052309233,-0.054097637,-2.221887408,-2.176160754,1,Done,hexacene_a=7.3_b=5.9_theta=25.5_R3=2.4_R4=0.0_cx=0.9_cy=0.1_cz=18.6.log
7.3,5.9,25.5,2.4,0,0.9,18.7,0.1,-5.61529206,-0.940882219,-0.931977852,-0.151267561,-0.1192269,-0.105603658,-0.167658122,-0.049309736,-0.050972637,-2.186326416,-2.120375115,1,Done,hexacene_a=7.3_b=5.9_theta=25.5_R3=2.4_R4=0.0_cx=0.9_cy=0.1_cz=18.7.log
7.3,5.9,25.5,2.4,0,1,18.5,-0.1,-5.612719269,-0.843913099,-0.855026301,-0.191265048,-0.119515555,-0.135893566,-0.171956565,-0.056406874,-0.054555719,-2.201781988,-2.141189622,1,Done,hexacene_a=7.3_b=5.9_theta=25.5_R3=2.4_R4=0.0_cx=1.0_cy=-0.1_cz=18.5.log
7.3,5.9,25.5,2.4,0,1,18.6,-0.1,-5.686834476,-0.95130516,-0.96105039,-0.179254507,-0.110253507,-0.125037643,-0.161539899,-0.053206573,-0.051474645,-2.179455182,-2.158477523,1,Done,hexacene_a=7.3_b=5.9_theta=25.5_R3=2.4_R4=0.0_cx=1.0_cy=-0.1_cz=18.6.log
7.3,5.9,25.5,2.4,0,1,18.7,-0.1,-5.657231691,-0.990813189,-0.999541854,-0.167902851,-0.101706821,-0.114934732,-0.151738193,-0.050181975,-0.048575549,-2.141867333,-2.153288015,1,Done,hexacene_a=7.3_b=5.9_theta=25.5_R3=2.4_R4=0.0_cx=1.0_cy=-0.1_cz=18.7.log
7.3,5.9,25.5,2.4,0,1,18.5,0,-5.631481818,-0.843605619,-0.843605619,-0.181331565,-0.127441006,-0.127441006,-0.181331565,-0.055496984,-0.055496984,-2.18405483,-2.18405483,1,Done,hexacene_a=7.3_b=5.9_theta=25.5_R3=2.4_R4=0.0_cx=1.0_cy=0.0_cz=18.5.log
7.3,5.9,25.5,2.4,0,1,18.6,0,-5.703043059,-0.952334277,-0.952334277,-0.170124236,-0.117394571,-0.117394571,-0.170124236,-0.052353159,-0.052353159,-2.179241828,-2.179241828,1,Done,hexacene_a=7.3_b=5.9_theta=25.5_R3=2.4_R4=0.0_cx=1.0_cy=0.0_cz=18.6.log
7.3,5.9,25.5,2.4,0,1,18.7,0,-5.671209477,-0.992934174,-0.992934174,-0.159544417,-0.108050947,-0.108050947,-0.159544417,-0.049385037,-0.049385037,-2.155954932,-2.155954932,1,Done,hexacene_a=7.3_b=5.9_theta=25.5_R3=2.4_R4=0.0_cx=1.0_cy=0.0_cz=18.7.log
7.3,5.9,25.5,2.4,0,1,18.5,0.1,0,0,0,0,0,0,0,0,0,0,0,1,InProgress,hexacene_a=7.3_b=5.9_theta=25.5_R3=2.4_R4=0.0_cx=1.0_cy=0.1_cz=18.5.log
