cx,cy,cz,A1,A2,a,b,theta,R3,R4,E,E_i01,E_i02,E_ip1,E_ip2,E_ip3,E_ip4,E_it1,E_it2,E_it3,E_it4,machine_type,status,file_name
1.5,-0.8,13.3,-0.5,0,7.4,5.8,25.5,2.1,1.9,-5.236997029162012,-1.2129768299637362,-1.409348554327153,-0.0934199236799031,-0.2947163465432822,-0.0416189732495695,-0.3560529389651492,-0.0770255973911844,-0.1511276260134764,-1.9835327545297328,-1.3212442678632217,2,Done,tetracene_a=7.4_b=5.8_theta=25.5_R3=2.1_R4=1.9_A1=-0.5_A2=0_cx=1.5_cy=-0.8_cz=13.3.log
1.5,-0.8,13.3,-1.0,0,7.4,5.8,25.5,2.1,1.9,-5.196197584155016,-1.3064105589874089,-1.2811030807206407,-0.0946109376382082,-0.2858923011226579,-0.0435968848178163,-0.3610592138720676,-0.0770914860186167,-0.1507599049946293,-1.9651642818353137,-1.3168454227270558,1,Done,tetracene_a=7.4_b=5.8_theta=25.5_R3=2.1_R4=1.9_A1=-1.0_A2=0_cx=1.5_cy=-0.8_cz=13.3.log
1.5,-0.8,13.3,-0.3,0,7.4,5.8,25.5,2.1,1.9,-5.245358600048348,-1.1693586099427191,-1.4527069854084402,-0.0929003454511985,-0.2982341676251963,-0.0408709814073517,-0.3539683507988229,-0.0769942219485528,-0.1512675604899414,-1.9902477391297,-1.3228293581632895,1,Done,tetracene_a=7.4_b=5.8_theta=25.5_R3=2.1_R4=1.9_A1=-0.3_A2=0_cx=1.5_cy=-0.8_cz=13.3.log
1.4,-0.9,13.2,-0.5,0,7.4,5.8,25.5,2.1,1.9,-5.069163204636425,-0.6960353470640257,-1.2853212029440328,-0.1031387984985485,-0.2984663463430479,-0.0497402074979618,-0.3553413427434861,-0.0847427154658362,-0.1607824946986511,-2.016758154029958,-1.412858217896428,1,Done,tetracene_a=7.4_b=5.8_theta=25.5_R3=2.1_R4=1.9_A1=-0.5_A2=0_cx=1.4_cy=-0.9_cz=13.2.log
1.4,-0.9,13.2,-1.0,0,7.4,5.8,25.5,2.1,1.9,-5.038242649578024,-0.8723154563922435,-1.093413584632799,-0.1043636981630697,-0.2899686059681698,-0.0520506994798779,-0.3598757300060242,-0.0848073490196839,-0.160404733789619,-1.9985766792087816,-1.408460000238847,2,Done,tetracene_a=7.4_b=5.8_theta=25.5_R3=2.1_R4=1.9_A1=-1.0_A2=0_cx=1.4_cy=-0.9_cz=13.2.log
1.4,-0.9,13.2,-0.3,0,7.4,5.8,25.5,2.1,1.9,-5.07362731086323,-0.620341325760819,-1.353208999731578,-0.1025916099315509,-0.3018298000097275,-0.0488704789895564,-0.3534437523921951,-0.0847132225171662,-0.1609211743925698,-2.023405994928908,-1.4144439356168732,1,Done,tetracene_a=7.4_b=5.8_theta=25.5_R3=2.1_R4=1.9_A1=-0.3_A2=0_cx=1.4_cy=-0.9_cz=13.2.log
1.4,-0.9,13.3,-1.0,0,7.4,5.8,25.5,2.1,1.9,-5.096662575262599,-1.1103513344423843,-1.2384022801415997,-0.0974384977016598,-0.2717419505352154,-0.0473857901524752,-0.3450175480684265,-0.0802359385997988,-0.1530415313900448,-1.9943102388060647,-1.3139061659458091,2,Done,tetracene_a=7.4_b=5.8_theta=25.5_R3=2.1_R4=1.9_A1=-1.0_A2=0_cx=1.4_cy=-0.9_cz=13.3.log
1.4,-0.9,13.3,-0.5,0,7.4,5.8,25.5,2.1,1.9,-5.123409561638255,-0.9995581689290702,-1.3705019203480333,-0.096135786967352,-0.2798719700658694,-0.0452233906835317,-0.3408922974485904,-0.0801769527024589,-0.1534004670684225,-2.0054246959625743,-1.3183156786835752,1,Done,tetracene_a=7.4_b=5.8_theta=25.5_R3=2.1_R4=1.9_A1=-0.5_A2=0_cx=1.4_cy=-0.9_cz=13.3.log
1.4,-0.9,13.3,-0.3,0,7.4,5.8,25.5,2.1,1.9,-5.127586268296,-0.9506211740663276,-1.4164783229352906,-0.0955722831422463,-0.2830948614282533,-0.0444113927660509,-0.3391716650221497,-0.0801493424223735,-0.153527851565741,-2.009335338254459,-1.3198988863732666,1,Done,tetracene_a=7.4_b=5.8_theta=25.5_R3=2.1_R4=1.9_A1=-0.3_A2=0_cx=1.4_cy=-0.9_cz=13.3.log
1.4,-0.9,13.4,-1.0,0,7.4,5.8,25.5,2.1,1.9,-5.024119909387082,-1.218611869844608,-1.3021259207744151,-0.0910015001427382,-0.2544615800725296,-0.043094876804389,-0.3305659929756075,-0.0759023545542731,-0.1459531784057617,-1.9641759535297751,-1.218157552590128,2,Done,tetracene_a=7.4_b=5.8_theta=25.5_R3=2.1_R4=1.9_A1=-1.0_A2=0_cx=1.4_cy=-0.9_cz=13.4.log
1.4,-0.9,13.4,-0.5,0,7.4,5.8,25.5,2.1,1.9,-5.046407181944232,-1.1534625263884664,-1.3905207443749532,-0.0896423136582598,-0.2622477241093293,-0.0410805697320029,-0.3268787440611049,-0.0758508988074027,-0.1462876411387697,-1.9698511540773325,-1.222501176758669,1,Done,tetracene_a=7.4_b=5.8_theta=25.5_R3=2.1_R4=1.9_A1=-0.5_A2=0_cx=1.4_cy=-0.9_cz=13.4.log
1.4,-0.9,13.4,-0.3,0,7.4,5.8,25.5,2.1,1.9,-5.050016619672533,-1.123761223279871,-1.420293583883904,-0.0890537090599536,-0.2653400934068486,-0.0403225376503542,-0.3253287945408374,-0.075823915831279,-0.1464093782706186,-1.971679718059022,-1.224053636600729,1,Done,tetracene_a=7.4_b=5.8_theta=25.5_R3=2.1_R4=1.9_A1=-0.3_A2=0_cx=1.4_cy=-0.9_cz=13.4.log
1.4,-0.8,13.2,-0.5,0,7.4,5.8,25.5,2.1,1.9,-5.080211145512294,-0.8235893048113212,-1.1670481180772183,-0.0996950236149132,-0.3264921980444342,-0.0478150069247931,-0.3784801465226337,-0.0837594072218053,-0.1650909783202223,-2.028633153240662,-1.3811677077319473,1,Done,tetracene_a=7.4_b=5.8_theta=25.5_R3=2.1_R4=1.9_A1=-0.5_A2=0_cx=1.4_cy=-0.8_cz=13.2.log
1.4,-0.8,13.2,-1.0,0,7.4,5.8,25.5,2.1,1.9,-5.033923497772776,-1.0094816121272745,-0.940498182666488,-0.1009161581750959,-0.3172728210920468,-0.0500803181203082,-0.3836683990666643,-0.0838240407756529,-0.1647050596657209,-2.007678711786866,-1.3767569399205968,2,Done,tetracene_a=7.4_b=5.8_theta=25.5_R3=2.1_R4=1.9_A1=-1.0_A2=0_cx=1.4_cy=-0.8_cz=13.2.log
1.4,-0.8,13.2,-0.3,0,7.4,5.8,25.5,2.1,1.9,-5.08935961406678,-0.7423443300649524,-1.2476931931450963,-0.0991541100665927,-0.3301405411912128,-0.0469553183065727,-0.3763190020108595,-0.0837324244785122,-0.1652290306519717,-2.0363421135698445,-1.382752797973808,1,Done,tetracene_a=7.4_b=5.8_theta=25.5_R3=2.1_R4=1.9_A1=-0.3_A2=0_cx=1.4_cy=-0.8_cz=13.2.log
1.4,-0.8,13.3,-0.5,0,7.4,5.8,25.5,2.1,1.9,-5.155953485169448,-1.094509217189625,-1.2919652787968516,-0.093033377546817,-0.3060403920244425,-0.0434889530297368,-0.3630157900042832,-0.0792570229968987,-0.1574899497209116,-2.036602530279197,-1.2865774778765626,1,Done,tetracene_a=7.4_b=5.8_theta=25.5_R3=2.1_R4=1.9_A1=-0.5_A2=0_cx=1.4_cy=-0.8_cz=13.3.log
1.4,-0.8,13.3,-1.0,0,7.4,5.8,25.5,2.1,1.9,-5.11867813632125,-1.2131650830851868,-1.134851834969595,-0.0943323231767863,-0.2972276416840032,-0.0456061717122793,-0.3677497254684567,-0.0793166364892385,-0.1571228564134799,-2.0236212309100665,-1.2821510224603117,2,Done,tetracene_a=7.4_b=5.8_theta=25.5_R3=2.1_R4=1.9_A1=-1.0_A2=0_cx=1.4_cy=-0.8_cz=13.3.log
1.4,-0.8,13.3,-0.3,0,7.4,5.8,25.5,2.1,1.9,-5.163270879420452,-1.040960023761727,-1.3473681366303936,-0.0924686186481267,-0.3095268375473097,-0.042688250192441,-0.3610290933866054,-0.0792325501679442,-0.157619216828607,-2.0412272789981216,-1.2881713533424772,1,Done,tetracene_a=7.4_b=5.8_theta=25.5_R3=2.1_R4=1.9_A1=-0.3_A2=0_cx=1.4_cy=-0.8_cz=13.3.log
1.4,-0.8,13.4,-0.5,0,7.4,5.8,25.5,2.1,1.9,-5.095893248042557,-1.2251204035710543,-1.3409173338441178,-0.0868498941417783,-0.2866164474980905,-0.0395105396164581,-0.3479555500671267,-0.0749918375513516,-0.1501543578342534,-2.0154705034801736,-1.1917914648074657,1,Done,tetracene_a=7.4_b=5.8_theta=25.5_R3=2.1_R4=1.9_A1=-0.5_A2=0_cx=1.4_cy=-0.8_cz=13.4.log
1.4,-0.8,13.4,-0.3,0,7.4,5.8,25.5,2.1,1.9,-5.101768624212127,-1.1919037891784685,-1.377840022323653,-0.0862675649113953,-0.2899472705321386,-0.0387663127621635,-0.3461257308954373,-0.0749629720812663,-0.1502811149111949,-2.0177452272037044,-1.1933539647143334,1,Done,tetracene_a=7.4_b=5.8_theta=25.5_R3=2.1_R4=1.9_A1=-0.3_A2=0_cx=1.4_cy=-0.8_cz=13.4.log
1.4,-0.8,13.4,-1.0,0,7.4,5.8,25.5,2.1,1.9,-5.0658207726082765,-1.295888471417129,-1.233768118894659,-0.0882015506504103,-0.2782153435982764,-0.0414821759331971,-0.3522828589193523,-0.075045803503599,-0.1498136199079454,-2.0086118191829883,-1.1874302703072317,2,Done,tetracene_a=7.4_b=5.8_theta=25.5_R3=2.1_R4=1.9_A1=-1.0_A2=0_cx=1.4_cy=-0.8_cz=13.4.log
1.4,-0.7,13.2,-0.5,0,7.4,5.8,25.5,2.1,1.9,-5.043035570764914,-0.9218172101536766,-1.0429291501641271,-0.0963503953535109,-0.3579931998392567,-0.0459437723038718,-0.4031839601229876,-0.0827415862004272,-0.1693982069846242,-2.010109058057424,-1.3466778755537234,1,Done,tetracene_a=7.4_b=5.8_theta=25.5_R3=2.1_R4=1.9_A1=-0.5_A2=0_cx=1.4_cy=-0.7_cz=13.2.log
1.4,-0.7,13.2,-0.3,0,7.4,5.8,25.5,2.1,1.9,-5.0567410166841,-0.8347150569316,-1.136503441259265,-0.0958182669710367,-0.361908862250857,-0.0451003988273441,-0.4007115707499906,-0.0827077004942111,-0.169541906856466,-2.018845252285246,-1.3482673585531302,1,Done,tetracene_a=7.4_b=5.8_theta=25.5_R3=2.1_R4=1.9_A1=-0.3_A2=0_cx=1.4_cy=-0.7_cz=13.2.log
1.4,-0.7,13.3,-0.5,0,7.4,5.8,25.5,2.1,1.9,-5.148365634318907,-1.165560919442214,-1.2085641797166318,-0.090023839729838,-0.3348958117421716,-0.0417921658372506,-0.3866327563300729,-0.07830446283333,-0.1615769222844392,-2.041829061228782,-1.252920351573266,1,Done,tetracene_a=7.4_b=5.8_theta=25.5_R3=2.1_R4=1.9_A1=-0.5_A2=0_cx=1.4_cy=-0.7_cz=13.3.log
1.4,-0.7,13.2,-1.0,0,7.4,5.8,25.5,2.1,1.9,-4.981633089715615,-1.1182667457032949,-0.7808972893981263,-0.0975778049323707,-0.3480722669046372,-0.0481563722714781,-0.4091854657744989,-0.0828087296104058,-0.169007268268615,-1.9864876992069185,-1.3422514201374725,2,Done,tetracene_a=7.4_b=5.8_theta=25.5_R3=2.1_R4=1.9_A1=-1.0_A2=0_cx=1.4_cy=-0.7_cz=13.2.log
1.4,-0.7,13.3,-0.3,0,7.4,5.8,25.5,2.1,1.9,-5.158669034863124,-1.107232609996572,-1.273343919601757,-0.0894666106905788,-0.338670912082307,-0.041004013386555,-0.3843825055519119,-0.0782743422896601,-0.1617137196590192,-2.0471120677539147,-1.2545186195056883,1,Done,tetracene_a=7.4_b=5.8_theta=25.5_R3=2.1_R4=1.9_A1=-0.3_A2=0_cx=1.4_cy=-0.7_cz=13.3.log
1.4,-0.7,13.4,-0.5,0,7.4,5.8,25.5,2.1,1.9,-5.111986997188069,-1.2772790347225964,-1.2867506706388667,-0.0841377957258373,-0.3133810040308162,-0.0379994956310838,-0.3705496751936152,-0.0740938707604073,-0.1540361347142607,-2.0390297389240004,-1.1597784148179926,1,Done,tetracene_a=7.4_b=5.8_theta=25.5_R3=2.1_R4=1.9_A1=-0.5_A2=0_cx=1.4_cy=-0.7_cz=13.4.log
1.4,-0.7,13.3,-1.0,0,7.4,5.8,25.5,2.1,1.9,-5.101111621421296,-1.2929554894799369,-1.0263892414513975,-0.0913190203718841,-0.3253589150262996,-0.0438566738739609,-0.3920657379785552,-0.0783615662367083,-0.1612041816115379,-2.0271039114450105,-1.2484694230370224,2,Done,tetracene_a=7.4_b=5.8_theta=25.5_R3=2.1_R4=1.9_A1=-1.0_A2=0_cx=1.4_cy=-0.7_cz=13.3.log
1.5,-0.9,13.2,-0.5,0,7.4,5.8,25.5,2.1,1.9,-5.192788949760143,-0.8852396522415802,-1.4332604504888875,-0.1033960777567699,-0.2874585659010336,-0.0476706797489896,-0.3486633813008666,-0.0822621683473698,-0.1542595283244736,-1.9631813502055595,-1.440241499163676,1,Done,tetracene_a=7.4_b=5.8_theta=25.5_R3=2.1_R4=1.9_A1=-0.5_A2=0_cx=1.5_cy=-0.9_cz=13.2.log
1.4,-0.7,13.4,-0.3,0,7.4,5.8,25.5,2.1,1.9,-5.119954491441604,-1.24027602490969,-1.3307315915590152,-0.0835655067348852,-0.3170004816493019,-0.0372703289613127,-0.3684801470953971,-0.0740662604221142,-0.1541666567209176,-2.041705441544764,-1.1613540922990069,1,Done,tetracene_a=7.4_b=5.8_theta=25.5_R3=2.1_R4=1.9_A1=-0.3_A2=0_cx=1.4_cy=-0.7_cz=13.4.log
1.5,-0.9,13.3,-0.5,0,7.4,5.8,25.5,2.1,1.9,-5.226196327072103,-1.1140548986149952,-1.465017476468347,-0.0964984878664836,-0.2694502839585766,-0.043306975159794,-0.3347615246893838,-0.0779059939668513,-0.1472935397760011,-1.9866502241929995,-1.3528017457574606,1,Done,tetracene_a=7.4_b=5.8_theta=25.5_R3=2.1_R4=1.9_A1=-0.5_A2=0_cx=1.5_cy=-0.9_cz=13.3.log
1.5,-0.9,13.2,-0.3,0,7.4,5.8,25.5,2.1,1.9,-5.197533552767709,-0.8193222369300202,-1.486883689998649,-0.1029078750871121,-0.2908584149554372,-0.0468611916294321,-0.3466904897941276,-0.0822270279168151,-0.1544000905123539,-1.9723875494091767,-1.4417569357319735,1,Done,tetracene_a=7.4_b=5.8_theta=25.5_R3=2.1_R4=1.9_A1=-0.3_A2=0_cx=1.5_cy=-0.9_cz=13.2.log
1.4,-0.7,13.4,-1.0,0,7.4,5.8,25.5,2.1,1.9,-5.0747712615993805,-1.3546497627394274,-1.1610880281077698,-0.0854580769082531,-0.3042482235468924,-0.0399334813700988,-0.3754743734607473,-0.0741497191484086,-0.1536841015913523,-2.031109307776205,-1.1554021600168198,2,Done,tetracene_a=7.4_b=5.8_theta=25.5_R3=2.1_R4=1.9_A1=-1.0_A2=0_cx=1.4_cy=-0.7_cz=13.4.log
1.5,-0.9,13.4,-0.5,0,7.4,5.8,25.5,2.1,1.9,-5.133853838255163,-1.2163013779791072,-1.4459348974050954,-0.090089100645855,-0.2523882871028036,-0.0393135015619918,-0.3212876301258802,-0.0737707031075842,-0.1405867129215039,-1.9772287891828453,-1.259610235632863,1,Done,tetracene_a=7.4_b=5.8_theta=25.5_R3=2.1_R4=1.9_A1=-0.5_A2=0_cx=1.5_cy=-0.9_cz=13.4.log
1.5,-0.9,13.3,-0.3,0,7.4,5.8,25.5,2.1,1.9,-5.230758952267934,-1.0731537967221811,-1.4999446830479428,-0.095977654447779,-0.2726945107569918,-0.0425539631396532,-0.332968101138249,-0.0778721083770506,-0.147425944393035,-1.992432101396844,-1.3543824434746057,1,Done,tetracene_a=7.4_b=5.8_theta=25.5_R3=2.1_R4=1.9_A1=-0.3_A2=0_cx=1.5_cy=-0.9_cz=13.3.log
1.5,-0.9,13.2,-1.0,0,7.4,5.8,25.5,2.1,1.9,-5.159480091359001,-1.0348794518504292,-1.2759524786379188,-0.1045004952466115,-0.2789244299056008,-0.0498230390949174,-0.3534211619989946,-0.0823318221373483,-0.1538754921057261,-1.938459966215305,-1.4360622825333849,2,Done,tetracene_a=7.4_b=5.8_theta=25.5_R3=2.1_R4=1.9_A1=-1.0_A2=0_cx=1.5_cy=-0.9_cz=13.2.log
1.5,-0.8,13.2,-0.5,0,7.4,5.8,25.5,2.1,1.9,-5.178865757887252,-1.017201240058057,-1.3460553857730702,-0.0999824233585968,-0.3145155421225354,-0.0457868947414681,-0.370965086738579,-0.0813265509787015,-0.1582994376658462,-1.9320053983828984,-1.4099810844636522,1,Done,tetracene_a=7.4_b=5.8_theta=25.5_R3=2.1_R4=1.9_A1=-0.5_A2=0_cx=1.5_cy=-0.8_cz=13.2.log
1.5,-0.9,13.4,-0.3,0,7.4,5.8,25.5,2.1,1.9,-5.137396132224239,-1.1925953053869307,-1.4668874563649297,-0.089544421993196,-0.2554894413333386,-0.0386081802425906,-0.3196761842118576,-0.0737399550853297,-0.1407084499369375,-1.9803311986033805,-1.26121603383217,1,Done,tetracene_a=7.4_b=5.8_theta=25.5_R3=2.1_R4=1.9_A1=-0.3_A2=0_cx=1.5_cy=-0.9_cz=13.4.log
1.5,-0.9,13.3,-1.0,0,7.4,5.8,25.5,2.1,1.9,-5.197590028925333,-1.2044514791341498,-1.359282041550614,-0.097690756781958,-0.2613026942126453,-0.0453237922629341,-0.3390888336580246,-0.0779706275789067,-0.1469364865915849,-1.9707139803213067,-1.3483991356333718,2,Done,tetracene_a=7.4_b=5.8_theta=25.5_R3=2.1_R4=1.9_A1=-1.0_A2=0_cx=1.5_cy=-0.9_cz=13.3.log
1.5,-0.8,13.4,-0.5,0,7.4,5.8,25.5,2.1,1.9,-5.164698464795947,-1.2907240639906377,-1.4135541265131906,-0.0873155065346509,-0.2759148919722065,-0.0377886522328481,-0.3415147874038666,-0.0729461549781262,-0.1442156033008359,-1.995638049964328,-1.2284926422289573,1,Done,tetracene_a=7.4_b=5.8_theta=25.5_R3=2.1_R4=1.9_A1=-0.5_A2=0_cx=1.5_cy=-0.8_cz=13.4.log
1.5,-0.8,13.2,-0.3,0,7.4,5.8,25.5,2.1,1.9,-5.188882072689012,-0.9478977805702016,-1.4108495581895113,-0.0994917104253545,-0.3181940058711916,-0.0449924670392647,-0.3687073057517409,-0.0812932929839007,-0.1584462749888189,-1.942590237245895,-1.4114858535467647,1,Done,tetracene_a=7.4_b=5.8_theta=25.5_R3=2.1_R4=1.9_A1=-0.3_A2=0_cx=1.5_cy=-0.8_cz=13.2.log
1.5,-0.9,13.4,-1.0,0,7.4,5.8,25.5,2.1,1.9,-5.111334386689123,-1.2670192461227998,-1.3785265181213615,-0.0913466307101771,-0.2446021429495886,-0.0411885012872517,-0.3251681519905105,-0.0738265515537932,-0.1402484849677421,-1.9682014302234163,-1.255132324353326,2,Done,tetracene_a=7.4_b=5.8_theta=25.5_R3=2.1_R4=1.9_A1=-1.0_A2=0_cx=1.5_cy=-0.9_cz=13.4.log
1.5,-0.7,13.2,-0.5,0,7.4,5.8,25.5,2.1,1.9,-5.103364382288419,-1.121283813728951,-1.2533796889474615,-0.0966767007485032,-0.3449347169371322,-0.0439658605027943,-0.3947552460012957,-0.080348890449386,-0.1623424845747649,-1.8569476722041145,-1.3762273216270842,1,Done,tetracene_a=7.4_b=5.8_theta=25.5_R3=2.1_R4=1.9_A1=-0.5_A2=0_cx=1.5_cy=-0.7_cz=13.2.log
1.5,-0.8,13.4,-0.3,0,7.4,5.8,25.5,2.1,1.9,-5.171119774517138,-1.2651429913239554,-1.4409512131242082,-0.0867821230785921,-0.279269560589455,-0.0370983910979703,-0.3395971168065443,-0.0729128969833254,-0.1443404776509851,-1.9993441240512768,-1.2301015778211877,1,Done,tetracene_a=7.4_b=5.8_theta=25.5_R3=2.1_R4=1.9_A1=-0.3_A2=0_cx=1.5_cy=-0.8_cz=13.4.log
1.5,-0.7,13.3,-0.5,0,7.4,5.8,25.5,2.1,1.9,-5.195847433293238,-1.2892280801897869,-1.3487323432927951,-0.0904392511583864,-0.3225439050002023,-0.039966111886315,-0.3788692026864737,-0.0761094327899627,-0.1549654769478365,-1.9424741477705536,-1.2874089286779054,1,Done,tetracene_a=7.4_b=5.8_theta=25.5_R3=2.1_R4=1.9_A1=-0.5_A2=0_cx=1.5_cy=-0.7_cz=13.3.log
1.5,-0.7,13.2,-0.3,0,7.4,5.8,25.5,2.1,1.9,-5.118476705509238,-1.0482014891458675,-1.3293410293990746,-0.0961834777845069,-0.3489068552153185,-0.0431814730400219,-0.3922263805288821,-0.0803168873535469,-0.1624949696124531,-1.8689180530491285,-1.3777264429372735,1,Done,tetracene_a=7.4_b=5.8_theta=25.5_R3=2.1_R4=1.9_A1=-0.3_A2=0_cx=1.5_cy=-0.7_cz=13.2.log
1.5,-0.8,13.2,-1.0,0,7.4,5.8,25.5,2.1,1.9,-5.12892098154407,-1.171026531374082,-1.1585190020268783,-0.1010893508791923,-0.3052610246231779,-0.0479128984734416,-0.376390538061969,-0.0813980870880186,-0.1579072438180446,-1.9036858720937744,-1.4058301058248617,2,Done,tetracene_a=7.4_b=5.8_theta=25.5_R3=2.1_R4=1.9_A1=-1.0_A2=0_cx=1.5_cy=-0.8_cz=13.2.log
1.5,-0.7,13.4,-0.5,0,7.4,5.8,25.5,2.1,1.9,-5.151764228648972,-1.3469175845384598,-1.3764205947518349,-0.0846071733394637,-0.3017281433567405,-0.036319023813121,-0.3633496253751218,-0.0720870937220752,-0.1478513961774297,-1.981343372084666,-1.19581129407743,1,Done,tetracene_a=7.4_b=5.8_theta=25.5_R3=2.1_R4=1.9_A1=-0.5_A2=0_cx=1.5_cy=-0.7_cz=13.4.log
1.5,-0.7,13.3,-0.3,0,7.4,5.8,25.5,2.1,1.9,-5.207777653762605,-1.2425024305703118,-1.4004479525610805,-0.0899246929911896,-0.3263541457708925,-0.0392369452165439,-0.3765147851081565,-0.0760774299269542,-0.1551072943257168,-1.9501027868827805,-1.288999666518066,1,Done,tetracene_a=7.4_b=5.8_theta=25.5_R3=2.1_R4=1.9_A1=-0.3_A2=0_cx=1.5_cy=-0.7_cz=13.3.log
1.5,-0.8,13.4,-1.0,0,7.4,5.8,25.5,2.1,1.9,-5.132817819074262,-1.3430408276617527,-1.328987113782205,-0.0885479360586032,-0.2675100230844691,-0.0396272564539685,-0.3461182008031755,-0.0730057684704661,-0.1438673352240584,-1.985023090790492,-1.2240059456671588,2,Done,tetracene_a=7.4_b=5.8_theta=25.5_R3=2.1_R4=1.9_A1=-1.0_A2=0_cx=1.5_cy=-0.8_cz=13.4.log
1.6,-0.9,13.2,-0.5,0,7.4,5.8,25.5,2.1,1.9,-5.20555250311736,-1.0442770414520055,-1.5443058751989156,-0.1035240897908806,-0.2763365786522627,-0.045706573408097,-0.3417432010173797,-0.0798236645641736,-0.1479687404935248,-1.8507108504418284,-1.449102567858063,1,Done,tetracene_a=7.4_b=5.8_theta=25.5_R3=2.1_R4=1.9_A1=-0.5_A2=0_cx=1.6_cy=-0.9_cz=13.2.log
1.5,-0.7,13.4,-0.3,0,7.4,5.8,25.5,2.1,1.9,-5.160851828346495,-1.319044845411554,-1.4101931827608496,-0.084082574932836,-0.3053702113684267,-0.0356413128320127,-0.3611746757524088,-0.0720601108623668,-0.1479819182422943,-1.9856255003833208,-1.1974308973294685,1,Done,tetracene_a=7.4_b=5.8_theta=25.5_R3=2.1_R4=1.9_A1=-0.3_A2=0_cx=1.5_cy=-0.7_cz=13.4.log
1.5,-0.7,13.2,-1.0,0,7.4,5.8,25.5,2.1,1.9,-5.037356605113018,-1.2807479100301862,-1.0353325140895322,-0.0977949234656989,-0.3349322073627263,-0.0460441737668588,-0.4009261791361496,-0.0804210540372878,-0.1619446433032862,-1.8250406712759288,-1.3720612825709395,2,Done,tetracene_a=7.4_b=5.8_theta=25.5_R3=2.1_R4=1.9_A1=-1.0_A2=0_cx=1.5_cy=-0.7_cz=13.2.log
1.6,-0.9,13.3,-0.5,0,7.4,5.8,25.5,2.1,1.9,-5.243799237592612,-1.205658808350563,-1.531018978334032,-0.0967407067073509,-0.2589344712905586,-0.0415035114856436,-0.3284186536911875,-0.0756613907869905,-0.141407495830208,-1.919823546719272,-1.375769239326473,1,Done,tetracene_a=7.4_b=5.8_theta=25.5_R3=2.1_R4=1.9_A1=-0.5_A2=0_cx=1.6_cy=-0.9_cz=13.3.log
1.6,-0.9,13.2,-0.3,0,7.4,5.8,25.5,2.1,1.9,-5.211309279955458,-0.9891151476185768,-1.5837335833348334,-0.1030823228647932,-0.2797364279394969,-0.044966111658141,-0.3397251289570704,-0.0797878964222036,-0.1481130677275359,-1.8628751317737624,-1.4503538228455,1,Done,tetracene_a=7.4_b=5.8_theta=25.5_R3=2.1_R4=1.9_A1=-0.3_A2=0_cx=1.6_cy=-0.9_cz=13.2.log
1.5,-0.7,13.3,-1.0,0,7.4,5.8,25.5,2.1,1.9,-5.143578988034278,-1.3870468488894403,-1.198118648142554,-0.091608929913491,-0.3129781426396221,-0.0419088829075917,-0.3845167926046997,-0.0761765763745643,-0.1545883435755968,-1.9217274122638628,-1.2829975332715549,2,Done,tetracene_a=7.4_b=5.8_theta=25.5_R3=2.1_R4=1.9_A1=-1.0_A2=0_cx=1.5_cy=-0.7_cz=13.3.log
1.6,-0.9,13.4,-0.5,0,7.4,5.8,25.5,2.1,1.9,-5.155783430091105,-1.2629441962344572,-1.4787900659721345,-0.0904304661089554,-0.2424610789166763,-0.0376455798977986,-0.3154480219818651,-0.0717168629053048,-0.1350872152252122,-1.945406501938124,-1.2897131454665214,1,Done,tetracene_a=7.4_b=5.8_theta=25.5_R3=2.1_R4=1.9_A1=-0.5_A2=0_cx=1.6_cy=-0.9_cz=13.4.log
1.6,-0.9,13.3,-0.3,0,7.4,5.8,25.5,2.1,1.9,-5.248870145878755,-1.1727710092673078,-1.554815412615426,-0.096265053958632,-0.2621761881746351,-0.0408082304056733,-0.3265662441262975,-0.0756337802158668,-0.1415411555790342,-1.927779746009037,-1.3772143948008306,1,Done,tetracene_a=7.4_b=5.8_theta=25.5_R3=2.1_R4=1.9_A1=-0.3_A2=0_cx=1.6_cy=-0.9_cz=13.3.log
1.5,-0.7,13.4,-1.0,0,7.4,5.8,25.5,2.1,1.9,-5.111274145834614,-1.4021271693054589,-1.2749346572672948,-0.0858019522856921,-0.2925978729035705,-0.0381300178123638,-0.3685617233859375,-0.0721542373066768,-0.1474905779468827,-1.96923180174781,-1.1913208323530853,2,Done,tetracene_a=7.4_b=5.8_theta=25.5_R3=2.1_R4=1.9_A1=-1.0_A2=0_cx=1.5_cy=-0.7_cz=13.4.log
1.6,-0.8,13.2,-0.5,0,7.4,5.8,25.5,2.1,1.9,-5.145114505139645,-1.1757115211803466,-1.4841351960785687,-0.1001518509583547,-0.3024171493016183,-0.0438717340584844,-0.363167647505179,-0.0789288352825678,-0.1517463508644141,-1.7585666546365246,-1.4211451148148626,1,Done,tetracene_a=7.4_b=5.8_theta=25.5_R3=2.1_R4=1.9_A1=-0.5_A2=0_cx=1.6_cy=-0.8_cz=13.2.log
1.6,-0.9,13.4,-0.3,0,7.4,5.8,25.5,2.1,1.9,-5.159305643872358,-1.244792842073366,-1.4910716918529945,-0.0899284580955281,-0.2455547032877802,-0.0370067748008295,-0.3137386846356094,-0.0716873700148426,-0.1352145997225307,-1.950073293875903,-1.2912838028860278,1,Done,tetracene_a=7.4_b=5.8_theta=25.5_R3=2.1_R4=1.9_A1=-0.3_A2=0_cx=1.6_cy=-0.9_cz=13.4.log
1.6,-0.9,13.2,-1.0,0,7.4,5.8,25.5,2.1,1.9,-5.169398514495697,-1.166740638203919,-1.4221359529765325,-0.1045117905596271,-0.2678338180994615,-0.047704565222375,-0.3466842147754505,-0.0798983382410369,-0.1475890970323234,-1.818441148614511,-1.4456644406891428,2,Done,tetracene_a=7.4_b=5.8_theta=25.5_R3=2.1_R4=1.9_A1=-1.0_A2=0_cx=1.6_cy=-0.9_cz=13.2.log
1.6,-0.8,13.3,-0.5,0,7.4,5.8,25.5,2.1,1.9,-5.21416005800711,-1.3041301877237856,-1.4955922738881782,-0.093701048172079,-0.2832956645870581,-0.0398431199137121,-0.3488064535195008,-0.0748217822983861,-0.144991205597762,-1.8669338665204125,-1.3447288296883926,1,Done,tetracene_a=7.4_b=5.8_theta=25.5_R3=2.1_R4=1.9_A1=-0.5_A2=0_cx=1.6_cy=-0.8_cz=13.3.log
1.6,-0.9,13.3,-1.0,0,7.4,5.8,25.5,2.1,1.9,-5.214058087614831,-1.2768134223297238,-1.4526379592716694,-0.0978200240060687,-0.2508320623310283,-0.0433628235477954,-0.3328940549399704,-0.075731671822723,-0.1410504426457919,-1.8983432520763013,-1.371752547856886,2,Done,tetracene_a=7.4_b=5.8_theta=25.5_R3=2.1_R4=1.9_A1=-1.0_A2=0_cx=1.6_cy=-0.9_cz=13.3.log
1.6,-0.8,13.2,-0.3,0,7.4,5.8,25.5,2.1,1.9,-5.156896005093586,-1.1193272375967354,-1.5332905645482242,-0.0997063188115134,-0.306100632995367,-0.0431350372964516,-0.3608245251234621,-0.0788893020944669,-0.1518975806538947,-1.7725463222595863,-1.4223706418997608,1,Done,tetracene_a=7.4_b=5.8_theta=25.5_R3=2.1_R4=1.9_A1=-0.3_A2=0_cx=1.6_cy=-0.8_cz=13.2.log
1.6,-0.8,13.4,-0.5,0,7.4,5.8,25.5,2.1,1.9,-5.151742893329356,-1.3364469526568428,-1.4616452377522364,-0.0876656571635976,-0.2651317601557821,-0.0361558712320402,-0.3348230207338929,-0.0709293378749862,-0.1384789068251848,-1.9231104442151263,-1.2582899545668624,1,Done,tetracene_a=7.4_b=5.8_theta=25.5_R3=2.1_R4=1.9_A1=-0.5_A2=0_cx=1.6_cy=-0.8_cz=13.4.log
1.6,-0.9,13.4,-1.0,0,7.4,5.8,25.5,2.1,1.9,-5.133981850289274,-1.301131944754161,-1.4331525187008085,-0.0915612392127513,-0.2347464708145707,-0.0393762524472549,-0.3195243270602077,-0.0717808689223602,-0.134743339731358,-1.932355549186468,-1.2853557159542106,2,Done,tetracene_a=7.4_b=5.8_theta=25.5_R3=2.1_R4=1.9_A1=-1.0_A2=0_cx=1.6_cy=-0.9_cz=13.4.log
1.6,-0.8,13.3,-0.3,0,7.4,5.8,25.5,2.1,1.9,-5.223733977705706,-1.2704266255022958,-1.5267933259019628,-0.0932241404661908,-0.2868109755218029,-0.0391603889875113,-0.3466402889462188,-0.0747897794353775,-0.1451330228010192,-1.876124377886299,-1.3461589249200188,1,Done,tetracene_a=7.4_b=5.8_theta=25.5_R3=2.1_R4=1.9_A1=-0.3_A2=0_cx=1.6_cy=-0.8_cz=13.3.log
1.6,-0.7,13.2,-0.5,0,7.4,5.8,25.5,2.1,1.9,-5.006497546099126,-1.2811457512434572,-1.4185340458061546,-0.0968887991039082,-0.3316967658465728,-0.042087095673196,-0.3861069029662758,-0.0779944729874841,-0.155534628604073,-1.60582444537431,-1.3889143188134767,1,Done,tetracene_a=7.4_b=5.8_theta=25.5_R3=2.1_R4=1.9_A1=-0.5_A2=0_cx=1.6_cy=-0.7_cz=13.2.log
1.6,-0.8,13.2,-1.0,0,7.4,5.8,25.5,2.1,1.9,-5.090485366992652,-1.2970192442880943,-1.335486862342805,-0.1011521018808707,-0.2932027925271541,-0.0458345854422077,-0.3688277876935899,-0.0790009988704696,-0.1513535294798202,-1.7216163558186963,-1.4177527957363054,2,Done,tetracene_a=7.4_b=5.8_theta=25.5_R3=2.1_R4=1.9_A1=-1.0_A2=0_cx=1.6_cy=-0.8_cz=13.2.log
1.6,-0.8,13.4,-0.3,0,7.4,5.8,25.5,2.1,1.9,-5.158680643711705,-1.3179931385675443,-1.4794401662657035,-0.0871736891567707,-0.2684801535215229,-0.0355233411537483,-0.3328476191964,-0.0708992173895239,-0.1386100563686341,-1.928591743984725,-1.2598505720379762,1,Done,tetracene_a=7.4_b=5.8_theta=25.5_R3=2.1_R4=1.9_A1=-0.3_A2=0_cx=1.6_cy=-0.8_cz=13.4.log
1.6,-0.7,13.3,-0.5,0,7.4,5.8,25.5,2.1,1.9,-5.1178692756802775,-1.3816013172036037,-1.4550865032942966,-0.0907241406384855,-0.3100803015986457,-0.0382316741161048,-0.3707918939180672,-0.0739507984253577,-0.1485849553137086,-1.7610095509444363,-1.311066055612173,1,Done,tetracene_a=7.4_b=5.8_theta=25.5_R3=2.1_R4=1.9_A1=-0.5_A2=0_cx=1.6_cy=-0.7_cz=13.3.log
1.6,-0.8,13.3,-1.0,0,7.4,5.8,25.5,2.1,1.9,-5.170511717442423,-1.3738289782777429,-1.397137209889479,-0.0947627951391041,-0.2745180547935888,-0.0416767041897401,-0.3540423971135169,-0.074897083628457,-0.1446222296799533,-1.8422639382770285,-1.3407453961553983,2,Done,tetracene_a=7.4_b=5.8_theta=25.5_R3=2.1_R4=1.9_A1=-1.0_A2=0_cx=1.6_cy=-0.8_cz=13.3.log
1.6,-0.7,13.2,-0.3,0,7.4,5.8,25.5,2.1,1.9,-5.024095436441712,-1.2229178433772177,-1.477389463572763,-0.0964395017363131,-0.3356827093521133,-0.0413604389177635,-0.3834876762703061,-0.0779574499465525,-0.1556852310895919,-1.621681623160839,-1.3901323156314902,1,Done,tetracene_a=7.4_b=5.8_theta=25.5_R3=2.1_R4=1.9_A1=-0.3_A2=0_cx=1.6_cy=-0.7_cz=13.2.log
1.6,-0.8,13.4,-1.0,0,7.4,5.8,25.5,2.1,1.9,-5.119153788953554,-1.372498657205142,-1.4007177819730714,-0.0887650547083467,-0.2567883871961385,-0.0378614432411268,-0.3396197071997449,-0.0709964814595878,-0.1381287561962381,-1.9079592152265832,-1.2539438203093596,2,Done,tetracene_a=7.4_b=5.8_theta=25.5_R3=2.1_R4=1.9_A1=-1.0_A2=0_cx=1.6_cy=-0.8_cz=13.4.log
1.6,-0.7,13.4,-0.5,0,7.4,5.8,25.5,2.1,1.9,-5.090942194336094,-1.39327676827088,-1.4397099983179942,-0.0849460287718102,-0.2899962163064629,-0.0347238933900371,-0.3558270354988053,-0.0701185949146747,-0.1418806384899653,-1.854581959662028,-1.225121030991431,1,Done,tetracene_a=7.4_b=5.8_theta=25.5_R3=2.1_R4=1.9_A1=-0.5_A2=0_cx=1.6_cy=-0.7_cz=13.4.log
1.6,-0.7,13.3,-0.3,0,7.4,5.8,25.5,2.1,1.9,-5.131747914536391,-1.3465272733010352,-1.4936457376461476,-0.09026605845429,-0.3138892870629206,-0.0375614935765042,-0.3683395847911015,-0.0739194230409339,-0.1487292825477197,-1.7714908504858613,-1.3124936410458758,1,Done,tetracene_a=7.4_b=5.8_theta=25.5_R3=2.1_R4=1.9_A1=-0.3_A2=0_cx=1.6_cy=-0.7_cz=13.3.log
1.6,-0.7,13.2,-1.0,0,7.4,5.8,25.5,2.1,1.9,-4.93412430776516,-1.4032102515920997,-1.243449970614165,-0.097876499639824,-0.3217118268366903,-0.0440223364857956,-0.3924472640501335,-0.0780779317719861,-0.1551317672128789,-1.5640523597830909,-1.38550317438785,2,Done,tetracene_a=7.4_b=5.8_theta=25.5_R3=2.1_R4=1.9_A1=-1.0_A2=0_cx=1.6_cy=-0.7_cz=13.2.log
1.5,-1.0,13.2,-0.5,0,7.4,5.8,25.5,2.1,1.9,-5.148696332122199,-0.7246322326827794,-1.5114381562452763,-0.1069189189001917,-0.2627522421535104,-0.049696282017976,-0.328023322392255,-0.0831639003008604,-0.1502302865264937,-1.959219879587181,-1.4643516885116696,1,Done,tetracene_a=7.4_b=5.8_theta=25.5_R3=2.1_R4=1.9_A1=-0.5_A2=0_cx=1.5_cy=-1.0_cz=13.2.log
1.6,-0.7,13.3,-1.0,0,7.4,5.8,25.5,2.1,1.9,-5.060975454340223,-1.4514933810569346,-1.3367456474807111,-0.0917658073594793,-0.3005634848959744,-0.0400363929802551,-0.3766992731252685,-0.0740235896664671,-0.1482034292421303,-1.7330232324893586,-1.3070732094929554,2,Done,tetracene_a=7.4_b=5.8_theta=25.5_R3=2.1_R4=1.9_A1=-1.0_A2=0_cx=1.6_cy=-0.7_cz=13.3.log
1.6,-0.7,13.4,-0.3,0,7.4,5.8,25.5,2.1,1.9,-5.101108483737335,-1.3739858558401463,-1.463093530968763,-0.0844753963174298,-0.293629499268718,-0.0341001484775915,-0.3535479191923514,-0.0700847093248739,-0.1420155530795455,-1.8609147904790009,-1.2266772558214143,1,Done,tetracene_a=7.4_b=5.8_theta=25.5_R3=2.1_R4=1.9_A1=-0.3_A2=0_cx=1.6_cy=-0.7_cz=13.4.log
1.5,-1.0,13.3,-0.5,0,7.4,5.8,25.5,2.1,1.9,-5.168705115967896,-0.9926317136269064,-1.5129881059983743,-0.0996674132766202,-0.2465486789587885,-0.0450527080101892,-0.3151342669734731,-0.0787468573544174,-0.1434782788855955,-1.960015562362969,-1.380452973942738,1,Done,tetracene_a=7.4_b=5.8_theta=25.5_R3=2.1_R4=1.9_A1=-0.5_A2=0_cx=1.5_cy=-1.0_cz=13.3.log
1.6,-0.7,13.4,-1.0,0,7.4,5.8,25.5,2.1,1.9,-5.048227588646114,-1.4287260631099343,-1.3635742098558694,-0.0860228359233588,-0.2809425020823255,-0.0364106403430923,-0.3613114728359505,-0.0701863660360686,-0.1415242127841338,-1.8372513884678483,-1.2207717592827976,2,Done,tetracene_a=7.4_b=5.8_theta=25.5_R3=2.1_R4=1.9_A1=-1.0_A2=0_cx=1.6_cy=-0.7_cz=13.4.log
1.5,-1.0,13.2,-0.3,0,7.4,5.8,25.5,2.1,1.9,-5.147950850543566,-0.6613252590177581,-1.554142721928656,-0.1064256959361955,-0.2658923022681847,-0.0488780089654028,-0.3263441056478768,-0.083127504796721,-0.150370848888997,-1.967047439306043,-1.465901010669768,1,Done,tetracene_a=7.4_b=5.8_theta=25.5_R3=2.1_R4=1.9_A1=-0.3_A2=0_cx=1.5_cy=-1.0_cz=13.2.log
1.5,-1.0,13.4,-0.5,0,7.4,5.8,25.5,2.1,1.9,-5.065034816390835,-1.124103843816556,-1.4714833396719769,-0.092941761133261,-0.2313918023137375,-0.0408860414754599,-0.3025803018826991,-0.0745588557329028,-0.1369741377420723,-1.9336651624180377,-1.2881431153509766,1,Done,tetracene_a=7.4_b=5.8_theta=25.5_R3=2.1_R4=1.9_A1=-0.5_A2=0_cx=1.5_cy=-1.0_cz=13.4.log
1.5,-1.0,13.2,-1.0,0,7.4,5.8,25.5,2.1,1.9,-5.132713025202975,-0.8725087293423712,-1.383525262819603,-0.1080095311626792,-0.2548531463835388,-0.0518787618493661,-0.3320506814634427,-0.0832247688667848,-0.149860683188308,-1.938079067855142,-1.460135448782239,2,Done,tetracene_a=7.4_b=5.8_theta=25.5_R3=2.1_R4=1.9_A1=-1.0_A2=0_cx=1.5_cy=-1.0_cz=13.2.log
1.5,-1.0,13.3,-0.3,0,7.4,5.8,25.5,2.1,1.9,-5.169196456554346,-0.9537286036647856,-1.539632180472836,-0.0991453250171616,-0.2495670021744445,-0.044288400793448,-0.313580552348867,-0.0787173644639551,-0.1436081735882908,-1.96484927192796,-1.3820506143383682,1,Done,tetracene_a=7.4_b=5.8_theta=25.5_R3=2.1_R4=1.9_A1=-0.3_A2=0_cx=1.5_cy=-1.0_cz=13.3.log
1.6,-1.0,13.2,-0.5,0,7.4,5.8,25.5,2.1,1.9,-5.192948964890093,-0.887014250503853,-1.5961319259367883,-0.10700551525224,-0.2525075139710679,-0.0476794647984206,-0.3219239251920953,-0.0806802157312631,-0.1442030530888587,-1.8925626298878344,-1.469371768354904,1,Done,tetracene_a=7.4_b=5.8_theta=25.5_R3=2.1_R4=1.9_A1=-0.5_A2=0_cx=1.6_cy=-1.0_cz=13.2.log
1.5,-1.0,13.3,-1.0,0,7.4,5.8,25.5,2.1,1.9,-5.153093921893742,-1.0819866275414824,-1.4293937338516116,-0.1008571721613407,-0.238980908296071,-0.0470933703472837,-0.3187939052004367,-0.0788083532243035,-0.1431318934191949,-1.9465567279257807,-1.376044088625349,2,Done,tetracene_a=7.4_b=5.8_theta=25.5_R3=2.1_R4=1.9_A1=-1.0_A2=0_cx=1.5_cy=-1.0_cz=13.3.log
1.5,-1.0,13.4,-0.3,0,7.4,5.8,25.5,2.1,1.9,-5.065446462889668,-1.1016741262283176,-1.4861959390109405,-0.0923908073455095,-0.2342996837105602,-0.0401744452537968,-0.3011520892614499,-0.0745325002353638,-0.1370914822327904,-1.93613064911915,-1.289748285897076,1,Done,tetracene_a=7.4_b=5.8_theta=25.5_R3=2.1_R4=1.9_A1=-0.3_A2=0_cx=1.5_cy=-1.0_cz=13.4.log
1.6,-1.0,13.3,-0.5,0,7.4,5.8,25.5,2.1,1.9,-5.213486112246756,-1.0869665469508618,-1.5591853922232983,-0.0998744915705174,-0.2368636897299438,-0.0432090836111456,-0.3094477712875232,-0.0764683686429634,-0.1378407291485928,-1.929561247001402,-1.401842279767152,1,Done,tetracene_a=7.4_b=5.8_theta=25.5_R3=2.1_R4=1.9_A1=-0.5_A2=0_cx=1.6_cy=-1.0_cz=13.3.log
1.5,-1.0,13.4,-1.0,0,7.4,5.8,25.5,2.1,1.9,-5.052705186302774,-1.1749152110423893,-1.4209424291038886,-0.0942018013447523,-0.224139041849412,-0.0427974370541051,-0.3059249302605167,-0.0746159591362811,-0.136640929908026,-1.926302587613464,-1.283685284317471,2,Done,tetracene_a=7.4_b=5.8_theta=25.5_R3=2.1_R4=1.9_A1=-1.0_A2=0_cx=1.5_cy=-1.0_cz=13.4.log
1.6,-1.0,13.2,-0.3,0,7.4,5.8,25.5,2.1,1.9,-5.192336514999624,-0.8320807700511068,-1.6260403074556962,-0.1065650030504912,-0.2556563591351732,-0.0469302178826183,-0.3201279916102066,-0.080647585215047,-0.1443404777674004,-1.9029723932035267,-1.470675734221004,1,Done,tetracene_a=7.4_b=5.8_theta=25.5_R3=2.1_R4=1.9_A1=-0.3_A2=0_cx=1.6_cy=-1.0_cz=13.2.log
1.6,-1.0,13.2,-1.0,0,7.4,5.8,25.5,2.1,1.9,-5.176151463558199,-1.0133608790347353,-1.4998668719781565,-0.1079725082381628,-0.2446510886074975,-0.0496962819015607,-0.3261847181711346,-0.0807536344509571,-0.1438321946188807,-1.864837983099278,-1.4658614774234593,2,Done,tetracene_a=7.4_b=5.8_theta=25.5_R3=2.1_R4=1.9_A1=-1.0_A2=0_cx=1.6_cy=-1.0_cz=13.2.log
1.6,-1.0,13.4,-0.5,0,7.4,5.8,25.5,2.1,1.9,-5.110612436343217,-1.173571084451396,-1.4897702359594405,-0.0932530059944838,-0.2222502367803827,-0.0391879994422197,-0.2973117278888821,-0.0724692474468611,-0.1317030538921244,-1.930726533057168,-1.3180414566886611,1,Done,tetracene_a=7.4_b=5.8_theta=25.5_R3=2.1_R4=1.9_A1=-0.5_A2=0_cx=1.6_cy=-1.0_cz=13.4.log
1.6,-1.0,13.3,-1.0,0,7.4,5.8,25.5,2.1,1.9,-5.198525646061171,-1.1617293432354927,-1.5005044220015409,-0.100948788691312,-0.2293586700689047,-0.0450928686186671,-0.3133872791659087,-0.0765355121111497,-0.1374912059982307,-1.911211599537637,-1.3977766425232403,2,Done,tetracene_a=7.4_b=5.8_theta=25.5_R3=2.1_R4=1.9_A1=-1.0_A2=0_cx=1.6_cy=-1.0_cz=13.3.log
1.6,-1.0,13.3,-0.3,0,7.4,5.8,25.5,2.1,1.9,-5.213762844156008,-1.054098828113638,-1.575784286716953,-0.0994026041589677,-0.2398732276633381,-0.0425150574883446,-0.3077848698012531,-0.0764363655471243,-0.1379718787502497,-1.9363088620593767,-1.4033163008280098,1,Done,tetracene_a=7.4_b=5.8_theta=25.5_R3=2.1_R4=1.9_A1=-0.3_A2=0_cx=1.6_cy=-1.0_cz=13.3.log
1.7,-1.0,13.2,-0.5,0,7.4,5.8,25.5,2.1,1.9,-5.126010590640362,-1.023599332082085,-1.6483608384151012,-0.1069628446130082,-0.242248980444856,-0.0457818746799603,-0.3155019878176972,-0.0782461042981594,-0.138409253268037,-1.7702565382933244,-1.4478707657544874,1,Done,tetracene_a=7.4_b=5.8_theta=25.5_R3=2.1_R4=1.9_A1=-0.5_A2=0_cx=1.7_cy=-1.0_cz=13.2.log
1.6,-1.0,13.4,-1.0,0,7.4,5.8,25.5,2.1,1.9,-5.100219301879406,-1.2155885266838595,-1.458796342369169,-0.0944088795222342,-0.215076542343013,-0.0409425173420459,-0.3009274406358599,-0.0725332533475011,-0.1313711010152474,-1.9197871512151323,-1.3136576718534343,2,Done,tetracene_a=7.4_b=5.8_theta=25.5_R3=2.1_R4=1.9_A1=-1.0_A2=0_cx=1.6_cy=-1.0_cz=13.4.log
1.6,-1.0,13.4,-0.3,0,7.4,5.8,25.5,2.1,1.9,-5.110550626530312,-1.1550325565040112,-1.4969238500343636,-0.0927459779195487,-0.2251330177532509,-0.0385404092958197,-0.2957994288299232,-0.0724372442928142,-0.1318310658680275,-1.934571914258413,-1.3196227819425983,1,Done,tetracene_a=7.4_b=5.8_theta=25.5_R3=2.1_R4=1.9_A1=-0.3_A2=0_cx=1.6_cy=-1.0_cz=13.4.log
1.7,-1.0,13.3,-0.5,0,7.4,5.8,25.5,2.1,1.9,-5.1737474726105575,-1.163646386412438,-1.580252157873474,-0.099967363057658,-0.2271912504220381,-0.0414859411539509,-0.303481406182982,-0.0742262753774412,-0.1324165326659567,-1.8536268893512893,-1.4054655226645991,1,Done,tetracene_a=7.4_b=5.8_theta=25.5_R3=2.1_R4=1.9_A1=-0.5_A2=0_cx=1.7_cy=-1.0_cz=13.3.log
1.7,-1.0,13.2,-1.0,0,7.4,5.8,25.5,2.1,1.9,-5.108480471128132,-1.1293774377554655,-1.5833658624906093,-0.1078162580961361,-0.2344942118506878,-0.0476229889318347,-0.3200213148957118,-0.0783163855085149,-0.1380402773502282,-1.7350237343343906,-1.4457510369247757,2,Done,tetracene_a=7.4_b=5.8_theta=25.5_R3=2.1_R4=1.9_A1=-1.0_A2=0_cx=1.7_cy=-1.0_cz=13.2.log
1.7,-1.0,13.2,-0.3,0,7.4,5.8,25.5,2.1,1.9,-5.125957880169153,-0.9771422568010166,-1.666012694593519,-0.1065712785348296,-0.2453702152706682,-0.0451003988273441,-0.3136207128409296,-0.0782071987632662,-0.1385516980080865,-1.7836105786263945,-1.4486796263372526,1,Done,tetracene_a=7.4_b=5.8_theta=25.5_R3=2.1_R4=1.9_A1=-0.3_A2=0_cx=1.7_cy=-1.0_cz=13.2.log
1.7,-1.0,13.4,-0.5,0,7.4,5.8,25.5,2.1,1.9,-5.093144754413515,-1.212083255755715,-1.4896271637408065,-0.0934538093861192,-0.2131475765490904,-0.0376003992278128,-0.2918185053858906,-0.070416662201751,-0.1266610109596513,-1.8902471179608256,-1.3369546082685702,1,Done,tetracene_a=7.4_b=5.8_theta=25.5_R3=2.1_R4=1.9_A1=-0.5_A2=0_cx=1.7_cy=-1.0_cz=13.4.log
1.7,-1.0,13.3,-1.0,0,7.4,5.8,25.5,2.1,1.9,-5.159977706731297,-1.2255044396733863,-1.5459361460525542,-0.1009274533716961,-0.2198029477149248,-0.04319778829813,-0.3076493276748806,-0.0743003215175122,-0.1320676371688023,-1.8298072372563183,-1.402293459395878,2,Done,tetracene_a=7.4_b=5.8_theta=25.5_R3=2.1_R4=1.9_A1=-1.0_A2=0_cx=1.7_cy=-1.0_cz=13.3.log
1.7,-1.0,13.3,-0.3,0,7.4,5.8,25.5,2.1,1.9,-5.174055266135838,-1.136364134028554,-1.5876178701873869,-0.0995356362545862,-0.2301706678699702,-0.0408559209899976,-0.3017645388608798,-0.0741980374441482,-0.1325501924147829,-1.8625281187705696,-1.4066245334106495,1,Done,tetracene_a=7.4_b=5.8_theta=25.5_R3=2.1_R4=1.9_A1=-0.3_A2=0_cx=1.7_cy=-1.0_cz=13.3.log
1.7,-0.9,13.2,-0.5,0,7.4,5.8,25.5,2.1,1.9,-5.085803514812142,-1.17247105948627,-1.6192167637636885,-0.1035303649259731,-0.2651794508565217,-0.0438642039662227,-0.3346673982450738,-0.077425321447663,-0.1419239365495741,-1.664773989818059,-1.432215646374971,1,Done,tetracene_a=7.4_b=5.8_theta=25.5_R3=2.1_R4=1.9_A1=-0.5_A2=0_cx=1.7_cy=-0.9_cz=13.2.log
1.7,-1.0,13.4,-1.0,0,7.4,5.8,25.5,2.1,1.9,-5.08437875303207,-1.2464996692724526,-1.4765611505135894,-0.0944804154569283,-0.2061037769308313,-0.0391930196201428,-0.2956036457326263,-0.0704806680441834,-0.1263196454965509,-1.875307987327688,-1.3330496134003624,2,Done,tetracene_a=7.4_b=5.8_theta=25.5_R3=2.1_R4=1.9_A1=-1.0_A2=0_cx=1.7_cy=-1.0_cz=13.4.log
1.7,-1.0,13.4,-0.3,0,7.4,5.8,25.5,2.1,1.9,-5.0929175955825485,-1.1968284875620157,-1.4903651154600084,-0.0929919617483392,-0.2159864319255575,-0.0370180698810145,-0.2902434553252533,-0.0703846591641195,-0.1267840030486695,-1.8956769619253464,-1.3383552104933187,1,Done,tetracene_a=7.4_b=5.8_theta=25.5_R3=2.1_R4=1.9_A1=-0.3_A2=0_cx=1.7_cy=-1.0_cz=13.4.log
1.7,-0.9,13.3,-0.5,0,7.4,5.8,25.5,2.1,1.9,-5.158492390764877,-1.2754416854586452,-1.5688653615070507,-0.0968724837293848,-0.248404853628017,-0.0398029593052342,-0.321839838870801,-0.0734657332650385,-0.1357486108317971,-1.7922131131053902,-1.3814513423130848,1,Done,tetracene_a=7.4_b=5.8_theta=25.5_R3=2.1_R4=1.9_A1=-0.5_A2=0_cx=1.7_cy=-0.9_cz=13.3.log
1.7,-0.9,13.2,-1.0,0,7.4,5.8,25.5,2.1,1.9,-5.0469311530468985,-1.2695556415710598,-1.5317544200224802,-0.1044076238758862,-0.2567783470731228,-0.0456890030764043,-0.3397138337604701,-0.0775050150696188,-0.1415399006800726,-1.6237335808691569,-1.4302032217383385,2,Done,tetracene_a=7.4_b=5.8_theta=25.5_R3=2.1_R4=1.9_A1=-1.0_A2=0_cx=1.7_cy=-0.9_cz=13.2.log
1.7,-0.9,13.3,-1.0,0,7.4,5.8,25.5,2.1,1.9,-5.128585264261346,-1.3298468025168404,-1.5177207863889637,-0.097820023773238,-0.2404116312973201,-0.0415010013384744,-0.3264984730631113,-0.0735378970275633,-0.1353859099908732,-1.764400614949409,-1.378361483104527,2,Done,tetracene_a=7.4_b=5.8_theta=25.5_R3=2.1_R4=1.9_A1=-1.0_A2=0_cx=1.7_cy=-0.9_cz=13.3.log
1.7,-0.9,13.2,-0.3,0,7.4,5.8,25.5,2.1,1.9,-5.092954618856311,-1.1279454599134624,-1.6449321237159893,-0.1031350335106253,-0.2685541997198015,-0.0431864932179451,-0.3325853199930861,-0.0773870433331467,-0.1420670088846236,-1.680379536061082,-1.4329517155420035,1,Done,tetracene_a=7.4_b=5.8_theta=25.5_R3=2.1_R4=1.9_A1=-0.3_A2=0_cx=1.7_cy=-0.9_cz=13.2.log
1.7,-0.9,13.4,-0.5,0,7.4,5.8,25.5,2.1,1.9,-5.098290336492937,-1.295258451369591,-1.49020698282402,-0.0906400545500218,-0.2325489309150725,-0.0360843350645154,-0.3093197592534125,-0.0696987907285802,-0.1298060911358334,-1.8627810052712448,-1.308975192368962,1,Done,tetracene_a=7.4_b=5.8_theta=25.5_R3=2.1_R4=1.9_A1=-0.5_A2=0_cx=1.7_cy=-0.9_cz=13.4.log
1.7,-0.9,13.4,-1.0,0,7.4,5.8,25.5,2.1,1.9,-5.0777914672507904,-1.3232654775492847,-1.4653927275212482,-0.0916415604297071,-0.224953549914062,-0.0376656602602452,-0.3136395382462069,-0.069767816865351,-0.1294609605101868,-1.8451442092191428,-1.3051392236957329,2,Done,tetracene_a=7.4_b=5.8_theta=25.5_R3=2.1_R4=1.9_A1=-1.0_A2=0_cx=1.7_cy=-0.9_cz=13.4.log
1.7,-0.9,13.3,-0.3,0,7.4,5.8,25.5,2.1,1.9,-5.164081622264348,-1.2499321489594877,-1.582045581541024,-0.0964420118834823,-0.2516164497938007,-0.039177959319204,-0.3198907928308472,-0.0734243176411837,-0.1358841528999619,-1.8026661747135224,-1.382554504845757,1,Done,tetracene_a=7.4_b=5.8_theta=25.5_R3=2.1_R4=1.9_A1=-0.3_A2=0_cx=1.7_cy=-0.9_cz=13.3.log
1.7,-0.8,13.2,-0.5,0,7.4,5.8,25.5,2.1,1.9,-4.954258593847044,-1.2985767241334545,-1.5823367461562157,-0.1002095820149406,-0.2902861260809004,-0.0420569751877337,-0.3551292442716658,-0.076571907789912,-0.1454505429137498,-1.4904027661541477,-1.407535678066779,1,Done,tetracene_a=7.4_b=5.8_theta=25.5_R3=2.1_R4=1.9_A1=-0.5_A2=0_cx=1.7_cy=-0.8_cz=13.2.log
1.7,-0.8,13.2,-1.0,0,7.4,5.8,25.5,2.1,1.9,-4.894883597153239,-1.3897413769736886,-1.471881180885248,-0.1010793107561767,-0.2811784457881003,-0.0438667139969766,-0.3609788924222812,-0.0766522290068678,-0.1450552116148173,-1.4432541745482013,-1.4055590215721168,2,Done,tetracene_a=7.4_b=5.8_theta=25.5_R3=2.1_R4=1.9_A1=-1.0_A2=0_cx=1.7_cy=-0.8_cz=13.2.log
1.7,-0.9,13.4,-0.3,0,7.4,5.8,25.5,2.1,1.9,-5.101902283960953,-1.281770751345903,-1.4947903159772975,-0.0901945222867652,-0.2356074146227911,-0.0355032606748864,-0.3075137855485081,-0.0696649051387794,-0.1299328481545671,-1.8692619285429828,-1.3103525768965485,1,Done,tetracene_a=7.4_b=5.8_theta=25.5_R3=2.1_R4=1.9_A1=-0.3_A2=0_cx=1.7_cy=-0.9_cz=13.4.log
1.7,-0.8,13.3,-0.5,0,7.4,5.8,25.5,2.1,1.9,-5.066861498053186,-1.3694012677296996,-1.5509261055849493,-0.0938453755807131,-0.2718586673727259,-0.0381751984823495,-0.3413503797492012,-0.0726656580227427,-0.1390938666299916,-1.6709235878079198,-1.351399888342712,1,Done,tetracene_a=7.4_b=5.8_theta=25.5_R3=2.1_R4=1.9_A1=-0.5_A2=0_cx=1.7_cy=-0.8_cz=13.3.log
1.7,-0.8,13.3,-1.0,0,7.4,5.8,25.5,2.1,1.9,-5.021325607260224,-1.4183671282371506,-1.4822978468146175,-0.0947778553236275,-0.2631965192267671,-0.0398594351718202,-0.3467457108199596,-0.0727434693253599,-0.1387217531446367,-1.638877279649023,-1.3483608573442325,2,Done,tetracene_a=7.4_b=5.8_theta=25.5_R3=2.1_R4=1.9_A1=-1.0_A2=0_cx=1.7_cy=-0.8_cz=13.3.log
1.7,-0.8,13.2,-0.3,0,7.4,5.8,25.5,2.1,1.9,-4.9683386632823385,-1.2549095582216978,-1.6163829287979752,-0.0998042105929926,-0.2939432543935254,-0.0413905596360564,-0.3527346663177013,-0.0765342572121881,-0.1455942427273839,-1.5083941053017045,-1.4082334690610878,1,Done,tetracene_a=7.4_b=5.8_theta=25.5_R3=2.1_R4=1.9_A1=-0.3_A2=0_cx=1.7_cy=-0.8_cz=13.2.log
1.7,-0.8,13.4,-0.5,0,7.4,5.8,25.5,2.1,1.9,-5.040091293747537,-1.3644376636948436,-1.4856713406043127,-0.087876500445418,-0.2543498831801116,-0.0346260017249733,-0.3279793966794386,-0.0689501712913625,-0.1329662315547466,-1.7834135403390974,-1.277290957397781,1,Done,tetracene_a=7.4_b=5.8_theta=25.5_R3=2.1_R4=1.9_A1=-0.5_A2=0_cx=1.7_cy=-0.8_cz=13.4.log
1.7,-0.8,13.4,-1.0,0,7.4,5.8,25.5,2.1,1.9,-5.007824729953427,-1.3874158249236643,-1.4481010620947927,-0.0888554160483181,-0.2461269922787323,-0.0361897567054256,-0.3328802498290315,-0.0690198249649256,-0.1326179634197615,-1.7629096512682736,-1.2734926393604835,2,Done,tetracene_a=7.4_b=5.8_theta=25.5_R3=2.1_R4=1.9_A1=-1.0_A2=0_cx=1.7_cy=-0.8_cz=13.4.log
1.7,-0.8,13.3,-0.3,0,7.4,5.8,25.5,2.1,1.9,-5.077680397662334,-1.3448204459855333,-1.5703174194786698,-0.0934249437414109,-0.2753426028648391,-0.037550198379904,-0.3391641349298879,-0.0726292623439803,-0.1392319189035333,-1.6830332757672295,-1.3524760679574683,1,Done,tetracene_a=7.4_b=5.8_theta=25.5_R3=2.1_R4=1.9_A1=-0.3_A2=0_cx=1.7_cy=-0.8_cz=13.3.log
1.4,-0.9,13.2,-0.7,0,7.4,5.8,25.5,2.1,1.9,-5.060206754424144,-0.7689294186420739,-1.2122564484598115,-0.1036508468678221,-0.2950815573567524,-0.0506438220618292,-0.3571962622227147,-0.0847728360095061,-0.1606337748235091,-2.0097507499158382,-1.411170215869788,1,Done,tetracene_a=7.4_b=5.8_theta=25.5_R3=2.1_R4=1.9_A1=-0.7_A2=0_cx=1.4_cy=-0.9_cz=13.2.log
1.5,-0.8,13.3,-0.7,0,7.4,5.8,25.5,2.1,1.9,-5.224050870689098,-1.2530232632998377,-1.361374159809202,-0.0939194216625765,-0.2911922504426911,-0.0423883005278185,-0.3580961116822436,-0.0770563454716466,-0.1509814161690883,-1.9764538142480887,-1.3195625410880891,2,Done,tetracene_a=7.4_b=5.8_theta=25.5_R3=2.1_R4=1.9_A1=-0.7_A2=0_cx=1.5_cy=-0.8_cz=13.3.log
1.7,-0.8,13.4,-0.3,0,7.4,5.8,25.5,2.1,1.9,-5.047551132447552,-1.352085756836459,-1.4945443321485072,-0.0874397533480078,-0.2576618811581284,-0.0340461824089288,-0.3259726196993142,-0.0689150306279771,-0.133102401101496,-1.7910170790855773,-1.2786413588328287,1,Done,tetracene_a=7.4_b=5.8_theta=25.5_R3=2.1_R4=1.9_A1=-0.3_A2=0_cx=1.7_cy=-0.8_cz=13.4.log
1.4,-0.9,13.3,-0.7,0,7.4,5.8,25.5,2.1,1.9,-5.11548536515329,-1.0459160975879058,-1.3204956484260038,-0.0966741906013339,-0.276631508488208,-0.0460705292643979,-0.342577789328061,-0.0802033079671673,-0.1532611598959192,-2.001210338785313,-1.3166276766569354,1,Done,tetracene_a=7.4_b=5.8_theta=25.5_R3=2.1_R4=1.9_A1=-0.7_A2=0_cx=1.4_cy=-0.9_cz=13.3.log
1.4,-0.9,13.4,-0.7,0,7.4,5.8,25.5,2.1,1.9,-5.039714160724543,-1.1810842617414892,-1.3574635175755247,-0.0902045624097809,-0.2591415498172864,-0.04186495707836,-0.3283872781321406,-0.0758741167373955,-0.146157119248528,-1.9677665659110064,-1.2208432954503223,2,Done,tetracene_a=7.4_b=5.8_theta=25.5_R3=2.1_R4=1.9_A1=-0.7_A2=0_cx=1.4_cy=-0.9_cz=13.4.log
1.4,-0.8,13.2,-0.7,0,7.4,5.8,25.5,2.1,1.9,-5.065732607443351,-0.9010554142296314,-1.0806148905539883,-0.1002033067634329,-0.3228187545901164,-0.0487023062305524,-0.3805860700085759,-0.083793292811606,-0.1649397484143264,-2.0205338817322627,-1.3794753132970072,2,Done,tetracene_a=7.4_b=5.8_theta=25.5_R3=2.1_R4=1.9_A1=-0.7_A2=0_cx=1.4_cy=-0.8_cz=13.2.log
1.4,-0.8,13.3,-0.7,0,7.4,5.8,25.5,2.1,1.9,-5.144283681875095,-1.1446585613302886,-1.2322024813620374,-0.0935692711500451,-0.3025301010347903,-0.0443172662053257,-0.3649535408476367,-0.0792852611048147,-0.1573456225451082,-2.031654613907449,-1.284882573352661,2,Done,tetracene_a=7.4_b=5.8_theta=25.5_R3=2.1_R4=1.9_A1=-0.7_A2=0_cx=1.4_cy=-0.8_cz=13.3.log
1.4,-0.8,13.4,-0.7,0,7.4,5.8,25.5,2.1,1.9,-5.08644985005958,-1.2555345580913126,-1.3004956496879458,-0.0874071229482069,-0.2832667990587652,-0.0402823770418763,-0.3497314032865688,-0.0750150554813444,-0.1500238357693888,-2.01292657799786,-1.190125425753649,2,Done,tetracene_a=7.4_b=5.8_theta=25.5_R3=2.1_R4=1.9_A1=-0.7_A2=0_cx=1.4_cy=-0.8_cz=13.4.log
1.4,-0.7,13.2,-0.7,0,7.4,5.8,25.5,2.1,1.9,-5.023144445149228,-1.0041841726051643,-0.942852600477636,-0.0968618161277845,-0.3540461621014401,-0.0468097359407693,-0.4056161887710914,-0.082767313986551,-0.1692444671061821,-2.0009662373922765,-1.3449810886522755,2,Done,tetracene_a=7.4_b=5.8_theta=25.5_R3=2.1_R4=1.9_A1=-0.7_A2=0_cx=1.4_cy=-0.7_cz=13.2.log
1.4,-0.7,13.3,-0.7,0,7.4,5.8,25.5,2.1,1.9,-5.13314161420567,-1.2197702531702816,-1.1390611720271409,-0.0905597331002354,-0.3310981213580817,-0.0426029089139774,-0.3888390816282481,-0.0783289357786998,-0.1614357327343896,-2.036192766216118,-1.2512185443774797,2,Done,tetracene_a=7.4_b=5.8_theta=25.5_R3=2.1_R4=1.9_A1=-0.7_A2=0_cx=1.4_cy=-0.7_cz=13.3.log
1.4,-0.7,13.4,-0.7,0,7.4,5.8,25.5,2.1,1.9,-5.100021008925978,-1.3108370144618675,-1.2390674408525229,-0.0846849844092503,-0.3097414460498839,-0.0387575275963172,-0.3725577070144936,-0.074119598721154,-0.1538987099775113,-2.036074794479646,-1.1581048455554992,2,Done,tetracene_a=7.4_b=5.8_theta=25.5_R3=2.1_R4=1.9_A1=-0.7_A2=0_cx=1.4_cy=-0.7_cz=13.4.log
1.5,-0.9,13.2,-0.7,0,7.4,5.8,25.5,2.1,1.9,-5.183150396216661,-0.9477747888304292,-1.3742494100006295,-0.1038566699717193,-0.2840499315643683,-0.0485090330475941,-0.3505961121991277,-0.082295426458586,-0.1541095534339547,-1.953586094779893,-1.438641348737292,2,Done,tetracene_a=7.4_b=5.8_theta=25.5_R3=2.1_R4=1.9_A1=-0.7_A2=0_cx=1.5_cy=-0.9_cz=13.2.log
1.5,-0.9,13.3,-0.7,0,7.4,5.8,25.5,2.1,1.9,-5.217666583601385,-1.1522501772269609,-1.425809396663681,-0.0969929656712338,-0.2661935070063919,-0.044095127726905,-0.3365210627671331,-0.0779317218693904,-0.1471579975332133,-1.980530119268224,-1.3511156263994053,2,Done,tetracene_a=7.4_b=5.8_theta=25.5_R3=2.1_R4=1.9_A1=-0.7_A2=0_cx=1.5_cy=-0.9_cz=13.3.log
1.5,-0.9,13.4,-0.7,0,7.4,5.8,25.5,2.1,1.9,-5.127129440952558,-1.238014479051344,-1.4214883628301322,-0.0906149541260674,-0.249274582369253,-0.0400451781461015,-0.322866445290856,-0.0737920384854078,-0.1404517981573008,-1.973836469987873,-1.2578971334150992,2,Done,tetracene_a=7.4_b=5.8_theta=25.5_R3=2.1_R4=1.9_A1=-0.7_A2=0_cx=1.5_cy=-0.9_cz=13.4.log
1.5,-0.8,13.2,-0.7,0,7.4,5.8,25.5,2.1,1.9,-5.163165457721334,-1.0821485250489786,-1.2753563441801816,-0.1004455256043002,-0.3108207632321864,-0.0466152079170569,-0.3731726668775081,-0.081357926595956,-0.1581494627171196,-1.9209888328332447,-1.4083897191449068,2,Done,tetracene_a=7.4_b=5.8_theta=25.5_R3=2.1_R4=1.9_A1=-0.7_A2=0_cx=1.5_cy=-0.8_cz=13.2.log
1.5,-0.8,13.4,-0.7,0,7.4,5.8,25.5,2.1,1.9,-5.154603083734401,-1.313608098658733,-1.3824133151210845,-0.0878300647018477,-0.2725577135570347,-0.0385077785467729,-0.343392297392711,-0.072971255343873,-0.1440800611744634,-1.991623240930494,-1.2267738922964782,2,Done,tetracene_a=7.4_b=5.8_theta=25.5_R3=2.1_R4=1.9_A1=-0.7_A2=0_cx=1.5_cy=-0.8_cz=13.4.log
1.5,-0.7,13.2,-0.7,0,7.4,5.8,25.5,2.1,1.9,-5.081820081395563,-1.1891427451046184,-1.1709361700341103,-0.0971448230557143,-0.3409437531372532,-0.0447778585366904,-0.3972527356818318,-0.0803821485023945,-0.1621881171595305,-1.8445217193802816,-1.3746290535782464,2,Done,tetracene_a=7.4_b=5.8_theta=25.5_R3=2.1_R4=1.9_A1=-0.7_A2=0_cx=1.5_cy=-0.7_cz=13.2.log
1.5,-0.7,13.3,-0.7,0,7.4,5.8,25.5,2.1,1.9,-5.17874590359861,-1.3316088505089283,-1.2920631703455,-0.0909274540608748,-0.3187261342536658,-0.0407228888943791,-0.3811608691466972,-0.0761395533918403,-0.1548211497138254,-1.9344570800894871,-1.2857234367984347,2,Done,tetracene_a=7.4_b=5.8_theta=25.5_R3=2.1_R4=1.9_A1=-0.7_A2=0_cx=1.5_cy=-0.7_cz=13.3.log
1.5,-0.7,13.4,-0.7,0,7.4,5.8,25.5,2.1,1.9,-5.138562673237175,-1.3714431854896247,-1.338672103011049,-0.0851054162485525,-0.2980823102407157,-0.0370230899425223,-0.3654781393706798,-0.072118469281122,-0.1477095789159648,-1.9767368211760183,-1.194095681712497,2,Done,tetracene_a=7.4_b=5.8_theta=25.5_R3=2.1_R4=1.9_A1=-0.7_A2=0_cx=1.5_cy=-0.7_cz=13.4.log
1.6,-0.9,13.2,-0.7,0,7.4,5.8,25.5,2.1,1.9,-5.194806394109037,-1.0959035442210734,-1.4994476950960234,-0.1039382463786751,-0.2729329643771052,-0.0464809206314384,-0.343744957819581,-0.0798569225589744,-0.1478250406798906,-1.8381229998194613,-1.447777266788762,2,Done,tetracene_a=7.4_b=5.8_theta=25.5_R3=2.1_R4=1.9_A1=-0.7_A2=0_cx=1.6_cy=-0.9_cz=13.2.log
1.6,-0.9,13.3,-0.7,0,7.4,5.8,25.5,2.1,1.9,-5.234776271448936,-1.2359700513770804,-1.5028764097951353,-0.0971900038421154,-0.2556927546393126,-0.0422188726952299,-0.3302309026475996,-0.0756915112724527,-0.1412675614119507,-1.91150088160066,-1.3742268196656369,2,Done,tetracene_a=7.4_b=5.8_theta=25.5_R3=2.1_R4=1.9_A1=-0.7_A2=0_cx=1.6_cy=-0.9_cz=13.3.log
1.6,-0.9,13.4,-0.7,0,7.4,5.8,25.5,2.1,1.9,-5.14926799380919,-1.279391233343631,-1.4631060811225325,-0.0909061186248436,-0.2393724746070802,-0.0383195255417376,-0.3171134334988892,-0.0717413359088823,-0.1349510455038398,-1.940422190178652,-1.288048988848459,2,Done,tetracene_a=7.4_b=5.8_theta=25.5_R3=2.1_R4=1.9_A1=-0.7_A2=0_cx=1.6_cy=-0.9_cz=13.4.log
1.6,-0.8,13.2,-0.7,0,7.4,5.8,25.5,2.1,1.9,-5.127550500037614,-1.2275827527046204,-1.429049858241342,-0.1005697725340724,-0.2987324106507003,-0.0446347864344716,-0.3654655889840796,-0.078960838378407,-0.1515938658267259,-1.744128904363606,-1.419849306694232,2,Done,tetracene_a=7.4_b=5.8_theta=25.5_R3=2.1_R4=1.9_A1=-0.7_A2=0_cx=1.6_cy=-0.8_cz=13.2.log
1.6,-0.8,13.3,-0.7,0,7.4,5.8,25.5,2.1,1.9,-5.200026022677776,-1.33444770576898,-1.459673601319082,-0.0941440702881664,-0.2797841186402365,-0.0405534612946212,-0.3509337125578895,-0.0748525303206406,-0.1448462508269585,-1.857353043742478,-1.3432058628532104,2,Done,tetracene_a=7.4_b=5.8_theta=25.5_R3=2.1_R4=1.9_A1=-0.7_A2=0_cx=1.6_cy=-0.8_cz=13.3.log
1.6,-0.8,13.4,-0.7,0,7.4,5.8,25.5,2.1,1.9,-5.141281046380755,-1.352513718768023,-1.4400802290765569,-0.0881237394642084,-0.2617921518394723,-0.0368210317101329,-0.3367670467123389,-0.0709594581858255,-0.13834273716202,-1.9173009566147807,-1.2566289356327616,2,Done,tetracene_a=7.4_b=5.8_theta=25.5_R3=2.1_R4=1.9_A1=-0.7_A2=0_cx=1.6_cy=-0.8_cz=13.4.log
1.6,-0.7,13.2,-0.7,0,7.4,5.8,25.5,2.1,1.9,-4.982386729272548,-1.333985858480446,-1.3532579455059022,-0.0973054656060412,-0.3277058023959398,-0.0428413626505062,-0.3886759288143366,-0.0780314959120005,-0.1553815160878002,-1.5894790650345385,-1.3876084705116227,2,Done,tetracene_a=7.4_b=5.8_theta=25.5_R3=2.1_R4=1.9_A1=-0.7_A2=0_cx=1.6_cy=-0.7_cz=13.2.log
1.6,-0.7,13.3,-0.7,0,7.4,5.8,25.5,2.1,1.9,-5.098875803058036,-1.4125476003391668,-1.4114620081381872,-0.0911633977666497,-0.3062713156687096,-0.0389357404783368,-0.3731952572707087,-0.0739865665673278,-0.1484368630335666,-1.7501216247328557,-1.309543088893406,2,Done,tetracene_a=7.4_b=5.8_theta=25.5_R3=2.1_R4=1.9_A1=-0.7_A2=0_cx=1.6_cy=-0.7_cz=13.3.log
1.6,-0.7,13.4,-0.7,0,7.4,5.8,25.5,2.1,1.9,-5.076753565575928,-1.4095568875782192,-1.412247650558129,-0.0853953257901594,-0.2863692085957154,-0.0353827788494527,-0.3580609711352736,-0.0701436953386291,-0.1417425863910466,-1.8479052531183693,-1.2234556194744073,2,Done,tetracene_a=7.4_b=5.8_theta=25.5_R3=2.1_R4=1.9_A1=-0.7_A2=0_cx=1.6_cy=-0.7_cz=13.4.log
1.5,-1.0,13.2,-0.7,0,7.4,5.8,25.5,2.1,1.9,-5.145373038831167,-0.7856450299732387,-1.4638214425649494,-0.1073770010843873,-0.259597121970728,-0.0505484405439347,-0.3296636334853247,-0.0831921382341533,-0.1500916067743674,-1.951035266625695,-1.4627276923856698,2,Done,tetracene_a=7.4_b=5.8_theta=25.5_R3=2.1_R4=1.9_A1=-0.7_A2=0_cx=1.5_cy=-1.0_cz=13.2.log
1.5,-1.0,13.3,-0.7,0,7.4,5.8,25.5,2.1,1.9,-5.1649005230283365,-1.0297401450807229,-1.4824020136147738,-0.100163146154955,-0.2435190607793629,-0.0458446255652233,-0.3166340158786624,-0.0787744678091257,-0.1433465019217692,-1.9548693528631704,-1.378758696897421,2,Done,tetracene_a=7.4_b=5.8_theta=25.5_R3=2.1_R4=1.9_A1=-0.7_A2=0_cx=1.5_cy=-1.0_cz=13.3.log
1.5,-1.0,13.4,-0.7,0,7.4,5.8,25.5,2.1,1.9,-5.062013983551879,-1.145294856512919,-1.4536005596164614,-0.0934651044663041,-0.2284914512420073,-0.041631523403339,-0.3039558039745316,-0.0745845836936496,-0.1368467533611692,-1.930924198648427,-1.2864387982408516,2,Done,tetracene_a=7.4_b=5.8_theta=25.5_R3=2.1_R4=1.9_A1=-0.7_A2=0_cx=1.5_cy=-1.0_cz=13.4.log
1.6,-1.0,13.2,-0.7,0,7.4,5.8,25.5,2.1,1.9,-5.189369647589047,-0.9394540060311556,-1.5612850406905636,-0.107410886674188,-0.2493636887520551,-0.0484613422304391,-0.3236621279502287,-0.0807097086217254,-0.1440612357109785,-1.8817650653072635,-1.468015091784764,2,Done,tetracene_a=7.4_b=5.8_theta=25.5_R3=2.1_R4=1.9_A1=-0.7_A2=0_cx=1.6_cy=-1.0_cz=13.2.log
1.6,-1.0,13.3,-0.7,0,7.4,5.8,25.5,2.1,1.9,-5.209936915780418,-1.1181123782880604,-1.5386607950786129,-0.1003237887052819,-0.2338554068701341,-0.0439357402501627,-0.3110592170851305,-0.0764997441438026,-0.1377051869640126,-1.9224779141368344,-1.4002804073970765,2,Done,tetracene_a=7.4_b=5.8_theta=25.5_R3=2.1_R4=1.9_A1=-0.7_A2=0_cx=1.6_cy=-1.0_cz=13.3.log
1.6,-1.0,13.4,-0.7,0,7.4,5.8,25.5,2.1,1.9,-5.108273392776027,-1.1910905360709876,-1.4796698350692168,-0.093738698749803,-0.2193749858997762,-0.0398682203376665,-0.2987888866337016,-0.0724962303065694,-0.1315737866680137,-1.926574299344793,-1.3163634950760752,2,Done,tetracene_a=7.4_b=5.8_theta=25.5_R3=2.1_R4=1.9_A1=-0.7_A2=0_cx=1.6_cy=-1.0_cz=13.4.log
1.7,-1.0,13.2,-0.7,0,7.4,5.8,25.5,2.1,1.9,-5.122020254551899,-1.0676643394399434,-1.6259662613738328,-0.1073217802913859,-0.2391428060363978,-0.0464897057972848,-0.3173418472288176,-0.0782749698846601,-0.1382668084697798,-1.7564745360868983,-1.4470405700267293,2,Done,tetracene_a=7.4_b=5.8_theta=25.5_R3=2.1_R4=1.9_A1=-0.7_A2=0_cx=1.7_cy=-1.0_cz=13.2.log
1.7,-1.0,13.3,-0.7,0,7.4,5.8,25.5,2.1,1.9,-5.170490382181015,-1.189447714947164,-1.5693246986484155,-0.1003714796388521,-0.2242218733299523,-0.0421435716561973,-0.3051719182403758,-0.0742582784150727,-0.1322822455549612,-1.8443629593239168,-1.4042462706565857,2,Done,tetracene_a=7.4_b=5.8_theta=25.5_R3=2.1_R4=1.9_A1=-0.7_A2=0_cx=1.7_cy=-1.0_cz=13.3.log
1.7,-1.0,13.4,-0.7,0,7.4,5.8,25.5,2.1,1.9,-5.091276657010894,-1.2264933953993022,-1.4864130574278531,-0.0938893011771142,-0.2103175066877156,-0.038215358974412,-0.2933559049852192,-0.0704436450032517,-0.126529233821202,-1.884503518929705,-1.335457996930927,2,Done,tetracene_a=7.4_b=5.8_theta=25.5_R3=2.1_R4=1.9_A1=-0.7_A2=0_cx=1.7_cy=-1.0_cz=13.4.log
1.7,-0.9,13.2,-0.7,0,7.4,5.8,25.5,2.1,1.9,-5.073833134025335,-1.213685916387476,-1.588207729626447,-0.1039043609052896,-0.2618122323183343,-0.0445682702120393,-0.3367105708457529,-0.0774617168935947,-0.1417777268216014,-1.6487059687497094,-1.4314431814127602,2,Done,tetracene_a=7.4_b=5.8_theta=25.5_R3=2.1_R4=1.9_A1=-0.7_A2=0_cx=1.7_cy=-0.9_cz=13.2.log
1.7,-0.9,13.3,-0.7,0,7.4,5.8,25.5,2.1,1.9,-5.14923724590335,-1.2987373666837811,-1.5515749509213492,-0.0972766001941636,-0.2451982774073258,-0.0404593347338959,-0.3237399390200153,-0.0734933437197469,-0.1356074211071245,-1.781371622986626,-1.3802716236095876,2,Done,tetracene_a=7.4_b=5.8_theta=25.5_R3=2.1_R4=1.9_A1=-0.7_A2=0_cx=1.7_cy=-0.9_cz=13.3.log
1.7,-0.9,13.4,-0.7,0,7.4,5.8,25.5,2.1,1.9,-5.092067319783382,-1.3073944946518168,-1.4826479974435642,-0.0910642511444166,-0.2294979771832004,-0.0366930197924375,-0.3110792973311618,-0.0697282836772501,-0.1296680389204993,-1.8559706393280069,-1.3075118390843272,2,Done,tetracene_a=7.4_b=5.8_theta=25.5_R3=2.1_R4=1.9_A1=-0.7_A2=0_cx=1.7_cy=-0.9_cz=13.4.log
1.7,-0.8,13.2,-0.7,0,7.4,5.8,25.5,2.1,1.9,-4.934604352805764,-1.338048358215019,-1.542494881316088,-0.1005760476691648,-0.2866377829341218,-0.0427572764456272,-0.3574937022058293,-0.076610185788013,-0.1452949203667231,-1.4719138114596717,-1.4067814107984304,2,Done,tetracene_a=7.4_b=5.8_theta=25.5_R3=2.1_R4=1.9_A1=-0.7_A2=0_cx=1.7_cy=-0.8_cz=13.2.log
1.7,-0.8,13.3,-0.7,0,7.4,5.8,25.5,2.1,1.9,-5.051777412532829,-1.3910265173763037,-1.52694141829852,-0.0942444718675687,-0.2683835169300437,-0.038826553733088,-0.3435278394026682,-0.0726964059867896,-0.1389501668163575,-1.658409783442039,-1.3502458974835465,2,Done,tetracene_a=7.4_b=5.8_theta=25.5_R3=2.1_R4=1.9_A1=-0.7_A2=0_cx=1.7_cy=-0.8_cz=13.3.log
1.7,-0.8,13.4,-0.7,0,7.4,5.8,25.5,2.1,1.9,-5.029503945203032,-1.3748932352755219,-1.47333951422479,-0.08829191199038178,-0.2510479256743565,-0.03522715636063367,-0.3299535431433469,-0.06898405682295561,-0.13283319934271276,-1.775470518914517,-1.2758395267883316,2,Done,tetracene_a=7.4_b=5.8_theta=25.5_R3=2.1_R4=1.9_A1=-0.7_A2=0_cx=1.7_cy=-0.8_cz=13.4.log
